"Rank","Name","Symbol","marketcap","price (USD)","country"
"1","NVIDIA","NVDA","5434765213696","225.07","United States"
"2","Apple","AAPL","4977636933632","341.07","United States"
"3","Alphabet (Google)","GOOG","4171386060800","341.08","United States"
"4","Microsoft","MSFT","3832843862016","516.17","United States"
"5","Amazon","AMZN","2693018681344","249.67","United States"
"6","TSMC","TSM","2337076936704","450.61","Taiwan"
"7","SpaceX","SPCX","1959866925056","148.68","United States"
"8","Meta Platforms (Facebook)","META","1914858373120","751.66","United States"
"9","Broadcom","AVGO","1684184367104","352.81","United States"
"10","Saudi Aramco","2222.SR","1645926724133","6.80395","Saudi Arabia"
"11","Tesla","TSLA","1469666033664","372.11","United States"
"12","Samsung","005930.KS","1304154668651","198.605","South Korea"
"13","Micron Technology","MU","1222319669248","1082.28","United States"
"14","Berkshire Hathaway","BRK-B","1082085998592","505.48","United States"
"15","Eli Lilly","LLY","1055340232704","1183.46","United States"
"16","AMD","AMD","1029487722496","630.63","United States"
"17","SK Hynix","000660.KS","923164410822","1300.5","South Korea"
"18","JPMorgan Chase","JPM","911917383680","343.06","United States"
"19","Walmart","WMT","859313405952","107.98","United States"
"20","Visa","V","689702764544","367.38","United States"
"21","ASML","ASML","669847322624","1743.94","Netherlands"
"22","Exxon Mobil","XOM","660331954176","160.59","United States"
"23","Johnson & Johnson","JNJ","653612679168","271.22","United States"
"24","Intel","INTC","650190913536","123","United States"
"25","CXMT","688825.SS","568753201682","8.03153","China"
"26","Tencent","TCEHY","502686450000","55.65","China"
"27","Mastercard","MA","497267048448","567.65","United States"
"28","AbbVie","ABBV","467119767552","264.34","United States"
"29","Palantir","PLTR","455788101632","189.67","United States"
"30","China Construction Bank","601939.SS","429582944575","1.64213","China"
"31","Cisco","CSCO","420674011136","106.7","United States"
"32","Oracle","ORCL","414554226688","137.1","United States"
"33","Costco","COST","409030328320","922.765","United States"
"34","Chevron","CVX","401049780224","204.45","United States"
"35","Bank of America","BAC","396488835072","56.7","United States"
"36","Lam Research","LRCX","394461478912","315.21","United States"
"37","Applied Materials","AMAT","384894763008","485","United States"
"38","Coca-Cola","KO","377806815232","87.81","United States"
"39","Caterpillar","CAT","377659686912","821.58","United States"
"40","Merck","MRK","367065792512","148.78","United States"
"41","Agricultural Bank of China","601288.SS","358415773603","1.02409","China"
"42","Dell","DELL","357892653056","562.89","United States"
"43","Roche","RO.SW","353594326839","443.787","Switzerland"
"44","ICBC","1398.HK","350075817756","0.982238","China"
"45","HSBC","HSBC","345381994496","100.95","United Kingdom"
"46","Procter & Gamble","PG","339644383232","146.23","United States"
"47","General Electric","GE","339376308224","327.09","United States"
"48","UnitedHealth","UNH","338025218048","376.59","United States"
"49","Arm Holdings","ARM","331421319168","310.32","United Kingdom"
"50","Bank of China","601988.SS","318912648771","0.989759","China"
"51","Morgan Stanley","MS","308317847552","196.31","United States"
"52","Palo Alto Networks","PANW","306537299968","374.74","United States"
"53","Philip Morris International","PM","296884666368","190.48","United States"
"54","Netflix","NFLX","296243462144","71.145","United States"
"55","Home Depot","HD","292522590208","293.2","United States"
"56","Royal Bank Of Canada","RY","279627137024","201.98","Canada"
"57","Novartis","NVS","276478001152","145.46","Switzerland"
"58","Shell","SHEL","273189879808","95.78","United Kingdom"
"59","Alibaba","BABA","272854040576","109.74","China"
"60","Goldman Sachs","GS","272376283136","935.45","United States"
"61","MediaTek","2454.TW","265432826075","166.19","Taiwan"
"62","Mitsubishi UFJ Financial","MUFG","264285356032","23.48","Japan"
"63","Arista Networks","ANET","260505960448","206.55","United States"
"64","Sandisk","SNDK","260303716352","1777.8","United States"
"65","AstraZeneca","AZN","258348236800","166.58","United Kingdom"
"66","CrowdStrike","CRWD","258164703232","252.13","United States"
"67","RTX","RTX","255265374208","189.4","United States"
"68","GE Vernova","GEV","255049023488","957.63","United States"
"69","Texas Instruments","TXN","253946789888","278.07","United States"
"70","Wells Fargo","WFC","250901217280","82.97","United States"
"71","Thermo Fisher Scientific","TMO","249579421696","675","United States"
"72","Siemens","SIE.DE","248031891545","317.882","Germany"
"73","KLA","KLAC","245236809728","187.92","United States"
"74","SAP","SAP","243167756288","210.68","Germany"
"75","Nestlé","NESN.SW","239656840119","93.1712","Switzerland"
"76","Marvell Technology","MRVL","235402199040","261.935","United States"
"77","L'Oréal","OR.PA","233000210293","437.436","France"
"78","Kweichow Moutai","600519.SS","232130835140","185.693","China"
"79","SoftBank Group Corp.","9984.T","226648716075","39.7704","Japan"
"80","PetroChina","0857.HK","226316770311","1.23656","China"
"81","Toyota","TM","225397473280","190.34","Japan"
"82","Citigroup","C","225246216192","134.28","United States"
"83","Amgen","AMGN","224151420928","414.61","United States"
"84","LVMH","MC.PA","223042779127","452.451","France"
"85","China Mobile","0941.HK","219066875273","10.1028","China"
"86","International Holding Company","IHC.AE","217215868616","99.03","United Arab Emirates"
"87","Linde","LIN","216609980416","469.89","United Kingdom"
"88","BHP Group","BHP","215949295616","84.97","Australia"
"89","QUALCOMM","QCOM","215716184064","201.97","United States"
"90","IBM","IBM","212460716032","225.51","United States"
"91","Santander","SAN","209038163968","14.42","Spain"
"92","American Express","AXP","208596467712","308.89","United States"
"93","Seagate Technology","STX","208480731136","916.83","Ireland"
"94","Amphenol","APH","207363145728","84.09","United States"
"95","CATL","300750.SZ","201700453897","43.5897","China"
"96","TotalEnergies","TTE","200820064256","90.94","France"
"97","Toronto Dominion Bank","TD","197686345728","120.65","Canada"
"98","Verizon","VZ","195606822912","47.08","United States"
"99","Salesforce","CRM","192598458368","234.02","United States"
"100","Analog Devices","ADI","190724980736","393.6","United States"
"101","Inditex","ITX.MC","189430550255","60.8122","Spain"
"102","Schneider Electric","SU.PA","187329201207","332.556","France"
"103","Gilead Sciences","GILD","187146436608","150.93","United States"
"104","Deere &amp; Company (John Deere)","DE","186165559296","690.46","United States"
"105","Shopify","SHOP","184591368192","142.25","Canada"
"106","Walt Disney","DIS","183287808000","106.15","United States"
"107","Allianz SE","ALV.DE","182988993859","482.456","Germany"
"108","KIOXIA Holdings Corporation","285A.T","180914866283","339.743","Japan"
"109","Prosus","PRX.AS","179952850319","41.1842","Netherlands"
"110","Commonwealth Bank","CBA.AX","177728052005","106.307","Australia"
"111","T-Mobile US","TMUS","177452056576","165.43","United States"
"112","BlackRock","BLK","176499523584","1086.31","United States"
"113","Pepsico","PEP","175708585984","128.63","United States"
"114","Abbott Laboratories","ABT","175270526976","101.29","United States"
"115","ABB","ABBN.SW","175253010680","96.8153","Switzerland"
"116","Airbus","AIR.PA","175114278178","221.249","Netherlands"
"117","Foxconn Industrial Internet","601138.SS","174546011793","8.79587","China"
"118","AT&T","T","173913538560","25.38","United States"
"119","DBS Group","D05.SI","173727136826","61.0855","Singapore"
"120","Reliance Industries","RELIANCE.NS","173178120564","12.7972","India"
"121","Southern Copper","SCCO","172178554880","203.92","United States"
"122","Novo Nordisk","NVO","171371249664","38.8","Denmark"
"123","Charles Schwab","SCHW","171256102912","99.03","United States"
"124","Eaton","ETN","170888232960","439.98","Ireland"
"125","Sumitomo Mitsui Financial Group","SMFG","168508276736","26.61","Japan"
"126","McDonald","MCD","167357218816","236.5","United States"
"127","Welltower","WELL","166718750720","231.37","United States"
"128","Western Digital","WDC","164698701824","456.81","United States"
"129","CM Bank","3968.HK","164288618794","6.51426","China"
"130","Pfizer","PFE","163409641472","28.67","United States"
"131","Hermès","RMS.PA","163409176908","1560.12","France"
"132","Tokyo Electron","8035.T","162967100433","358.724","Japan"
"133","Union Pacific Corporation","UNP","162651947008","273.79","United States"
"134","Rolls-Royce Holdings","RR.L","162089300521","19.6888","United Kingdom"
"135","Banco Bilbao Vizcaya Argentaria","BBVA","159313477632","28.87","Spain"
"136","Safran","SAF.PA","159273777893","384.37","France"
"137","Nextera Energy","NEE","158701223936","76.08","United States"
"138","Danaher","DHR","157813342208","224.49","United States"
"139","Hitachi","6501.T","156947912074","35.1463","Japan"
"140","China Shenhua Energy","601088.SS","156682251350","7.2239","China"
"141","Boeing","BA","156548595712","198.07","United States"
"142","Delta Electronics","2308.TW","156011065408","60.061","Taiwan"
"143","Iberdrola","IBE.MC","155461194549","23.2966","Spain"
"144","China Life Insurance","601628.SS","155150804933","5.48921","China"
"145","Advantest","6857.T","155103926200","214.839","Japan"
"146","Rio Tinto","RIO","153788547072","94.56","United Kingdom"
"147","Anheuser-Busch Inbev","BUD","153592053760","78","Belgium"
"148","ConocoPhillips","COP","152930271232","127.3","United States"
"149","UBS","UBS","152076730368","49.67","Switzerland"
"150","Interactive Brokers","IBKR","152048500736","89.24","United States"
"151","Deutsche Telekom","DTE.DE","146018952667","30.5312","Germany"
"152","Recruit","6098.T","145476524144","104.745","Japan"
"153","Intuitive Surgical","ISRG","145167089664","405.18","United States"
"154","UniCredit","UCG.MI","144791625043","96.0187","Italy"
"155","CNOOC","0883.HK","143480627355","3.01874","China"
"156","TJX Companies","TJX","143062614016","130.06","United States"
"157","Zhongji Innolight","300308.SZ","142318365429","121.667","China"
"158","Ping An Insurance","601318.SS","142216364144","7.85394","China"
"159","Uber","UBER","142203043840","69.62","United States"
"160","Blackstone Group","BX","141547159552","118.42","United States"
"161","ServiceNow","NOW","140212355072","135.62","United States"
"162","Siemens Energy","ENR.F","138636731748","162.939","Germany"
"163","Sony","SONY","137657581568","23.55","Japan"
"164","Corning","GLW","135014014976","156.74","United States"
"165","Unilever","UL","134665175040","62.54","United Kingdom"
"166","Intesa Sanpaolo","ISP.MI","133994446341","7.71698","Italy"
"167","Mizuho Financial Group","MFG","133980635136","11.07","Japan"
"168","Vertex Pharmaceuticals","VRTX","133368602624","526.19","United States"
"169","Fast Retailing","9983.T","132609604051","432.163","Japan"
"170","Petrobras","PBR","131271745536","20.37","Brazil"
"171","Prologis","PLD","129336762368","133.05","United States"
"172","Chubb","CB","128614105088","333.37","Switzerland"
"173","Bristol-Myers Squibb","BMY","128405045248","62.86","United States"
"174","Newmont","NEM","127949856768","121.43","United States"
"175","Fortinet","FTNT","127269978112","173.46","United States"
"176","Investor AB","INVE-B.ST","126990577065","41.4524","Sweden"
"177","Cloudflare","NET","124278939648","349.02","United States"
"178","BNP Paribas","BNP.PA","123899984852","113.047","France"
"179","Parker-Hannifin","PH","123379564544","978.33","United States"
"180","Booking Holdings (Booking.com)","BKNG","123188830208","163.95","United States"
"181","Capital One","COF","122819665920","200.2","United States"
"182","Compagnie Financière Richemont","CFR.SW","122080973681","207.642","Switzerland"
"183","Air Liquide","AI.PA","121767287963","190.809","France"
"184","Keyence","6861.T","121261787005","499.997","Japan"
"185","Lockheed Martin","LMT","119909646336","519.56","United States"
"186","Bank of Montreal","BMO","119764393984","172.3","Canada"
"187","British American Tobacco","BTI","119735042048","55.63","United Kingdom"
"188","Progressive","PGR","119272202240","205.5","United States"
"189","S&P Global","SPGI","118892838912","403.3","United States"
"190","Snowflake","SNOW","118519635968","335.94","United States"
"191","HDFC Bank","HDB","118259720192","23.01","India"
"192","Zijin Mining","601899.SS","116785417418","4.39196","China"
"193","ASE Group","ASX","115368419328","44.31","Taiwan"
"194","Bharti Airtel","BHARTIARTL.NS","115128240079","18.454","India"
"195","Altria Group","MO","114911772672","68.82","United States"
"196","CVS Health","CVS","113994629120","89.13","United States"
"197","Scotiabank","BNS","113936228352","93.48","Canada"
"198","BP","BP","113704116224","44.15","United Kingdom"
"199","BYD","002594.SZ","113444359056","12.4429","China"
"200","Medtronic","MDT","113382785024","88.64","Ireland"
"201","OCBC Bank","O39.SI","113274379215","25.1975","Singapore"
"202","Mitsubishi Corporation","8058.T","112399666871","30.6877","Japan"
"203","Valero Energy","VLO","111479750656","387.18","United States"
"204","Marathon Petroleum","MPC","110510161920","393.52","United States"
"205","PDD Holdings (Pinduoduo)","PDD","110412865536","77.57","China"
"206","Foxconn (Hon Hai Precision Industry)","2317.TW","110371491685","7.87711","Taiwan"
"207","Starbucks","SBUX","108140404736","94.86","United States"
"208","Accenture","ACN","107769118720","176.11","Ireland"
"209","Robinhood","HOOD","107350425600","119.4","United States"
"210","SK Square","402340.KS","106622758457","809.133","South Korea"
"211","Lowe's Companies","LOW","106196303872","189.28","United States"
"212","Spotify","SPOT","104850006016","510.01","Sweden"
"213","AXA","CS.PA","104771036383","50.1081","France"
"214","Zurich Insurance Group","ZURN.SW","104587948784","700.197","Switzerland"
"215","Automatic Data Processing","ADP","104479653888","263.67","United States"
"216","Stryker Corporation","SYK","104469954560","272.36","United States"
"217","AppLovin","APP","104393203712","310.75","United States"
"218","China Yangtze Power","600900.SS","104285618175","4.26208","China"
"219","Enbridge","ENB","104176148480","46.74","Canada"
"220","ING","ING","104082481152","36.55","Netherlands"
"221","Freeport-McMoRan","FCX","103838425088","72.31","United States"
"222","CIBC (Canadian Imperial Bank of Commerce)","CM","103141466112","113.6","Canada"
"223","CaixaBank","CABK.MC","102866655028","14.8106","Spain"
"224","Phillips 66","PSX","102539124736","255.75","United States"
"225","Al Rajhi Bank","1120.SR","101899461919","16.9832","Saudi Arabia"
"226","BNY Mellon (Bank of New York Mellon)","BNY","101877391360","150.15","United States"
"227","McKesson","MCK","101041872896","866.64","United States"
"228","ICICI Bank","IBN","100210606080","27.92","India"
"229","Bank of Communications","601328.SS","100122586158","1.13307","China"
"230","Equinor","EQNR","100013350912","42.19","Norway"
"231","Trane Technologies","TT","99987333120","454.44","Ireland"
"232","Enel","ENEL.MI","99940160723","10.0739","Italy"
"233","Equinix","EQIX","99468959744","1008.08","United States"
"234","Itōchū Shōji","8001.T","99104750186","14.1783","Japan"
"235","Grupo México","GMBXF","98831376384","12.63","Mexico"
"236","GSK plc","GSK","98618155008","49.24","United Kingdom"
"237","Sanofi","SNY","98505211904","41.11","France"
"238","Agnico Eagle Mines","AEM","98477834240","194.48","Canada"
"239","Canadian Natural Resources","CNQ","97735712768","47.41","Canada"
"240","Tokio Marine","8766.T","97710413525","51.4328","Japan"
"241","Quanta Services","PWR","97592410112","649.13","United States"
"242","Vertiv Holdings","VRT","97509801984","253.28","United States"
"243","Sinopec","600028.SS","97491763674","0.807631","China"
"244","AIA","1299.HK","97261025959","9.43994","Hong Kong"
"245","Datadog","DDOG","96278781952","268.13","United States"
"246","Delta Electronics (Thailand)","DELTA.BK","96180953136","7.71063","Thailand"
"247","Cambricon Technologies","688256.SS","95755997867","152.271","China"
"248","Postal Savings Bank of China","601658.SS","95378999047","0.794196","China"
"249","Southern Company","SO","95342084096","82.88","United States"
"250","CME Group","CME","95101526016","264.48","United States"
"251","HCA Healthcare","HCA","94310219776","435.61","United States"
"252","Airbnb","ABNB","94290780160","157.47","United States"
"253","Adobe","ADBE","93599326208","235.47","United States"
"254","Midea","000333.SZ","93399554681","12.2414","China"
"255","Constellation Energy","CEG","93278502912","263.27","United States"
"256","Howmet Aerospace","HWM","92713353216","232.48","United States"
"257","State Bank of India","SBIN.NS","92508120838","10.0219","India"
"258","U.S. Bancorp","USB","92439199744","59.33","United States"
"259","Murata Manufacturing (Murata Seisakusho)","6981.T","92411084669","50.9806","Japan"
"260","Marriott International","MAR","91797553152","352.03","United States"
"261","General Dynamics","GD","91102011392","336.72","United States"
"262","Johnson Controls","JCI","90982359040","150.2","Ireland"
"263","Mitsui Bussan","8031.T","90893624602","31.9807","Japan"
"264","NTT (Nippon Telegraph &amp; Telephone)","9432.T","90162357733","1.11273","Japan"
"265","PNC Financial Services","PNC","90017652736","225.64","United States"
"266","Cadence Design Systems","CDNS","89813917696","326.13","United States"
"267","Itaú Unibanco","ITUB","89387376640","8.11","Brazil"
"268","KKR & Co.","KKR","89283493888","96.67","United States"
"269","MercadoLibre","MELI","88851718144","1752.61","Argentina"
"270","Duke Energy","DUK","88379244544","113.35","United States"
"271","Emerson","EMR","88260689920","158.23","United States"
"272","3M","MMM","87440736256","169.55","United States"
"273","Glencore","GLCNF","87282294784","7.44","Switzerland"
"274","Atlas Copco","ATCO-B.ST","87143057372","17.8622","Sweden"
"275","CSX Corporation","CSX","86658768896","46.78","United States"
"276","Intercontinental Exchange","ICE","86628786176","154.31","United States"
"277","Elevance Health","ELV","85899755520","396.09","United States"
"278","Xiaomi","XIACF","85517705216","3.325","China"
"279","Dior","CDI.PA","85498751702","473.912","France"
"280","Bloom Energy","BE","85030051840","288.7","United States"
"281","Williams Companies","WMB","84716584960","69.26","United States"
"282","Infineon","IFX.DE","84494825882","65.021","Germany"
"283","National Australia Bank","NAB.AX","84475817732","27.5944","Australia"
"284","Lumentum","LITE","84466008064","941.65","United States"
"285","Monster Beverage","MNST","84454719488","43.11","United States"
"286","Westpac Banking","WBC.AX","83953102196","24.5843","Australia"
"287","DoorDash","DASH","83782492160","193.36","United States"
"288","Hewlett Packard Enterprise","HPE","83550633984","62.94","United States"
"289","Eoptolink Technology","300502.SZ","83222836763","59.6692","China"
"290","Lloyds Banking Group","LYG","83198844928","5.77","United Kingdom"
"291","Mitsubishi Heavy Industries","7011.T","83169996906","24.7514","Japan"
"292","Barclays","BCS","82982977536","24.81","United Kingdom"
"293","Waste Management","WM","82673098752","206.83","United States"
"294","Brookfield Corporation","BN","82306793472","36.87","Canada"
"295","Marsh & McLennan Companies","MRSH","81660387328","171.12","United States"
"296","Synopsys","SNPS","81591214080","425.76","United States"
"297","TAQA","TAQA.AE","81434161761","0.72","United Arab Emirates"
"298","ANZ Bank","ANZ.AX","81332912942","27.0117","Australia"
"299","Moody's","MCO","81169932288","468.7","United States"
"300","Regeneron Pharmaceuticals","REGN","81132650496","788.04","United States"
"301","Suncor Energy","SU","80515022848","68.19","Canada"
"302","United Parcel Service","UPS","79939436544","93.96","United States"
"303","Sherwin-Williams","SHW","79891709952","329.1","United States"
"304","Cintas","CTAS","79867445248","199.91","United States"
"305","WuXi AppTec","2359.HK","79699636997","26.261","China"
"306","Moderna","MRNA","79400042496","198.88","United States"
"307","Enterprise Products","EPD","79360786432","36.75","United States"
"308","American Tower","AMT","78761230336","169.03","United States"
"309","Tata Consultancy Services","TCS.NS","78629440229","21.7323","India"
"310","ENI","E","78540537856","54.71","Italy"
"311","Ecolab","ECL","78349041664","279.49","United States"
"312","Illinois Tool Works","ITW","78126342144","274.32","United States"
"313","Japan Post Bank","7182.T","77818680386","21.847","Japan"
"314","Simon Property Group","SPG","77754482688","204.82","United States"
"315","Comcast","CMCSA","77750632448","21.91","United States"
"316","Japan Tobacco","2914.T","77459368422","43.6303","Japan"
"317","Warner Bros. Discovery","WBD","77370245120","30.86","United States"
"318","Mondelez International","MDLZ","76897566720","60.25","United States"
"319","EssilorLuxottica","EL.PA","76863522882","167.558","France"
"320","SLB (Schlumberger)","SLB","76492742656","51.54","United States"
"321","CPKC (Canadian Pacific Kansas City)","CP","76400779264","86.91","Canada"
"322","BAE Systems","BA.L","76397304961","26.0988","United Kingdom"
"323","National Grid","NGG","75895144448","75.49","United Kingdom"
"324","Ross Stores","ROST","75742830592","236.12","United States"
"325","The Travelers Companies","TRV","75721080832","363.04","United States"
"326","Motorola Solutions","MSI","75610808320","456.88","United States"
"327","CITIC Bank","601998.SS","75344345093","1.35401","China"
"328","Generali","G.MI","74800953275","49.6531","Italy"
"329","General Motors","GM","74734829568","82.63","United States"
"330","SoftBank Corp.","9434.T","74492157813","1.55731","Japan"
"331","NetEase","NTES","73891274752","115.41","China"
"332","Intuit","INTU","73701015552","275.79","United States"
"333","EOG Resources","EOG","73617670144","140.35","United States"
"334","Munich RE (Münchener Rück)","MUV2.DE","73505068557","584.234","Germany"
"335","NatWest Group","NWG","73329934336","18.49","United Kingdom"
"336","Canadian National Railway","CNI","73053806592","120.93","Canada"
"337","Manulife Financial","MFC","72774680576","43.86","Canada"
"338","Northrop Grumman","NOC","72526012416","510.52","United States"
"339","DHL Group (Deutsche Post)","DHL.DE","72350127982","65.1803","Germany"
"340","Cummins","CMI","72282112000","525.06","United States"
"341","Ferrari","RACE","72211464192","411.33","Italy"
"342","Carvana","CVNA","72116649984","65.06","United States"
"343","The Cigna Group","CI","71876059136","272.01","United States"
"344","Apollo Global Management","APO","71863197696","121.69","United States"
"345","Target","TGT","71529021440","157.45","United States"
"346","Brookfield Asset Management","BAM","71221444608","44.59","Canada"
"347","Bank of China (Hong Kong)","2388.HK","70693402554","6.68636","Hong Kong"
"348","Hilton Worldwide","HLT","70661373952","313.96","United States"
"349","Barrick Gold","B","70575521792","42.88","Canada"
"350","Norfolk Southern","NSC","70302416896","313","United States"
"351","KDDI","9433.T","70187527150","18.9903","Japan"
"352","Vinci","DG.PA","69869445827","126.493","France"
"353","ADNOC Gas","ADNOCGAS.AE","69796815794","0.91","United Arab Emirates"
"354","O'Reilly Automotive","ORLY","69663653888","86.115","United States"
"355","Sberbank","SBER.ME","69637621682","3.27","Russia"
"356","Energy Transfer LP","ET","69520220160","20.19","United States"
"357","Nordea Bank","NDA-FI.HE","69508051065","20.4812","Finland"
"358","Deutsche Bank","DB","68715032576","36.57","Germany"
"359","NAURA Technology Group","002371.SZ","68676463415","94.6362","China"
"360","Colgate-Palmolive","CL","68604690432","86.06","United States"
"361","Kinder Morgan","KMI","68474167296","30.75","United States"
"362","Hyundai","005380.KS","68276240720","260.761","South Korea"
"363","Mitsubishi Electric","6503.T","67949052150","33.2036","Japan"
"364","Merck KGaA","MRK.DE","67929411428","156.239","Germany"
"365","Standard Chartered","STAN.L","67722286101","31.1224","United Kingdom"
"366","ENGIE","ENGI.PA","67684038157","26.6409","France"
"367","FedEx","FDX","67652243456","285.85","United States"
"368","Digital Realty","DLR","67454517248","178.61","United States"
"369","Honeywell","HON","67365597184","212.55","United States"
"370","Shin-Etsu Chemical","4063.T","67214766470","37.0316","Japan"
"371","Monolithic Power Systems","MPWR","67199614976","1367.43","United States"
"372","Vingroup Company","VIC.VN","66949946159","8.92816","Vietnam"
"373","Volvo Group","VOLV-A.ST","66949220137","32.9239","Sweden"
"374","Chugai Pharmaceutical","4519.T","66682133352","40.522","Japan"
"375","SMIC","0981.HK","66637463673","7.78269","China"
"376","Panasonic","6752.T","66463142664","28.4648","Japan"
"377","America Movil","AMX","65865293824","22.03","Mexico"
"378","Nu Holdings","NU","65649061888","13.59","Brazil"
"379","Macquarie Group Limited","MQG.AX","65565861720","172.026","Australia"
"380","United Rentals","URI","65171623936","1047.06","United States"
"381","Republic Services","RSG","64947777536","212.1","United States"
"382","Royal Caribbean Group","RCL","64910618624","242.7","United States"
"383","Wheaton Precious Metals","WPM","64908541952","142.92","Canada"
"384","Nebius Group","NBIS","64519401472","237.33","Netherlands"
"385","Fubon Financial","2881.TW","64458925834","4.71683","Taiwan"
"386","American Electric Power","AEP","64429428736","118.35","United States"
"387","The Saudi National Bank","1180.SR","63971573649","10.7787","Saudi Arabia"
"388","Ma'aden","1211.SR","63960718490","16.4771","Saudi Arabia"
"389","Bajaj Finance","BAJFINANCE.NS","63835809555","10.2615","India"
"390","Boston Scientific","BSX","63650160640","43.92","United States"
"391","TE Connectivity","TEL","63284690944","218.59","Switzerland"
"392","Astera Labs","ALAB","63256137728","364.62","United States"
"393","Strategy 
 (MicroStrategy)","MSTR","63012843520","158.61","United States"
"394","Air Products and Chemicals","APD","62743879680","281.76","United States"
"395","LG Energy Solution","373220.KS","62653365607","267.749","South Korea"
"396","Hong Kong Exchanges & Clearing","0388.HK","62617190450","49.539","Hong Kong"
"397","Crédit Agricole","ACA.PA","62402406819","20.5722","France"
"398","Teradyne","TER","62283030528","398.38","United States"
"399","MetLife","MET","62086094848","97.7","United States"
"400","TransDigm Group","TDG","61699653632","1116.2","United States"
"401","Keysight","KEYS","61654134784","362.15","United States"
"402","CSL","CSL.AX","61247284159","127.629","Australia"
"403","TC Energy","TRP","61235056640","58.78","Canada"
"404","Unimicron","3037.TW","61125803804","37.263","Taiwan"
"405","Imperial Oil","IMO","61090660352","122.86","Canada"
"406","Sea Limited","SE","60972838912","99.55","Singapore"
"407","United Microelectronics","UMC","60967256064","24.31","Taiwan"
"408","CITIC Securities","600030.SS","60504230826","3.87245","China"
"409","KBC","KBCSF","60291547136","151.12","Belgium"
"410","Takeda Pharmaceutical","TAK","60229468160","18.86","Japan"
"411","First Abu Dhabi Bank","FAB.AE","60159074794","5.45","United Arab Emirates"
"412","NXP Semiconductors","NXPI","60035248128","238.08","Netherlands"
"413","Argenx","ARGX","59668545536","959.49","Netherlands"
"414","Targa Resources","TRGP","59577516032","277.84","United States"
"415","Nintendo","7974.T","59517173270","50.9487","Japan"
"416","Natera","NTRA","59468120064","412.56","United States"
"417","Société Générale","GLE.PA","59442989826","82.0271","France"
"418","Nan Ya Plastics","1303.TW","59354598691","7.48404","Taiwan"
"419","Arthur J. Gallagher & Co.","AJG","59240402944","231.1","United States"
"420","Great-West Lifeco","GWO.TO","59018199799","65.9274","Canada"
"421","Aon","AON","58968748032","277.99","United Kingdom"
"422","Deutsche Börse","DB1.DE","58940590349","326.925","Germany"
"423","Wesfarmers","WES.AX","58616044570","51.6312","Australia"
"424","Paccar","PCAR","58589683712","111.31","United States"
"425","Cencora","COR","58568675328","306.92","United States"
"426","W. W. Grainger","GWW","58549768192","1243.07","United States"
"427","Comfort Systems USA","FIX","58384224256","1658.91","United States"
"428","RELX","RELX","58276016128","33.52","United Kingdom"
"429","Truist Financial Corporation","TFC","58222706688","47.66","United States"
"430","Nokia","NOK","58169921536","10.39","Finland"
"431","Coherent Corp.","COHR","57933049856","295.83","United States"
"432","Vale","VALE","57920929792","13.61","Brazil"
"433","Fastenal","FAST","57868304384","50.43","United States"
"434","Luxshare Precision","002475.SZ","57682913090","7.4523","China"
"435","MPLX","MPLX","57587146752","56.8","United States"
"436","Allstate","ALL","57550471168","227.6","United States"
"437","Ametek","AME","57484967936","250.74","United States"
"438","Baker Hughes","BKR","57406341120","57.83","United States"
"439","National Bank of Canada","NA.TO","57387807772","149.901","Canada"
"440","Saudi Telecom Company","7010.SR","57292984410","11.482","Saudi Arabia"
"441","Cenovus Energy","CVE","57042497536","30.93","Canada"
"442","Aflac","AFL","57012760576","113.72","United States"
"443","Occidental Petroleum","OXY","56839380992","56.86","United States"
"444","Garmin","GRMN","56725651456","294.14","Switzerland"
"445","Cement Roadstone Holding","CRH","56575791104","85.04","Ireland"
"446","Nongfu Spring","9633.HK","56574054517","5.03039","China"
"447","Bayer","BAYN.DE","56547214355","57.5589","Germany"
"448","Anglo American","AAL.L","56184801534","52.4362","United Kingdom"
"449","Lenovo","0992.HK","56138054591","4.52556","Hong Kong"
"450","Industrial Bank","601166.SS","56097284357","2.65074","China"
"451","Nucor","NUE","56095010816","247.25","United States"
"452","Oneok","OKE","55873167360","88.63","United States"
"453","Delta Air Lines","DAL","55858503680","84.94","United States"
"454","UOB","U11.SI","55811519032","33.8547","Singapore"
"455","Cheniere Energy","LNG","55462686720","268.54","United States"
"456","Erste Group Bank","EBO.F","55455155835","142.76","Austria"
"457","Singtel","Z74.SI","54672320428","3.35497","Singapore"
"458","Larsen &amp; Toubro","LT.NS","53985437890","39.2374","India"
"459","BTG Pactual","BPAC3.SA","53868003733","4.64874","Brazil"
"460","Emirates NBD Bank PJSC","EMIRATESNBD.AE","53865129132","8.52755","United Arab Emirates"
"461","Sumitomo","8053.T","53832414469","11.3885","Japan"
"462","Public Storage","PSA","53807853568","287.97","United States"
"463","Dominion Energy","D","53369634816","60.68","United States"
"464","RWE","RWE.DE","53217503316","68.2289","Germany"
"465","ArcelorMittal","MT","53197615104","70.7","Luxembourg"
"466","Thales","HO.PA","53151429634","258.446","France"
"467","Nike","NKE","53035081728","35.75","United States"
"468","The People's Insurance Company (PICC)","601319.SS","52815803931","1.19428","China"
"469","Realty Income","O","52552949760","55.54","United States"
"470","London Stock Exchange","LSEG.L","52538876210","108.995","United Kingdom"
"471","Commerzbank","CBK.F","52400977784","48.4814","Germany"
"472","Corteva","CTVA","52388229120","78.52","United States"
"473","China Telecom","0728.HK","52319260170","0.571751","China"
"474","Nasdaq","NDAQ","52292333568","93.55","United States"
"475","Fujikura","5803.T","52275512837","31.573","Japan"
"476","Diamondback Energy","FANG","52271292416","186.67","United States"
"477","Emirates Telecom (Etisalat Group)","EAND.AE","52093385064","5.99","United Arab Emirates"
"478","Devon Energy","DVN","51754999808","47.05","United States"
"479","Rheinmetall","RHM.F","51684706636","1107.5","Germany"
"480","Coinbase","COIN","51477221376","195.11","United States"
"481","E.ON","EOAN.DE","51423328634","19.6792","Germany"
"482","Compass Group","CPG.L","51264442368","30.15","United Kingdom"
"483","Meituan","3690.HK","51261776338","9.16586","China"
"484","Loblaw Companies","L.TO","51185026390","44.293","Canada"
"485","Cardinal Health","CAH","50993999872","220.22","United States"
"486","Cathay Financial Holding","2882.TW","50971592145","3.47473","Taiwan"
"487","Sempra","SRE","50958454784","77.93","United States"
"488","Maersk","MAERSK-B.CO","50947619294","3534.4","Denmark"
"489","Alimentation Couche-Tard","ATD.TO","50897068154","55.4457","Canada"
"490","Ford","F","50682343424","12.71","United States"
"491","Swiss Re","SREN.SW","50667801162","171.802","Switzerland"
"492","Ciena","CIEN","50612883456","356.91","United States"
"493","Honeywell Aerospace","HONA","50325753856","158.78","United States"
"494","Hoya","7741.T","50118936440","150.254","Japan"
"495","AngloGold Ashanti","AU","50086326272","99.03","South Africa"
"496","Marubeni","8002.T","50081087765","30.8215","Japan"
"497","Becton Dickinson","BDX","50070147072","183.82","United States"
"498","State Street Corporation","STT","49814417408","181.34","United States"
"499","Edwards Lifesciences","EW","49737555968","86.29","United States"
"500","Franco-Nevada","FNV","49736368128","257.87","Canada"
"501","Siemens Healthineers","SHL.DE","49486136414","44.2157","Germany"
"502","CITIC limited","0267.HK","49285231363","1.69422","China"
"503","Cerebras Systems","CBRS","49116368896","206.75","United States"
"504","Endesa","ELE.MC","49042290493","48.2539","Spain"
"505","Nanya Technology","2408.TW","49011344290","15.8171","Taiwan"
"506","BASF","BAS.DE","48833888852","56.7228","Germany"
"507","Agilent Technologies","A","48720871424","172.79","United States"
"508","Diageo","DEO","48652435456","87.52","United Kingdom"
"509","Wabtec","WAB","48646324224","288","United States"
"510","Lonza","LONN.SW","48585539814","695.627","Switzerland"
"511","DNB","DNB.OL","48457159508","34.0164","Norway"
"512","Rockwell Automation","ROK","48309583872","434.15","United States"
"513","CoreWeave","CRWV","48309088256","87.59","United States"
"514","eBay","EBAY","48015499264","107.9","United States"
"515","Swire Pacific","0019.HK","47867665579","13.1942","Hong Kong"
"516","Shengyi Technology (SYTECH)","600183.SS","47846872610","19.6981","China"
"517","ASM International","ASM.AS","47789709407","978.956","Netherlands"
"518","Humana","HUM","47783555072","397.93","United States"
"519","Samsung Biologics","207940.KS","47670677675","1029.81","South Korea"
"520","Antofagasta","ANTO.L","47604527511","48.2875","United Kingdom"
"521","Vivmark Residential","VMRK","47595151360","61.51","United States"
"522","Atlassian","TEAM","47524282368","187.74","Australia"
"523","Sandvik","SAND.ST","47443837952","37.8224","Sweden"
"524","Zijin Gold International Company Limited","2259.HK","47390089136","17.7071","Hong Kong"
"525","Rocket Lab","RKLB","47284441088","73.95","United States"
"526","Fifth Third Bank","FITB","47249100800","52.1","United States"
"527","Entergy","ETR","47094525952","98.57","United States"
"528","PayPal","PYPL","47084568576","55.04","United States"
"529","Porsche","P911.DE","47047434647","51.6437","Germany"
"530","Swedbank","SWED-A.ST","46866751259","41.707","Sweden"
"531","PICC Property and Casualty Company Limited","2328.HK","46786103878","2.10343","China"
"532","Danske Bank","DANS.VI","46757364610","57.9911","Denmark"
"533","Medline","MDLN","46686531584","34.7","United States"
"534","Kuwait Finance House","KFH.KW","46608463177","2519.51","Kuwait"
"535","Skandinaviska Enskilda Banken","SEB-A.ST","46483486098","23.9","Sweden"
"536","Vistra","VST","46472052736","138.46","United States"
"537","Carrier Global","CARR","46467203072","56.37","United States"
"538","AutoZone","AZO","46451441664","2872.16","United States"
"539","Hindustan Unilever","HINDUNILVR.NS","46409265838","19.7521","India"
"540","AMEC","688012.SS","46400719070","48.443","China"
"541","UCB","UCB.VI","46391450318","243.317","Belgium"
"542","STMicroelectronics","STM","46317826048","51.93","Switzerland"
"543","MS&amp;AD Insurance","8725.T","46132683467","32.3055","Japan"
"544","Celestica","CLS","46086049792","365.44","Canada"
"545","Sun Pharmaceutical","SUNPHARMA.NS","45942054706","19.1478","India"
"546","Block","XYZ","45912752128","76.42","United States"
"547","Teva Pharmaceutical Industries","TEVA","45707005952","39.19","Israel"
"548","Workday","WDAY","45657448448","189.45","United States"
"549","ORLEN","PKN.WA","45648618070","39.3203","Poland"
"550","Galderma Group","GALD.SW","45601245186","195.555","Switzerland"
"551","Shanghai Pudong Development Bank","600000.SS","45455851233","1.3648","China"
"552","Veeva Systems","VEEV","45444575232","280.68","United States"
"553","Mercedes-Benz","MBG.DE","45421726655","47.4462","Germany"
"554","Holcim Group","HOLN.SW","45248916684","81.8059","Switzerland"
"555","Walmex","WMMVF","45117001728","2.62","Mexico"
"556","Japan Post Holdings","6178.T","45021397061","16.4649","Japan"
"557","Ambev","ABEV","44861976576","2.91","Brazil"
"558","Coca-Cola European Partners","CCEP","44769792000","101.73","United Kingdom"
"559","KB Financial Group","KB","44681764864","127.26","South Korea"
"560","Rosneft","ROSN.ME","44674556141","4.29","Russia"
"561","Heineken","HEIA.AS","44592392677","80.5142","Netherlands"
"562","Dai-ichi Life Holdings","8750.T","44591176434","12.3789","Japan"
"563","Titan Company","TITAN.NS","44550493060","50.2084","India"
"564","IQVIA","IQV","44502900736","270.37","United States"
"565","Sun Life Financial","SLF","44432007168","79.91","Canada"
"566","Ventas","VTR","44416024576","86.59","United States"
"567","L3Harris Technologies","LHX","44261355520","237.69","United States"
"568","Toyota Tsusho","8015.T","44136397915","47.0698","Japan"
"569","Guotai Junan Securities","601211.SS","44119305830","2.50948","China"
"570","Jiangsu Hengrui Medicine","600276.SS","44062385211","6.6387","China"
"571","Hikvision","002415.SZ","44000577715","4.801","China"
"572","Aena","AENA.MC","43988168629","29.3254","Spain"
"573","Revolution Medicines","RVMD","43932536832","204.97","United States"
"574","Fujitsu","6702.T","43820164115","25.3374","Japan"
"575","China Pacific Insurance","601601.SS","43803248663","4.55319","China"
"576","Autodesk","ADSK","43764596736","209.4","United States"
"577","DSV","DSV.VI","43729315973","183.142","Denmark"
"578","Sumitomo Denki Kōgyō","5802.T","43714953212","14.0126","Japan"
"579","Danone","BN.PA","43711452176","67.8649","France"
"580","Quanta Computer","2382.TW","43636584551","10.6443","Taiwan"
"581","Xcel Energy","XEL","43599474688","69.8","United States"
"582","Ameriprise Financial","AMP","43548274688","493","United States"
"583","Keurig Dr Pepper","KDP","43478392832","31.95","United States"
"584","Lukoil","LKOH.ME","43458938017","63.6","Russia"
"585","Banco Santander Brasil","BSBR","43128160256","5.76","Brazil"
"586","HEICO","HEI","43119353856","308.53","United States"
"587","Ferguson Enterprises","FERG","43089661952","222.74","United Kingdom"
"588","Constellation Software","CSU.TO","43019445095","2030.03","Canada"
"589","CTBC Financial Holding","2891.TW","43003469007","2.15402","Taiwan"
"590","Thomson Reuters","TRI","42887553024","98.99","Canada"
"591","Fomento Económico Mexicano (FEMSA)","FMX","42802787260","119.62","Mexico"
"592","China State Shipbuilding Corporation (CSSC)","600150.SS","42781426695","5.68477","China"
"593","Honda","HMC","42732347392","32.93","Japan"
"594","Microchip Technology","MCHP","42729357312","78.69","United States"
"595","Waters Corporation","WAT","42567495680","433.54","United States"
"596","Bank Central Asia","BBCA.JK","42553697052","0.346411","Indonesia"
"597","Infosys","INFY","42528608256","10.5","India"
"598","Flex","FLEX","42363133952","114.68","Singapore"
"599","Twilio","TWLO","42356043776","275.8","United States"
"600","Orange","ORA.PA","42341176906","15.9311","France"
"601","Bombardier","BBD-B.TO","42228678728","227.631","Canada"
"602","East Money Information","300059.SZ","42209226742","2.66772","China"
"603","Komatsu","6301.T","42148881607","47.4901","Japan"
"604","Everpure","P","41986633728","126","United States"
"605","Adani Enterprises","ADANIENT.NS","41968750108","29.4937","India"
"606","Woodside Energy","WDS","41900249088","22.04","Australia"
"607","Adani Ports & SEZ","ADANIPORTS.NS","41852414318","18.1654","India"
"608","Power Corporation of Canada","POW.TO","41801214050","66.5913","Canada"
"609","Prysmian Group","PRY.MI","41634876683","139.12","Italy"
"610","Kotak Mahindra Bank","KOTAKBANK.NS","41614458347","4.18325","India"
"611","Samsung C&T Corporation","028260.KS","41586453180","254.141","South Korea"
"612","Exelon Corporation","EXC","41560444928","40.34","United States"
"613","Banca Monte dei Paschi di Siena","BMPS.MI","41420091786","13.6321","Italy"
"614","WEG ON","WEGE3.SA","41333481624","9.85109","Brazil"
"615","Reckitt Benckiser","RKT.L","41302353496","65.1344","United Kingdom"
"616","Prudential Financial","PRU","41210249216","119.45","United States"
"617","Volkswagen","VOW3.DE","41000031645","81.7882","Germany"
"618","IDEXX Laboratories","IDXX","40907886592","519.26","United States"
"619","BeOne Medicines","ONC","40820133888","360.85","United States"
"620","ABN AMRO","ABN.AS","40797770975","50.0626","Netherlands"
"621","Legrand","LR.PA","40788466332","155.614","France"
"622","Illumina","ILMN","40769998848","270","United States"
"623","ORIX","IX","40757059584","39.19","Japan"
"624","Haleon","HLN","40722001920","9.26","United Kingdom"
"625","Jardine Matheson","J36.SI","40707660000","56.46","Hong Kong"
"626","CMOC","3993.HK","40583115786","1.89691","China"
"627","PKO Bank Polski","PKO.WA","40505079133","32.4041","Poland"
"628","Ares Management","ARES","40479981568","122.01","United States"
"629","NEC Corp","6701.T","40364530606","30.4329","Japan"
"630","Swisscom","SCMN.SW","40277524182","777.529","Switzerland"
"631","Renesas Electronics","6723.T","40262705847","22.0317","Japan"
"632","MSCI","MSCI","40083869696","551.36","United States"
"633","QNB (Qatar National Bank)","QNBK.QA","40075375373","4.40385","Qatar"
"634","Ibiden","4062.T","39943970842","142.101","Japan"
"635","Wuliangye Yibin","000858.SZ","39930973586","10.2872","China"
"636","Suzhou TFC Optical Communication","300394.SZ","39864149581","36.545","China"
"637","Live Nation","LYV","39805788160","170.87","United States"
"638","Ferrovial","FER.MC","39799509035","55.2497","Spain"
"639","SSE","SSE.L","39781449385","32.9781","United Kingdom"
"640","Assa Abloy","ASSA-B.ST","39760706761","35.7954","Sweden"
"641","Sun Hung Kai Properties","0016.HK","39748602887","13.7169","Hong Kong"
"642","Credo Technology","CRDO","39652216832","210.97","United States"
"643","Tesco","TSCO.L","39645746720","6.36499","United Kingdom"
"644","Chipotle Mexican Grill","CMG","39645544448","31.33","United States"
"645","D. R. Horton","DHI","39580528640","141.51","United States"
"646","NetApp","NTAP","39508701184","201.145","United States"
"647","Adani Power","ADANIPOWER.NS","39405148865","2.04334","India"
"648","Compagnie de Saint-Gobain","SGO.PA","39364362047","80.6052","France"
"649","Maruti Suzuki India","MARUTI.NS","39330618476","125.096","India"
"650","Axis Bank","AXISBANK.BO","39280527369","12.6159","India"
"651","Waste Connections","WCN","39134109696","155.56","United States"
"652","Hanwha Aerospace","012450.KS","39131174200","760.585","South Korea"
"653","Samsung Life Insurance","032830.KS","39098874961","217.73","South Korea"
"654","Archer Daniels Midland (ADM)","ADM","39096561664","81.12","United States"
"655","Sompo Holdings","8630.T","39023924771","44.0061","Japan"
"656","CBRE Group","CBRE","38962356224","134.55","United States"
"657","American International Group","AIG","38782988288","74.17","United States"
"658","Z.AI","2513.HK","38662295791","79.2929","China"
"659","Doosan Enerbility","034020.KS","38550688787","60.3172","South Korea"
"660","Vodafone","VOD","38409375744","16.62","United Kingdom"
"661","Cameco","CCJ","38357389312","88.07","Canada"
"662","Givaudan","GIVN.SW","38158506324","4133.59","Switzerland"
"663","Consolidated Edison","ED","38129332224","103.1","United States"
"664","Shinhan Financial Group","SHG","38116466688","80.95","South Korea"
"665","BMW","BMW.DE","38075689941","63.6105","Germany"
"666","JBS N.V.","JBS","38057938944","11.57","Brazil"
"667","Poste Italiane","PST.MI","38002385009","29.4278","Italy"
"668","Repsol","REP.MC","37972413994","35.6387","Spain"
"669","SABIC","2010.SR","37946560714","12.6489","Saudi Arabia"
"670","Goodman Group","GMG.AX","37914855427","18.4523","Australia"
"671","Yum! Brands","YUM","37832278016","138.63","United States"
"672","GigaDevice Semiconductor","603986.SS","37676650961","53.5201","China"
"673","Take-Two Interactive","TTWO","37665341440","201.44","United States"
"674","Sysco","SYY","37626929152","78.46","United States"
"675","Disco Corp.","6146.T","37583481116","346.495","Japan"
"676","Yageo","2327.TW","37543074134","18.2384","Taiwan"
"677","Mahindra &amp; Mahindra","M&M.NS","37465184908","31.2012","India"
"678","Telstra","TLS.AX","37464162272","3.36329","Australia"
"679","COSCO Shipping","601919.SS","37394381239","2.45723","China"
"680","Novatek","NVTK.ME","37147710244","12.52","Russia"
"681","Sandoz Group","SDZ.SW","37145326657","85.8469","Switzerland"
"682","Daikin","6367.T","37087608031","133.248","Japan"
"683","Daimler Truck","DTG.F","37081036638","48.7772","Germany"
"684","PG&amp;E Corporation","PCG","37049208832","12.34","United States"
"685","Dubai Electricity and Water Authority (DEWA)","DEWA.AE","37028967962","0.740579","United Arab Emirates"
"686","Otsuka Holdings","4578.T","37023167772","70.5728","Japan"
"687","United Airlines Holdings","UAL","36997701632","113.99","United States"
"688","Wiwynn","6669.TW","36964932909","66.5073","Taiwan"
"689","Resona Holdings","8308.T","36409277214","16.3024","Japan"
"690","Bank Leumi","LUMI.TA","36153296857","24.6123","Israel"
"691","Banco Bradesco","BBD","36109094912","3.41","Brazil"
"692","3i Group","III.L","36090146872","35.4435","United Kingdom"
"693","Paychex","PAYX","36085743616","101.37","United States"
"694","Old Dominion Freight Line","ODFL","36040904704","173.3","United States"
"695","Gold Fields","GFI","35974402048","40.38","South Africa"
"696","Muyuan Foods","002714.SZ","35946566943","6.22667","China"
"697","Global Unichip Corp.","3443.TW","35924773300","268.073","Taiwan"
"698","Abu Dhabi Commercial Bank (ADCB)","ADCB.AE","35890014438","4.54","United Arab Emirates"
"699","Viking Holdings","VIK","35865042944","80.3","Bermuda"
"700","EQT","EQT.ST","35855776001","28.7783","Sweden"
"701","PTT PCL","PTT-R.BK","35837578088","1.26526","Thailand"
"702","JD.com","JD","35801755648","26.51","China"
"703","Chunghwa Telecom","CHT","35800616960","46.15","Taiwan"
"704","TDK","6762.T","35726174405","18.8215","Japan"
"705","Sika","SIKA.SW","35639014183","222.134","Switzerland"
"706","Talanx","TLX.DE","35513462863","137.527","Germany"
"707","Hannover Rück","HNR1.DE","35502827987","294.392","Germany"
"708","Roper Technologies","ROP","35461898240","358.56","United States"
"709","HCL Technologies","HCLTECH.NS","35308296035","13.0493","India"
"710","Fanuc","6954.T","35173277852","37.8533","Japan"
"711","Fortescue","FMG.AX","35125215906","11.4081","Australia"
"712","ACWA POWER Company","2082.SR","35042578894","45.7415","Saudi Arabia"
"713","Axon Enterprise","AXON","34941022208","430.11","United States"
"714","Dollarama","DOL.TO","34796293053","129.658","Canada"
"715","Kroger","KR","34691178496","58.74","United States"
"716","OTP Bank","OTP.BD","34642765293","136.794","Hungary"
"717","ITC","ITC.NS","34619162346","2.76279","India"
"718","TKO Group Holdings","TKO","34573897728","182.67","United States"
"719","Nutrien","NTR","34468884480","72.23","Canada"
"720","Rocket Companies","RKT","34461089792","12.17","United States"
"721","Elbit Systems","ESLT","34441764864","735","Israel"
"722","Chaozhou Three-Circle","300408.SZ","34440163935","17.2484","China"
"723","Martin Marietta Materials","MLM","34394685440","484.3","United States"
"724","BPER Banca","BPE.MI","34325317711","16.3463","Italy"
"725","Alnylam Pharmaceuticals","ALNY","34249783296","255.96","United States"
"726","Kenvue","KVUE","34189766656","17.8","United States"
"727","Estee Lauder","EL","34179110912","94.47","United States"
"728","Henkel","HEN3.DE","34143606931","84.3362","Germany"
"729","Okta","OKTA","34123296768","195.19","United States"
"730","HD Hyundai Heavy Industries","329180.KS","34116196739","325.124","South Korea"
"731","Maybank","MLYBY","34109532160","5.64","Malaysia"
"732","Ecopetrol","EC","34085740544","16.58","Colombia"
"733","Bank of Ningbo","002142.SZ","34059961007","5.15779","China"
"734","Ubiquiti","UI","33936445440","560.67","United States"
"735","UltraTech Cement","ULTRACEMCO.NS","33787063363","114.856","India"
"736","ČEZ Group","CEZ.PR","33747490563","62.8667","Czech Republic"
"737","The Hartford","HIG","33650429952","124.23","United States"
"738","Schindler Group","SCHN.SW","33637758538","310.29","Switzerland"
"739","Royalty Pharma","RPRX","33635801088","58.21","United Kingdom"
"740","Biogen","BIIB","33628811264","227.6","United States"
"741","Emcor","EME","33621008384","762.21","United States"
"742","Kia","000270.KS","33620172494","86.5037","South Korea"
"743","Hochtief","HOT.F","33604319693","446.593","Germany"
"744","Taishin Financial Holdings","2887.TW","33564506700","1.33644","Taiwan"
"745","SAAB AB","SAAB-B.ST","33527848742","62.2443","Sweden"
"746","Steel Dynamics","STLD","33490042880","233.66","United States"
"747","Bank of Jiangsu","600919.SS","33477622864","1.82426","China"
"748","CK Hutchison Holdings","0001.HK","33445564647","8.73242","Hong Kong"
"749","The Hershey Company","HSY","33428000768","166.37","United States"
"750","PSEG","PEG","33404108800","67.02","United States"
"751","Aselsan","ASELS.IS","33330475291","7.30931","Turkey"
"752","Accton Technology","2345.TW","33304949028","59.5893","Taiwan"
"753","Jabil","JBL","33190260736","316.74","United States"
"754","Roblox","RBLX","33175617536","46.44","United States"
"755","Iron Mountain","IRM","33158137856","111.38","United States"
"756","Woolworths Group","WOW.AX","33083191059","27.0819","Australia"
"757","WEC Energy Group","WEC","33057417216","101.45","United States"
"758","Bank Hapoalim","POLI.TA","33055866429","25.3355","Israel"
"759","MongoDB","MDB","33012480000","410.44","United States"
"760","Hindustan Aeronautics","HAL.NS","33010271603","49.3593","India"
"761","Naspers","NPSNY","32954785792","8.81","South Africa"
"762","Restaurant Brands International","QSR","32819070976","71.64","Canada"
"763","Daiichi Sankyō","4568.T","32799908088","18.0254","Japan"
"764","Ping An Bank","000001.SZ","32736226420","1.68692","China"
"765","Kimberly-Clark","KMB","32735754240","98.43","United States"
"766","DexCom","DXCM","32686991360","86.62","United States"
"767","Fairfax Financial","FFH.TO","32675795725","1573.29","Canada"
"768","Kühne + Nagel","KNIN.SW","32450914644","273.248","Switzerland"
"769","NTPC Limited","NTPC.NS","32436709039","3.34514","India"
"770","Wanhua Chemical","600309.SS","32432858501","10.3604","China"
"771","Teck Resources","TECK","32404131840","66.05","Canada"
"772","Arch Capital","ACGL","32300748800","94.66","Bermuda"
"773","Leonardo","LDO.MI","32204157275","55.8241","Italy"
"774","Northern Trust","NTRS","32150794240","175.73","United States"
"775","JSW Steel","JSWSTEEL.NS","32145436708","13.1691","India"
"776","China General Nuclear Power Group (CGN)","003816.SZ","32114908220","0.635954","China"
"777","Gree Electric Appliances","000651.SZ","32110292836","5.73254","China"
"778","BOE Technology","000725.SZ","32074927795","0.865853","China"
"779","Ahold Delhaize","AD.AS","32024356812","36.6511","Netherlands"
"780","ResMed","RMD","32024010752","222","United States"
"781","M&T Bank","MTB","31943432192","221.19","United States"
"782","EQT Corporation","EQT","31782469632","50.81","United States"
"783","Vulcan Materials","VMC","31746789376","245","United States"
"784","Sumitomo Mitsui Trust Holdings","8309.T","31740282085","11.5254","Japan"
"785","Eternal (Zomato)","ETERNAL.NS","31737943286","3.44776","India"
"786","Svenska Handelsbanken","SHB-A.ST","31734607350","15.8296","Sweden"
"787","Expedia Group","EXPE","31706234880","264.17","United States"
"788","Huntington Bancshares","HBAN","31599288320","15.64","United States"
"789","Bajaj Auto","BAJAJ-AUTO.NS","31559928963","114.845","India"
"790","Dassault Systèmes","DSY.PA","31554635410","24.0132","France"
"791","Venture Global","VG","31551172608","12.62","United States"
"792","Zscaler","ZS","31477710848","193.05","United States"
"793","Kering","KER.PA","31390289879","256","France"
"794","Epiroc","EPI-A.ST","31382957790","25.9376","Sweden"
"795","Hua Hong Semiconductor Limited","1347.HK","31361070277","13.4237","China"
"796","Victory Giant Technology","300476.SZ","31323645088","31.8723","China"
"797","Capitec Bank","CPI.JO","31294663400","270.194","South Africa"
"798","FirstRand","FSR.JO","31242520000","5.61768","South Africa"
"799","Intact Financial","IFC.TO","31206761452","176.96","Canada"
"800","Alcon","ALC","31164798976","64.47","Switzerland"
"801","Prudential","PUK","31143712768","25.25","United Kingdom"
"802","Ericsson","ERIC","31099564032","9.53","Sweden"
"803","Adyen","ADYEN.AS","31078328072","984.53","Netherlands"
"804","Experian","EXPGF","31059238912","35.3","Ireland"
"805","Swiss Life","SLHN.SW","30974370928","1108.38","Switzerland"
"806","Banorte","GFNORTEO.MX","30813296263","11.0976","Mexico"
"807","Sunbelt Rentals","SUNB","30756952064","75.06","United States"
"808","Advanced Info Service (AIS)","ADVANC.BK","30724940912","10.3305","Thailand"
"809","Raymond James Financial","RJF","30711025664","159.87","United States"
"810","Itaúsa","ITSA3.SA","30709034635","2.73909","Brazil"
"811","Cheniere Energy
Partners","CQP","30703779840","63.43","United States"
"812","Credicorp","BAP","30668564480","386.16","Bermuda"
"813","Denso","6902.T","30652391464","12.226","Japan"
"814","Naturgy","NTGY.MC","30623360377","33.0565","Spain"
"815","Chroma ATE Inc.","2360.TW","30569533607","72.1675","Taiwan"
"816","Weichai Power","2338.HK","30554515945","3.53631","China"
"817","KONE","KNEBV.HE","30551082823","58.9467","Finland"
"818","Centene","CNC","30538770432","61.82","United States"
"819","Carnival Corporation","CCL","30474694656","22.25","United States"
"820","Ajinomoto","2802.T","30378795029","31.8851","Japan"
"821","Novonesis","NZYM.VI","30358273564","65.112","Denmark"
"822","Oriental Land","4661.T","30308454063","18.484","Japan"
"823","Mettler Toledo","MTD","30288066560","1511.64","United States"
"824","Yuanta Financial Holding","2885.TW","30169370604","2.17603","Taiwan"
"825","Oil &amp; Natural Gas","ONGC.NS","30143392768","2.39608","India"
"826","Kyocera","6971.T","30131546401","23.5858","Japan"
"827","Bridgestone","5108.T","30130244038","24.4075","Japan"
"828","GE HealthCare Technologies","GEHC","30095853568","66.63","United States"
"829","Celltrion","068270.KS","30076971601","131.153","South Korea"
"830","ON Semiconductor","ON","30055397376","77.2","United States"
"831","Universal Music Group","UMG.AS","29874716340","16.6136","Netherlands"
"832","Vestas Wind Systems","VWS.CO","29844167700","30.5665","Denmark"
"833","Neste","NESTE.HE","29810170911","38.801","Finland"
"834","Baidu","BIDU","29748408320","87.33","China"
"835","Kinross Gold","KGC","29715331072","25.05","Canada"
"836","Standard Bank Group","SBK.JO","29660479800","18.3168","South Africa"
"837","Crown Castle","CCI","29646077952","67.84","United States"
"838","Fresenius","FRE.DE","29611985283","52.5746","Germany"
"839","Ingersoll Rand","IR","29518997504","76.08","Ireland"
"840","Yankuang Energy (Yanzhou Coal Mining)","600188.SS","29457574796","2.93494","China"
"841","Extra Space Storage","EXR","29430685696","133.35","United States"
"842","Techtronic Industries","0669.HK","29418935685","16.1135","Hong Kong"
"843","Nomura Holdings","NMR","29401274368","10.06","Japan"
"844","Zoetis","ZTS","29359538176","71.05","United States"
"845","Bharat Electronics","BEL.NS","29356389981","4.01604","India"
"846","Adidas","ADS.DE","29263438095","167.16","Germany"
"847","Bajaj Finserv","BAJAJFINSV.NS","29207509446","18.2519","India"
"848","HeidelbergCement","HEI.DE","29047008462","165.226","Germany"
"849","Samsung Electro-Mechanics","009155.KS","29007903510","383.97","South Korea"
"850","7-Eleven","3382.T","28879544670","12.7388","Japan"
"851","Kongsberg Gruppen","KOG.OL","28838645276","32.7857","Norway"
"852","Reddit","RDDT","28828692480","149.84","United States"
"853","Foshan Haitian Flavouring and Food","603288.SS","28763459741","4.91595","China"
"854","Moore Threads","688795.SS","28690344922","61.0396","China"
"855","Ryanair","RYAAY","28652871680","55.3","Ireland"
"856","Mindray","300760.SZ","28635197569","23.6303","China"
"857","Teledyne Technologies","TDY","28469338112","614.15","United States"
"858","Supermicro","SMCI","28420321280","43.26","United States"
"859","Transurban","TCL.AX","28396522189","9.09984","Australia"
"860","LG Electronics","066570.KS","28307137447","157.781","South Korea"
"861","HP","HPQ","28226056192","31.3","United States"
"862","Emaar Properties","EMAAR.AE","28204809266","3.19103","United Arab Emirates"
"863","Inpex","1605.T","28097729416","24.2992","Japan"
"864","WuXi Biologics","WXXWY","28093954048","13.65","China"
"865","Banco BPM","BAMI.MI","28075416415","18.6498","Italy"
"866","China Coal Energy Company Limited","601898.SS","28066737374","2.11686","China"
"867","Kraft Heinz","KHC","28021014528","23.63","United States"
"868","Tenaris","TS","28002359296","55.47","Luxembourg"
"869","Haier Smart Home","600690.SS","27998426272","3.00958","China"
"870","TechnipFMC","FTI","27839748096","70.99","United Kingdom"
"871","Publicis Groupe","PUB.PA","27839718665","111.483","France"
"872","Aviva","AV.L","27815574388","9.29961","United Kingdom"
"873","AIB Group (Allied Irish Banks)","A5G.IR","27810963268","13.2806","Ireland"
"874","SMC corp","6273.T","27804427225","445.029","Japan"
"875","Fresnillo","FNLPF","27758778368","37.67","Mexico"
"876","Mitsubishi Estate","8802.T","27703747878","23.1209","Japan"
"877","China National Nuclear Power","601985.SS","27634434665","1.34356","China"
"878","Citizens Financial Group","CFG","27599714304","65.53","United States"
"879","DSM-Firmenich","DSFIR.AS","27598158578","112.706","Switzerland"
"880","Dollar General","DG","27541798912","124.84","United States"
"881","Brookfield Infrastructure Partners","BIP","27523833856","34.76","Bermuda"
"882","Ameren","AEE","27515451392","99.39","United States"
"883","Grupo ACS","ACS.MC","27474807992","105.335","Spain"
"884","International Container Terminal Services","ICTEF","27466354688","13.605","Philippines"
"885","Gazprom","GAZP.ME","27438695086","1.18","Russia"
"886","GlobalFoundries","GFS","27313512448","49","United States"
"887","Williams-Sonoma","WSM","27312990208","231.9","United States"
"888","Willis Towers Watson","WTW","27303419904","293.99","United Kingdom"
"889","Halliburton","HAL","27293349888","32.76","United States"
"890","Ørsted","ORSTED.CO","27225025982","20.6084","Denmark"
"891","Coal India","COALINDIA.NS","27125252007","4.4015","India"
"892","Fortis","FTS","27123681280","53.09","Canada"
"893","OMV","OMV.F","27045774019","82.9257","Austria"
"894","Nestlé India","NESTLEIND.NS","27039390901","14.0223","India"
"895","Gulf Development Public Company","GULF.BK","27019802003","1.80857","Thailand"
"896","George Weston","WN.TO","27009362379","72.1783","Canada"
"897","Cboe Global Markets","CBOE","26946334720","258.03","United States"
"898","Astellas Pharma","4503.T","26883613093","14.9935","Japan"
"899","First Quantum Minerals","FM.TO","26832708996","32.1656","Canada"
"900","China Resources Land","1109.HK","26780804871","3.75558","Hong Kong"
"901","Exor","EXO.AS","26754546144","81.2763","Netherlands"
"902","Mediobanca","MB.MI","26615356231","32.9997","Italy"
"903","nVent Electric","NVT","26611064832","164.41","United Kingdom"
"904","Hana Financial Group","086790.KS","26583408922","99.5233","South Korea"
"905","Airports of Thailand","AOT.BK","26581013219","1.86067","Thailand"
"906","Atmos Energy","ATO","26566692864","157.21","United States"
"907","Hapag-Lloyd","HLAG.DE","26530985436","150.95","Germany"
"908","ST Engineering","S63.SI","26516652698","8.50082","Singapore"
"909","Sampo","SAMPO.HE","26492147753","10.0603","Finland"
"910","Veolia","VIE.PA","26446283830","35.6387","France"
"911","Divis Laboratories","DIVISLAB.NS","26411343129","99.4895","India"
"912","Life Insurance Corporation of India (LIC)","LICI.NS","26399734400","4.17387","India"
"913","Hexagon AB","HEXA-B.ST","26395517711","9.83301","Sweden"
"914","China Everbright Bank","601818.SS","26373539737","0.446362","China"
"915","Michelin","ML.PA","26354799935","36.9476","France"
"916","Bank Rakyat Indonesia","BBRI.JK","26329903243","0.174736","Indonesia"
"917","Symbotic","SYM","26315208704","43.47","United States"
"918","PT DCI Indonesia Tbk","DCII.JK","26264979058","11.0184","Indonesia"
"919","EchoStar","ECHO","26205415424","90.11","United States"
"920","Zoom","ZM","26175916032","89.71","United States"
"921","Corpay","CPAY","26139742208","398.11","United States"
"922","Formosa Petrochemical","6505.TW","26120675674","2.74205","Taiwan"
"923","Qnity Electronics","Q","26086213632","124.69","United States"
"924","Quest Diagnostics","DGX","26083432448","236.32","United States"
"925","West Pharmaceutical Services","WST","26069997568","370.44","United States"
"926","Tower Semiconductor","TSEM","26050310144","230.47","Israel"
"927","MTR Corporation","0066.HK","26047162957","4.19921","Hong Kong"
"928","New China Life Insurance","601336.SS","26032703317","8.34503","China"
"929","China State Construction Engineering","601668.SS","26031118384","0.629982","China"
"930","American Water","AWK","26015612928","130.91","United States"
"931","Pembina Pipeline","PBA","25972246528","44.66","Canada"
"932","VeriSign","VRSN","25967400960","287.25","United States"
"933","H&amp;M","HM-B.ST","25902865922","16.2261","Sweden"
"934","VICI Properties","VICI","25886332928","23.51","United States"
"935","Roivant Sciences","ROIV","25859162112","35.8","United Kingdom"
"936","DMart","DMART.NS","25844542400","39.6239","India"
"937","Dover Corporation","DOV","25842442240","191.88","United States"
"938","Cognizant Technology Solutions","CTSH","25823967232","57.33","United States"
"939","Pop Mart International Group","9992.HK","25821326407","19.53","China"
"940","Hansoh Pharma","3692.HK","25815171178","4.25785","China"
"941","National Bank of Kuwait","NBK.KW","25784903282","2808.84","Kuwait"
"942","Insmed","INSM","25731893248","117.83","United States"
"943","BT Group","BT-A.L","25710266573","2.60922","United Kingdom"
"944","Largan Precision","3008.TW","25685818840","196.377","Taiwan"
"945","Dassault Aviation","AM.PA","25679547689","333.295","France"
"946","Mitsui Fudosan","8801.T","25567009143","9.49675","Japan"
"947","Fujifilm","4901.T","25557478516","21.3693","Japan"
"948","Copart","CPRT","25543137280","27.59","United States"
"949","Yili Group","600887.SS","25523915360","4.03517","China"
"950","EnBW Energie","EBK.DE","25462824519","78.4894","Germany"
"951","Anta Sports","2020.HK","25429319556","9.1786","China"
"952","Powergrid Corporation of India","POWERGRID.NS","25371009117","2.72789","India"
"953","DTE Energy","DTE","25270214656","121.44","United States"
"954","ATI Inc.","ATI","25256882176","185.48","United States"
"955","Las Vegas Sands","LVS","25253869568","38.99","United States"
"956","Helvetia Baloise Holding AG","HBAN.SW","25245658355","254.967","Switzerland"
"957","Hindustan Zinc","HINDZINC.NS","25222499990","5.96937","India"
"958","Nan Ya PCB","8046.TW","25195598194","38.9925","Taiwan"
"959","ADNOC Drilling Company","ADNOCDRILL.AE","25179698973","1.57","United Arab Emirates"
"960","SharkNinja","SN","25153832960","177.74","United States"
"961","Amadeus IT Group","AMS.MC","25139004767","59.8567","Spain"
"962","Incyte","INCY","25112223744","123.89","United States"
"963","LabCorp","LH","25111805952","309.64","United States"
"964","Otis Worldwide","OTIS","25101336576","65.94","United States"
"965","F5","FFIV","25089239040","443.06","United States"
"966","Sungrow Power Supply","300274.SZ","25088004972","12.101","China"
"967","FirstEnergy","FE","25055109120","43.3","United States"
"968","Coupang","CPNG","24949463040","13.88","United States"
"969","Cincinnati Financial","CINF","24946321408","162.54","United States"
"970","Verbund AG","OEWA.F","24917025895","71.7211","Austria"
"971","Lens Technology","300433.SZ","24901953892","4.7174","China"
"972","Klabin","KLBN11.SA","24878480106","3.50102","Brazil"
"973","Trip.com","TCOM","24829276160","39.43","China"
"974","W. R. Berkley","WRB","24805423104","66.82","United States"
"975","LPL Financial","LPLA","24753424384","314.36","United States"
"976","BioNTech","BNTX","24748652544","98.52","Germany"
"977","Fiserv","FISV","24716517376","46.48","United States"
"978","East Japan Railway","9020.T","24673945364","21.8534","Japan"
"979","International Consolidated Airlines","BABWF","24663492608","5.65","Spain"
"980","CLP Group","0002.HK","24654725630","9.75864","Hong Kong"
"981","Hubbell","HUBB","24652734464","466.62","United States"
"982","Principal Financial Group","PFG","24572788736","114.77","United States"
"983","Imperial Brands","IMB.L","24513365809","32.5672","United Kingdom"
"984","Raiffeisen Bank International","RAW.F","24445107628","74.4511","Austria"
"985","Philips","PHG","24396589056","24.96","Netherlands"
"986","QBE Insurance","QBE.AX","24389878631","16.325","Australia"
"987","Canon","7751.T","24387190052","29.2164","Japan"
"988","Suzuki Motor","7269.T","24373822463","12.6337","Japan"
"989","Expeditors International","EXPD","24368044032","187.46","United States"
"990","Aristocrat","ALL.AX","24344332986","40.9668","Australia"
"991","Smurfit Westrock","SW","24343107584","46.41","Ireland"
"992","E.SUN Bank","2884.TW","24336442085","1.43392","Taiwan"
"993","Fortum","FORTUM.HE","24291767389","27.0731","Finland"
"994","Hyundai Mobis","012330.KS","24272264022","274.37","South Korea"
"995","CenterPoint Energy","CNP","24267253760","36.84","United States"
"996","Circle Internet Group","CRCL","24260876288","89","United States"
"997","Tata Steel","TATASTEEL.NS","24210491404","1.94083","India"
"998","ENEOS Holdings","5020.T","24170000967","9.09867","Japan"
"999","Asian Paints","ASIANPAINT.NS","24168341903","25.211","India"
"1000","AXIA Energia SA","AXIA3.SA","24141737342","10.5224","Brazil"
"1001","Affirm","AFRM","24132366336","71.52","United States"
"1002","PPL","PPL","24104009728","32.03","United States"
"1003","AST SpaceMobile","ASTS","24054441984","61.81","United States"
"1004","Huatai Securities","601688.SS","24040733578","2.66324","China"
"1005","Eversource Energy","ES","23982880768","63.67","United States"
"1006","Xylem","XYL","23962750976","102.63","United States"
"1007","Shriram Transport Finance","SHRIRAMFIN.NS","23932469647","10.1709","India"
"1008","PPG Industries","PPG","23901696000","107.52","United States"
"1009","Fox Corporation","FOX","23841427456","56.54","United States"
"1010","Guardant Health","GH","23786270720","177.25","United States"
"1011","Banco do Brasil","BBAS3.SA","23775042538","4.16458","Brazil"
"1012","Synchrony Financial","SYF","23732549632","72.94","United States"
"1013","Formula One Group","FWONK","23719528448","94.61","United States"
"1014","Industrivarden","INDU-A.ST","23692464366","54.8565","Sweden"
"1015","NN Group","NN.AS","23687718065","91.0932","Netherlands"
"1016","Veralto","VLTO","23682084864","97.14","United States"
"1017","VAT Group","VACN.SW","23642544460","788.955","Switzerland"
"1018","Chocoladefabriken Lindt &amp; Sprüngli","LISP.SW","23610674696","10337","Switzerland"
"1019","First Citizens BancShares","FCNCA","23606687744","2090.36","United States"
"1020","Sany Heavy Industry","600031.SS","23596294391","2.56621","China"
"1021","Alfa Laval","ALFA.ST","23590526088","57.0748","Sweden"
"1022","Regions Financial","RF","23530295296","27.62","United States"
"1023","Texas Pacific Land Corporation","TPL","23525193728","341.07","United States"
"1024","China Jushi Co., Ltd.","600176.SS","23468066461","5.86242","China"
"1025","Northern Star","NST.AX","23461850894","16.4667","Australia"
"1026","AerCap","AER","23453435904","149.21","Ireland"
"1027","Abu Dhabi Islamic Bank (ADIB)","ADIB.AE","23397167965","6.44","United Arab Emirates"
"1028","Aker BP","AKRBP.OL","23372500530","37.0562","Norway"
"1029","ULTA Beauty","ULTA","23311374336","545.2","United States"
"1030","Ems-Chemie","EMSN.SW","23291137149","995.815","Switzerland"
"1031","Aluminum Corporation of China","601600.SS","23251133647","1.29579","China"
"1032","Entegris","ENTG","23208792064","151.89","United States"
"1033","S.F. Express","002352.SZ","23198982502","4.54423","China"
"1034","SK Group","034730.KS","23189168947","425.163","South Korea"
"1035","Coca-Cola FEMSA","KOF","23157475328","110.23","Mexico"
"1036","GF Securities","000776.SZ","23142088955","2.95751","China"
"1037","MFHC","2886.TW","23135608922","1.5597","Taiwan"
"1038","InterContinental Hotels Group","IHG","23113984000","158.16","United Kingdom"
"1039","EDP Group","EDP.F","22929133388","5.54658","Portugal"
"1040","Global Payments","GPN","22886844416","86.49","United States"
"1041","Church & Dwight","CHD","22861711360","96.38","United States"
"1042","Lasertec","6920.T","22855041667","254.775","Japan"
"1043","PulteGroup","PHM","22829789184","119.85","United States"
"1044","MTU Aero Engines","MTX.DE","22817340221","423.558","Germany"
"1045","PBBank (Public Bank Bhd)","1295.KL","22771788726","1.17316","Malaysia"
"1046","Central Japan Railway","9022.T","22754741341","23.968","Japan"
"1047","Nippon Steel","5401.T","22732567774","4.34965","Japan"
"1048","Tapestry","TPR","22706724864","113.88","United States"
"1049","Bandai Namco","7832.T","22692770563","35.3819","Japan"
"1050","Darden Restaurants","DRI","22679965696","199.75","United States"
"1051","Roku","ROKU","22674604032","152.68","United States"
"1052","Rubrik","RBRK","22548518912","109.55","United States"
"1053","LY Corporation","4689.T","22535725608","3.28533","Japan"
"1054","SGS","SGSN.SW","22529046097","114.014","Switzerland"
"1055","T. Rowe Price","TROW","22506956800","105.51","United States"
"1056","China Minsheng Bank","600016.SS","22484030959","0.51354","China"
"1057","Grupo Cibest (Bancolombia)","CIB","22471147520","95.15","Colombia"
"1058","Constellation Oil Services Holding","QG21.F","22466204822","14.7812","Luxembourg"
"1059","Pershing Square Inc.","PS","22464000000","56.16","United States"
"1060","Technoprobe","TPRO.MI","22434121249","35.0358","Italy"
"1061","Rivian","RIVN","22398404608","15.47","United States"
"1062","LS ELECTRIC Co., Ltd.","010120.KS","22381060133","150.425","South Korea"
"1063","China Securities (CSC Financial)","601066.SS","22332324987","3.43803","China"
"1064","HENGTONG Optic-Electric","600487.SS","22327357396","9.05264","China"
"1065","Aeon","8267.T","22291450710","8.05727","Japan"
"1066","Zhejiang Sanhua Intelligent Controls Co.,Ltd","002050.SZ","22263160271","5.29066","China"
"1067","ASUS","2357.TW","22258750406","29.9676","Taiwan"
"1068","Grasim Industries","GRASIM.NS","22257487154","32.8159","India"
"1069","Unipol Assicurazioni","UNI.MI","22247988782","31.0204","Italy"
"1070","Geely","0175.HK","22233602673","2.06136","China"
"1071","Samsara","IOT","22229571584","37.96","United States"
"1072","Next plc","NXT.L","22189170600","194.383","United Kingdom"
"1073","Bayan Resources","BYAN.JK","22166575028","0.664997","Indonesia"
"1074","Casey's General Stores","CASY","22119182336","598.46","United States"
"1075","Hindalco Industries","HINDALCO.NS","22105870205","9.95833","India"
"1076","China Unicom","0762.HK","22097193437","0.722178","Hong Kong"
"1077","Coles Group","COL.AX","22047246588","16.4036","Australia"
"1078","Verisk Analytics","VRSK","22023700480","169.21","United States"
"1079","KeyCorp (KeyBank)","KEY","21993521152","20.61","United States"
"1080","ZTE","000063.SZ","21987438182","4.59648","China"
"1081","Vinhomes","VHM.VN","21980837418","2.67575","Vietnam"
"1082","China International Capital Corporation","601995.SS","21979418127","4.55319","China"
"1083","Telefónica","TEF.MC","21979065027","3.90513","Spain"
"1084","China Merchants Securities","600999.SS","21966565005","2.5259","China"
"1085","Bank of Nanjing","601009.SS","21963759576","1.77649","China"
"1086","International Flavors & Fragrances","IFF","21863800832","85.69","United States"
"1087","Tradeweb","TW","21859899392","101.19","United States"
"1088","MACOM Technology Solutions","MTSI","21809246208","285.57","United States"
"1089","Naver","035420.KS","21785034433","145.423","South Korea"
"1090","Genmab","GMAB","21718358016","35.32","Denmark"
"1091","Bank of Ireland Group","BIRG.IR","21700475532","23.0122","Ireland"
"1092","MTN Group","MTN.JO","21624991600","11.7973","South Africa"
"1093","Arxis, Inc.","ARXS","21593016320","50.12","United States"
"1094","Hydro One","H.TO","21544630565","35.902","Canada"
"1095","Terumo","4543.T","21510974552","14.5827","Japan"
"1096","Snam","SRG.MI","21491416928","6.40428","Italy"
"1097","Samsung Fire & Marine Insurance Co., Ltd.","000810.KS","21475896255","486.215","South Korea"
"1098","Geberit","GEBN.SW","21443062776","662.674","Switzerland"
"1099","Loews Corporation","L","21428113408","104.82","United States"
"1100","SoFi","SOFI","21414236160","16.58","United States"
"1101","Markel Group","MKL","21406502912","1727.73","United States"
"1102","Legal &amp; General","LGEN.L","21404242387","3.97116","United Kingdom"
"1103","Dollar Tree","DLTR","21402988544","114.07","United States"
"1104","Royal Gold","RGLD","21392936960","252.49","United States"
"1105","Innovent Biologics","1801.HK","21375005639","12.2573","China"
"1106","Alpha Dhabi","ALPHADHABI.AE","21373338769","2.14","United Arab Emirates"
"1107","Riyad Bank","1010.SR","21287369216","5.34406","Saudi Arabia"
"1108","Ralph Lauren","RL","21276817408","357.1","United States"
"1109","Multiply Group","MULTIPLY.AE","21268186144","0.62","United Arab Emirates"
"1110","Coca-Cola HBC","CCH.L","21256083797","58.3214","Switzerland"
"1111","Banco de Chile","BCH","21233790976","42.04","Chile"
"1112","Nornickel","GMKN.ME","21214034844","1.41","Russia"
"1113","Adani Green Energy","ADANIGREEN.NS","21192443495","12.8659","India"
"1114","J. B. Hunt","JBHT","21174063104","225.46","United States"
"1115","Shenzhen Inovance","300124.SZ","21152843763","7.80611","China"
"1116","CK Infrastructure","1038.HK","21135062398","8.38822","Hong Kong"
"1117","Packaging Corporation of America","PKG","21132333056","237.18","United States"
"1118","CIMB Group","1023.KL","21130760457","1.95689","Malaysia"
"1119","Erste Bank Polska","EBP.WA","21128699798","206.76","Poland"
"1120","Bending Spoons","BSP","21121042432","33.25","Italy"
"1121","NRG Energy","NRG","21098825728","100.37","United States"
"1122","Terna","TRN.MI","21092894450","10.513","Italy"
"1123","Uniper","UN0.DE","21058273443","50.5631","Germany"
"1124","CNH Industrial","CNH","21050798080","13.09","United Kingdom"
"1125","Lundin Mining","LUN.TO","21033890486","24.7069","Canada"
"1126","Amundi","AMUN.PA","21033460285","104.539","France"
"1127","Sinopac Financial Holdings","2890.TW","20987231266","1.41977","Taiwan"
"1128","Bunge Global SA","BG","20940984320","109","United States"
"1129","Tenet Healthcare","THC","20911589376","259.71","United States"
"1130","Amrize","AMRZ","20903497728","38.22","Switzerland"
"1131","Omnicom Group","OMC","20891445248","76.15","United States"
"1132","Southwest Airlines","LUV","20879405056","42.68","United States"
"1133","CK Asset Holdings","1113.HK","20799693263","5.94315","Hong Kong"
"1134","Bank Mandiri","BMRI.JK","20798710007","0.223706","Indonesia"
"1135","TD Synnex","SNX","20794888192","263.03","United States"
"1136","Dr. Sulaiman Al Habib Medical Services Group Company","4013.SR","20792817893","59.4081","Saudi Arabia"
"1137","KGI Financial Holding","2883.TW","20790577932","1.2248","Taiwan"
"1138","Eicher Motors","EICHERMOT.NS","20629881202","75.1485","India"
"1139","TVS Motor","TVSMOTOR.NS","20622303449","43.3947","India"
"1140","Fuyao Glass Industry Group","600660.SS","20613492037","7.89867","China"
"1141","Viatris","VTRS","20479375360","17.83","United States"
"1142","Lite-On Technology","2301.TW","20478372603","9.02487","Taiwan"
"1143","YPF S.A.","YPF","20427110400","52.1","Argentina"
"1144","Rongsheng Petrochemical","002493.SZ","20415529501","2.04371","China"
"1145","United Therapeutics","UTHR","20392380416","475.45","United States"
"1146","Steris","STE","20370698240","208.93","Ireland"
"1147","Brown &amp; Brown","BRO","20351002624","60.82","United States"
"1148","XPO Logistics","XPO","20275863552","173.17","United States"
"1149","Edison International","EIX","20260456448","52.65","United States"
"1150","Dow","DOW","20239988736","28.02","United States"
"1151","Hua Nan Financial Holdings","2880.TW","20221632066","1.43863","Taiwan"
"1152","JX Advanced Metals","5016.T","20211049197","22.6177","Japan"
"1153","China Tower","0788.HK","20201478923","1.15561","China"
"1154","US Foods","USFD","20190146560","93.33","United States"
"1155","Bank of Shanghai","601229.SS","20172567586","1.4197","China"
"1156","Kingspan Group","KRX.IR","20171171004","112.046","Ireland"
"1157","Kaō","4452.T","20152347685","22.2737","Japan"
"1158","Industrias Peñoles","PE&OLES.MX","20118424386","50.6155","Mexico"
"1159","Expand Energy","EXE","20103788544","86.84","United States"
"1160","Banco Comercial Português (Millennium bcp)","BCP.LS","20093274321","1.37527","Portugal"
"1161","Traton","8TRA.DE","20088726834","40.1775","Germany"
"1162","Banco Sabadell","SAB.MC","20029236757","4.24411","Spain"
"1163","Indian Oil","IOC.NS","20002213134","1.41646","India"
"1164","Mizrahi-Tefahot","MZTF.TA","19966368708","76.6549","Israel"
"1165","Curtiss-Wright","CW","19934625792","539.73","United States"
"1166","Pan American Silver","PAAS","19918247936","48.04","Canada"
"1167","Banca Mediolanum","BMED.MI","19880537191","26.8343","Italy"
"1168","SiTime","SITM","19838642176","662.27","United States"
"1169","Lennar","LEN","19789535232","82.15","United States"
"1170","Reliance","RS","19772407808","387.28","United States"
"1171","Coeur Mining","CDE","19756908544","19.22","United States"
"1172","Kubota","6326.T","19740438618","17.5254","Japan"
"1173","CMS Energy","CMS","19739682816","62.95","United States"
"1174","Advantech","2395.TW","19730549999","22.7037","Taiwan"
"1175","Santos","STO.AX","19702821880","6.06656","Australia"
"1176","KEPCO","9503.T","19683907710","17.6687","Japan"
"1177","Carpenter Technology","CRS","19666821120","396.84","United States"
"1178","Amcor","AMCR","19654313984","42.51","Switzerland"
"1179","InterGlobe Aviation (IndiGo)","INDIGO.NS","19635444921","50.7813","India"
"1180","CRRC","1766.HK","19591528502","0.682659","China"
"1181","Alinma Bank","1150.SR","19580680370","6.52689","Saudi Arabia"
"1182","SK Innovation","096770.KS","19575930322","116.368","South Korea"
"1183","BCE Inc.","BCE","19555065856","20.97","Canada"
"1184","Knorr-Bremse","KBX.DE","19510499409","121.033","Germany"
"1185","Woodward","WWD","19503425536","330.31","United States"
"1186","Eurobank Ergasias Services and Holdings","EUROB.AT","19485433483","5.43055","Greece"
"1187","Beiersdorf","BEI.DE","19413448300","89.0229","Germany"
"1188","Constellation Brands","STZ","19408498688","113.63","United States"
"1189","Capgemini","CAP.PA","19374162158","116.71","France"
"1190","Borouge","BOROUGE.AE","19313916058","0.64","United Arab Emirates"
"1191","Torrent Pharmaceuticals","TORNTPHARM.NS","19293793367","50.724","India"
"1192","Wärtsilä","WRT1V.HE","19199986647","32.5674","Finland"
"1193","China Northern Rare Earth (CNREHT)","600111.SS","19196234173","5.31006","China"
"1194","Sociedad Química y Minera","SQM","19106314240","66.89","Chile"
"1195","First Solar","FSLR","19098458112","177.71","United States"
"1196","Snap-on","SNA","19097655296","369.2","United States"
"1197","Bank Pekao (Bank Polska Kasa Opieki)","PEO.WA","19080544467","72.6961","Poland"
"1198","Evolution Mining","EVN.AX","19078435445","9.33137","Australia"
"1199","Hyosung Heavy Industries Corporation","298040.KS","19041575220","2044.9","South Korea"
"1200","Arca Continental","AC.MX","19017918008","11.1989","Mexico"
"1201","SHEIN Global Holdings","0625.HK","19009114742","4.49752","China"
"1202","HF Sinclair","DINO","18990870528","106.82","United States"
"1203","Best Buy","BBY","18982453248","90.51","United States"
"1204","Woori Financial Group","WF","18936209408","78.03","South Korea"
"1205","NiSource","NI","18904258560","39.42","United States"
"1206","China Galaxy Securities","601881.SS","18902514044","1.72872","China"
"1207","Baosteel","600019.SS","18846170413","0.865214","China"
"1208","Western Midstream","WES","18840760320","45.6","United States"
"1209","Straumann","STMN.SW","18839233619","118.151","Switzerland"
"1210","ASICS Corporation","7936.T","18819883289","26.5476","Japan"
"1211","Bouygues","EN.PA","18819346604","49.2322","France"
"1212","Singapore Exchange","S68.SI","18817433142","17.5725","Singapore"
"1213","LyondellBasell","LYB","18781425664","58.14","United States"
"1214","Nippon Yūsen","9101.T","18771665799","46.5156","Japan"
"1215","IHI Corporation","7013.T","18738410458","17.675","Japan"
"1216","Essex Property Trust","ESS","18722861056","271.61","United States"
"1217","Sumitomo Realty &amp; Development","8830.T","18713405087","20.261","Japan"
"1218","Shanghai International Port Group (SIPG)","600018.SS","18697367946","0.803153","China"
"1219","Broadridge Financial Solutions","BR","18673350656","163.77","United States"
"1220","Fair Isaac (FICO)","FICO","18640703488","863.09","United States"
"1221","Partners Group","PGHN.SW","18631815374","723.289","Switzerland"
"1222","China National Uranium","001280.SZ","18605176453","8.99591","China"
"1223","International Paper","IP","18545537024","35.02","United States"
"1224","Telenor","TEL.OL","18541118197","13.6528","Norway"
"1225","Telefonica Brasil","VIV","18534516736","11.6","Brazil"
"1226","ITT","ITT","18530361344","206.26","United States"
"1227","SAIC Motor","600104.SS","18482093441","1.6078","China"
"1228","Galp Energia","GZ5.F","18463581454","25.5375","Portugal"
"1229","Wistron Corporation","3231.TW","18449722155","5.8017","Taiwan"
"1230","SS&C Technologies","SSNC","18446229504","78.61","United States"
"1231","Kaspi.kz Joint Stock Company","KKS.F","18442100867","95.3248","Kazakhstan"
"1232","IonQ","IONQ","18425569280","45.48","United States"
"1233","Konami Holdings","9766.T","18407934149","135.795","Japan"
"1234","Nutanix","NTNX","18406889472","68.03","United States"
"1235","Tenaga Nasional","TNABY","18376370176","12.61","Malaysia"
"1236","HD Hyundai Electric","267260.KS","18347414628","509.754","South Korea"
"1237","AVIC Shenyang Aircraft Company Limited","600760.SS","18342018871","6.47001","China"
"1238","SDIC Power Holdings","600886.SS","18318588523","2.28854","China"
"1239","Unity Software","U","18285694976","41.55","United States"
"1240","Fidelity National Information Services","FIS","18261145600","35.41","United States"
"1241","PT Amman Mineral Internasional Tbk","AMMN.JK","18254214129","0.252087","Indonesia"
"1242","Sabesp","SBS","18215952384","5.18","Brazil"
"1243","Krung Thai Bank","KTB.BK","18203413120","1.30247","Thailand"
"1244","Bank of Hangzhou","600926.SS","18191223990","2.50948","China"
"1245","Lattice Semiconductor","LSCC","18186977280","128.05","United States"
"1246","Hongkong Land","H78.SI","18178078720","8.53","Hong Kong"
"1247","The Saudi British Bank","1060.SR","18173849450","8.84461","Saudi Arabia"
"1248","Nordson","NDSN","18145181696","325.77","United States"
"1249","Euronext","ENX.PA","18123203241","181.704","Netherlands"
"1250","SBI Life Insurance","SBILIFE.NS","18064218091","18.0029","India"
"1251","National Bank of Greece","ETE.AT","18063486459","20.157","Greece"
"1252","Solar Industries India","SOLARINDS.NS","18052761751","199.5","India"
"1253","Hanwha Ocean (DSME)","042660.KS","18027939398","58.846","South Korea"
"1254","Telia Company","TELIA.ST","18006057016","4.57924","Sweden"
"1255","Evergy","EVRG","17993461760","78.04","United States"
"1256","General Mills","GIS","17986875392","33.64","United States"
"1257","China Overseas Land &amp; Investment","0688.HK","17984909250","1.64323","Hong Kong"
"1258","FTAI Aviation","FTAI","17979901952","175.06","United States"
"1259","KE Holdings","BEKE","17970208768","16.33","China"
"1260","Shandong Gold Mining","600547.SS","17958893015","3.8957","China"
"1261","Chery Automobile","9973.HK","17949343847","3.09013","China"
"1262","China Steel","2002A.TW","17940506649","1.17706","Taiwan"
"1263","Tyson Foods","TSN","17913731072","50.92","United States"
"1264","WESCO International","WCC","17906401280","367.44","United States"
"1265","IHH Healthcare","Q0F.SI","17904150385","1.97075","Malaysia"
"1266","Permian Resources","PR","17890220032","21.36","United States"
"1267","Genuine Parts Company","GPC","17868003328","129.61","United States"
"1268","Grupo Carso","GCARSOA1.MX","17862755321","7.92873","Mexico"
"1269","Nomura Research Institute","4307.T","17862472754","31.8915","Japan"
"1270","Mashreqbank","MASQ.AE","17860872666","89.0329","United Arab Emirates"
"1271","First Financial Holding","2892.TW","17860726613","1.2421","Taiwan"
"1272","Swire Properties","1972.HK","17850095737","3.10033","Hong Kong"
"1273","Daiwa House","1925.T","17840277481","28.796","Japan"
"1274","Doosan","000150.KS","17833170576","1046.72","South Korea"
"1275","Samvardhana Motherson","MOTHERSON.NS","17813896373","1.69153","India"
"1276","Sonova","SOON.SW","17803946597","299.707","Switzerland"
"1277","Dupont De Nemours","DD","17786511360","131.71","United States"
"1278","Kasikornbank","KBANK.BK","17775247840","7.50223","Thailand"
"1279","Resonac Holdings Corporation","4004.T","17756218291","93.5981","Japan"
"1280","Cellnex Telecom","CLNX.MC","17753945164","26.8684","Spain"
"1281","Julius Bär","BAER.SW","17753295865","86.2799","Switzerland"
"1282","ageas","AGS.BR","17745497955","84.8143","Belgium"
"1283","Galaxy Entertainment","0027.HK","17708270651","4.04368","Hong Kong"
"1284","Toast","TOST","17686800384","30.6","United States"
"1285","MKS Instruments","MKSI","17636012032","260.82","United States"
"1286","Wilmar International","F34.SI","17628460787","2.82318","Singapore"
"1287","SBA Communications","SBAC","17626540032","166.15","United States"
"1288","Vodacom","VOD.JO","17621925300","9.1222","South Africa"
"1289","Air China","601111.SS","17621167856","0.859881","China"
"1290","Great Wall Motors","601633.SS","17611835584","2.05864","China"
"1291","PTT Exploration and Production","PTTEP.BK","17610235256","4.43584","Thailand"
"1292","QNB Finansbank","QNBTR.IS","17607691808","3.2014","Turkey"
"1293","Onto Innovation","ONTO","17581545472","287.64","United States"
"1294","Al Dar Properties","ALDAR.AE","17575742734","2.24","United Arab Emirates"
"1295","Essity","ESSITY-B.ST","17562604788","25.9979","Sweden"
"1296","Brambles","BXB.AX","17550805334","13.2042","Australia"
"1297","Nippon Paint","4612.T","17536192392","7.56046","Japan"
"1298","Zebra Technologies","ZBRA","17506836480","370.04","United States"
"1299","Saudi Electricity","5110.SR","17493544850","4.19852","Saudi Arabia"
"1300","East West Bancorp","EWBC","17432018944","127.23","United States"
"1301","Halma","HLMA.L","17427073538","46.1426","United Kingdom"
"1302","Equifax","EFX","17400688640","148.11","United States"
"1303","Magna International","MGA","17388789760","65","Canada"
"1304","IREN (Iris Energy)","IREN","17387837440","44.125","Australia"
"1305","Zimmer Biomet","ZBH","17364760576","91.04","United States"
"1306","Hyundai Motor India","HYUNDAI.NS","17358872111","21.3637","India"
"1307","Hwatsing Technology","688120.SS","17354219153","34.9685","China"
"1308","CF Industries","CF","17353943040","114.67","United States"
"1309","TPG Inc.","TPG","17337284608","44.39","United States"
"1310","WSP Global","WSP.TO","17335336660","128.585","Canada"
"1311","Stellantis","STLA","17329688576","4.6","Netherlands"
"1312","COSCO Shipping Energy","600026.SS","17321027281","3.16932","China"
"1313","Associated British Foods","ABF.L","17307977766","24.7601","United Kingdom"
"1314","Carlsberg","CARL-B.CO","17306114726","130.936","Denmark"
"1315","Telecom Italia","TIT.MI","17280108426","8.10033","Italy"
"1316","Medpace","MEDP","17273966592","618.88","United States"
"1317","SPEEH Hidroelectrica","H2O.RO","17272509780","38.4002","Romania"
"1318","HD Korea Shipbuilding &amp; Offshore Engineering","009540.KS","17269292939","244.211","South Korea"
"1319","KPN","KPN.AS","17262250453","4.57627","Netherlands"
"1320","B3","B3SA3.SA","17254830048","3.46437","Brazil"
"1321","Hengli Petrochemical","600346.SS","17254653319","2.45126","China"
"1322","Rogers Communications","RCI","17238589440","31.91","Canada"
"1323","Plains All American Pipeline","PAA","17229932544","24.42","United States"
"1324","POSCO","PKX","17226412032","56.95","South Korea"
"1325","Bank of Beijing","601169.SS","17201992207","0.813603","China"
"1326","C. H. Robinson","CHRW","17188820992","147.1","United States"
"1327","News Corp","NWS","17132903424","31.75","United States"
"1328","DLF","DLF.NS","17111084716","6.9127","India"
"1329","MasTec","MTZ","17092908032","212.85","United States"
"1330","Nidec","6594.T","17085018747","14.9044","Japan"
"1331","Hong Kong and China Gas","0003.HK","17043899607","0.913399","Hong Kong"
"1332","Wolters Kluwer","WKL.AS","17028799194","76.5556","Netherlands"
"1333","Semtech","SMTC","17013261312","182.3","United States"
"1334","Norsk Hydro","NHY.OL","17008523745","8.65451","Norway"
"1335","IDEX","IEX","16961473536","230.08","United States"
"1336","Furukawa Electric","5801.T","16959980200","24.1081","Japan"
"1337","Bankinter","BKT.MC","16959812277","18.8716","Spain"
"1338","Pernod Ricard","RI.PA","16940341019","67.2733","France"
"1339","Fortive","FTV","16940136448","56.09","United States"
"1340","ASR Nederland","ASRNL.AS","16938324702","84.0405","Netherlands"
"1341","Kazatomprom","0ZQ.F","16934443496","65.294","Kazakhstan"
"1342","CDW Corporation","CDW","16931108864","135.43","United States"
"1343","FedEx Freight","FDXF","16922462208","113.18","United States"
"1344","SEGRO","SGRO.L","16907994229","12.4967","United Kingdom"
"1345","CSG N.V. (The Czechoslovak Group)","CSG.AS","16887725755","16.8877","Czech Republic"
"1346","NVR","NVR","16865936384","6297.6","United States"
"1347","Revvity","RVTY","16861820928","151.11","United States"
"1348","BE Semiconductor","BESI.AS","16859097786","213.059","Netherlands"
"1349","Tourmaline Oil","TOU.TO","16847275309","43.3536","Canada"
"1350","Falabella","FALABELLA.SN","16845244606","6.71434","Chile"
"1351","Kuaishou Technology","1024.HK","16830863303","3.91365","China"
"1352","Dynatrace","DT","16818762752","57.95","United States"
"1353","Tractor Supply","TSCO","16813965312","32.27","United States"
"1354","SCREEN Holdings","7735.T","16813051935","88.9166","Japan"
"1355","SITC International","1308.HK","16800280356","6.244","Hong Kong"
"1356","KGHM Polska Miedź","KGH.WA","16791809667","83.9591","Poland"
"1357","Franklin Resources","BEN","16776698880","33.02","United States"
"1358","Xi'an Eswin Material Technology Co.,Ltd.","688783.SS","16763386454","4.15161","China"
"1359","Tata Motors","TATAMOTORS.NS","16633915542","4.51722","India"
"1360","Ovintiv","OVV","16631958528","60.13","United States"
"1361","Bitmine Immersion Technologies","BMNR","16624918528","27.56","United States"
"1362","APi Group","APG","16620883968","38.46","United States"
"1363","Singapore Airlines","C6L.SI","16598256081","5.26316","Singapore"
"1364","Evergreen Marine","2603.TW","16543675812","7.64127","Taiwan"
"1365","Sartorius","SRT.DE","16534531379","239.449","Germany"
"1366","Korea Zinc","010130.KS","16530836203","810.604","South Korea"
"1367","Clean Harbors","CLH","16524520448","313.04","United States"
"1368","Alliant Energy","LNT","16490507264","63.6","United States"
"1369","Computershare","CPU.AX","16471970435","28.4791","Australia"
"1370","mBank","MBK.WA","16435133413","386.474","Poland"
"1371","DigitalOcean","DOCN","16431741952","139.75","United States"
"1372","Vonovia","VNA.DE","16421489517","19.355","Germany"
"1373","Adani Energy Solutions","ADANIENSOL.NS","16408408241","13.417","India"
"1374","Huaneng Power International","600011.SS","16385557257","1.03604","China"
"1375","Akamai","AKAM","16375070720","113.94","United States"
"1376","Zangge Mining Company","000408.SZ","16371652405","10.435","China"
"1377","DWS Group","DWS.F","16369012867","81.8451","Germany"
"1378","Daiwa Securities Group","8601.T","16366433221","11.7865","Japan"
"1379","HANMI Semiconductor","042700.KS","16361423317","172.492","South Korea"
"1380","Powszechny Zakład Ubezpieczeń","PZU.WA","16346563228","18.9301","Poland"
"1381","Wipro","WIT","16324011008","1.65","India"
"1382","Reinsurance Group of America","RGA","16237258752","248.65","United States"
"1383","Power Assets","0006.HK","16232557063","7.61697","Hong Kong"
"1384","Henderson Land Development","0012.HK","16231912716","3.35274","Hong Kong"
"1385","Sumitomo Metal Mining","5713.T","16213475683","60.3881","Japan"
"1386","Jacobs Engineering","J","16194631680","138.37","United States"
"1387","Banco Santander-Chile","BSAC","16192233472","34.37","Chile"
"1388","DiDi","DIDIY","16181983232","3.59","China"
"1389","Amer Sports","AS","16157197312","27.77","Finland"
"1390","Tatneft","TATN.ME","16157173292","7.5","Russia"
"1391","ING Bank Slaski","ING.WA","16042364811","123.308","Poland"
"1392","RBC Bearings","RBC","16022744064","506.1","United States"
"1393","Industries Qatar","IQCD.QA","16022527538","2.64835","Qatar"
"1394","Burlington Stores","BURL","15998402560","254.69","United States"
"1395","Metso","METSO.HE","15995183571","19.3152","Finland"
"1396","Secom","9735.T","15977395654","40.0507","Japan"
"1397","Keppel","BN4.SI","15949991284","8.89966","Singapore"
"1398","Pidilite","PIDILITIND.NS","15948181517","15.6579","India"
"1399","BAWAG Group","0B2.F","15905963598","206.575","Austria"
"1400","Yangzijiang Shipbuilding (Holdings) Ltd.","BS6.SI","15886069147","4.03652","China"
"1401","Shionogi","4507.T","15819859808","18.5859","Japan"
"1402","Meritz Financial Group","138040.KS","15787851898","98.1258","South Korea"
"1403","China Tourism Group Duty Free","601888.SS","15754231721","7.58218","China"
"1404","TCL Technology Group Corporation","000100.SZ","15726093045","0.716568","China"
"1405","Invitation Homes","INVH","15722390528","26.62","United States"
"1406","Continental","CON.DE","15721591907","78.6056","Germany"
"1407","Futu Holdings","FUTU","15683558400","111.87","Hong Kong"
"1408","Sterling Infrastructure","STRL","15670191104","512.29","United States"
"1409","Rede D'Or Sao Luiz","RDOR3.SA","15669647492","7.2123","Brazil"
"1410","Lundin Gold","LUG.TO","15643118407","64.6913","Canada"
"1411","Türkiye Petrol Rafinerileri","TUPRS.IS","15637467837","8.11579","Turkey"
"1412","SCB (Siam Commercial Bank)","SCB.BK","15587531693","4.62935","Thailand"
"1413","Mitsui O.S.K. Lines","9104.T","15585372670","45.3564","Japan"
"1414","Public Power Corporation","PPC.AT","15581088512","26.5271","Greece"
"1415","Whitecap Resources","WCP.TO","15578772323","12.8125","Canada"
"1416","Host Hotels & Resorts","HST","15575767040","22.42","United States"
"1417","Kerry Group","KRZ.IR","15574874157","97.9979","Ireland"
"1418","Polyus","PLZL.ME","15558428397","11.92","Russia"
"1419","Corebridge Financial","CRBG","15543951360","34.87","United States"
"1420","Saudi Arabian Fertilizer Company","2020.SR","15535161022","32.6345","Saudi Arabia"
"1421","Millicom","TIGO","15534977024","92.63","Luxembourg"
"1422","Annaly Capital Management","NLY","15534054400","20.61","United States"
"1423","EDP Renováveis","EDPR.LS","15526017791","14.6513","Spain"
"1424","Leidos","LDOS","15512091648","123.61","United States"
"1425","CVC Capital Partners plc","CVC.AS","15485180100","14.2077","Jersey"
"1426","Jazz Pharmaceuticals","JAZZ","15446423552","237.95","Ireland"
"1427","EVE Energy","300014.SZ","15436878235","7.10298","China"
"1428","ABB India","ABB.NS","15392553109","72.6378","India"
"1429","Luzhou Laojiao","000568.SZ","15372500115","10.444","China"
"1430","LATAM Airlines","LTM","15354419200","52.45","Chile"
"1431","South32","S32.AX","15343688397","3.42384","Australia"
"1432","Tempus AI","TEM","15338758144","85.01","United States"
"1433","FinecoBank","FBK.MI","15311138544","25.0256","Italy"
"1434","Swedish Orphan Biovitrum","SOBI.ST","15295709914","43.8651","Sweden"
"1435","RB Global","RBA","15277147136","82.49","Canada"
"1436","Zhejiang Century Huatong","002602.SZ","15261602499","2.07058","China"
"1437","GFL Environmental","GFL","15254834176","42.27","Canada"
"1438","Solventum","SOLV","15235023872","89.5","United States"
"1439","Mapfre","MAP.MC","15229640214","4.96189","Spain"
"1440","Nexon","3659.T","15220260181","19.5413","Japan"
"1441","Vodafone Idea","IDEA.NS","15203466145","0.140327","India"
"1442","Eurofins Scientific","ERF.PA","15197863716","88.8181","Luxembourg"
"1443","PMetal (Press Metal Aluminium)","8869.KL","15175587027","1.84178","Malaysia"
"1444","Jio Financial Services","JIOFIN.NS","15168171331","2.29711","India"
"1445","T&amp;D Holdings","8795.T","15165975015","31.9616","Japan"
"1446","Unibail-Rodamco-Westfield","URW.PA","15164031297","104.925","France"
"1447","The Phoenix Holdings","PHOE.TA","15163352516","60.0404","Israel"
"1448","Zhongjin Gold","600489.SS","15160062836","3.12752","China"
"1449","VeriSilicon Microelectronics","688521.SS","15152666482","28.812","China"
"1450","Varun Beverages","VBL.NS","15152335911","4.47963","India"
"1451","James Hardie Industries","JHX","15151637504","26.1","Ireland"
"1452","Nippon Sanso","4091.T","15141497267","34.9807","Japan"
"1453","LG Chem","051910.KS","15114026035","193.089","South Korea"
"1454","Fisher & Paykel Healthcare","FPH.NZ","15103891394","25.6763","New Zealand"
"1455","UPM-Kymmene","UPM.HE","15098106713","28.6316","Finland"
"1456","China Three Gorges Renewables","600905.SS","15064999874","0.526976","China"
"1457","W. P. Carey","WPC","15056416768","66.09","United States"
"1458","Kimco Realty","KIM","15052514304","22.44","United States"
"1459","Ball Corporation","BALL","15043092480","56.83","United States"
"1460","Japan Exchange Group","8697.T","15038111342","14.7101","Japan"
"1461","PharmaEssentia","6446.TW","15025965451","36.3196","Taiwan"
"1462","PTC","PTC","14986885120","138.12","United States"
"1463","APA Corporation","APA","14974024704","42.74","United States"
"1464","Banco de Crédito e Inversiones","BCI.SN","14963205532","68.4488","Chile"
"1465","Fabrinet","FN","14957114368","417.39","Cayman Islands"
"1466","Bharat Heavy Electricals Limited","BHEL.NS","14941785035","4.29107","India"
"1467","Shanghai Electric Group","601727.SS","14940194960","0.961395","China"
"1468","Hyatt Hotels","H","14934637568","158.48","United States"
"1469","Azrieli Group","AZRG.TA","14907457941","119.722","Israel"
"1470","Asahi Group","2502.T","14878067613","10.1719","Japan"
"1471","Emirates Integrated Telecommunications Company","DU.AE","14859559052","3.27815","United Arab Emirates"
"1472","BOSCH India","BOSCHLTD.NS","14855502232","503.643","India"
"1473","Ascendis Pharma","ASND","14840728576","225.6","Denmark"
"1474","Jones Lang LaSalle","JLL","14810340352","321.91","United States"
"1475","Lincoln Electric","LECO","14809214976","271.7","United States"
"1476","Guosen Securities","002736.SZ","14800119167","1.44508","China"
"1477","Omega Healthcare Investors","OHI","14777077760","46.28","United States"
"1478","Sichuan Biokin Pharmaceutical","688506.SS","14763632688","35.7582","China"
"1479","Elia Group","ELI.BR","14761907173","135.252","Belgium"
"1480","HMM","011200.KS","14743730950","15.631","South Korea"
"1481","Lundbergföretagen","LUND-B.ST","14724622687","59.3735","Sweden"
"1482","Viper Energy","VNOM","14701846528","40.93","United States"
"1483","Inspur","000977.SZ","14698798411","10.0096","China"
"1484","Datang International Power Generation Company","601991.SS","14697953358","0.794196","China"
"1485","Equitable Holdings","EQH","14685710336","53.84","United States"
"1486","Hua Xia Bank","600015.SS","14682807219","0.922581","China"
"1487","Charter Communications","CHTR","14673513472","112.91","United States"
"1488","Piraeus Financial Holdings","TPEIR.AT","14673042472","11.9099","Greece"
"1489","Informa plc","INF.L","14664945087","11.7385","United Kingdom"
"1490","Nitto Denko","6988.T","14650341074","22.1464","Japan"
"1491","ZTO Express","ZTO","14646744064","19.49","China"
"1492","Airtel Africa","AAF.L","14641558840","4.03478","United Kingdom"
"1493","Emera","EMA.TO","14639416127","47.6621","Canada"
"1494","Lamar Advertising","LAMR","14621122560","143.98","United States"
"1495","Symrise","SY1.DE","14605919280","106.473","Germany"
"1496","Blue Owl Capital","OWL","14605897728","9.32","United States"
"1497","Evolution Gaming","EVO.ST","14600755444","79.7602","Sweden"
"1498","BB Seguridade Participações","BBSE3.SA","14599992720","7.52093","Brazil"
"1499","Trent Limited","TRENT.NS","14587644842","27.357","India"
"1500","Talen Energy","TLN","14586059776","304.42","United States"
"1501","Admiral Group","ADM.L","14579812635","48.7779","United Kingdom"
"1502","Unum","UNM","14578472960","92.09","United States"
"1503","Lifco","LIFCO-B.ST","14571600149","32.0807","Sweden"
"1504","Lingyi iTECH","002600.SZ","14558994111","1.79291","China"
"1505","Cholamandalam Investment and Finance","CHOLAFIN.NS","14540208219","17.0247","India"
"1506","ADNOC Logistics &amp; Services","ADNOCLS.AE","14523844249","1.96","United Arab Emirates"
"1507","China Satellite Communications","601698.SS","14523572815","3.43803","China"
"1508","Aramark","ARMK","14478286848","54.92","United States"
"1509","Logitech","LOGI","14474908672","101.09","Switzerland"
"1510","JD Health","6618.HK","14450685048","4.53066","China"
"1511","Rollins","ROL","14448796672","30.03","United States"
"1512","Endeavour Mining","EDV.TO","14444860463","59.9308","United Kingdom"
"1513","Flutter Entertainment","FLUT","14443660288","83.23","Ireland"
"1514","Alamos Gold","AGI","14441854976","34.5","Canada"
"1515","Boliden","BOL.ST","14422787763","50.7912","Sweden"
"1516","Weyerhaeuser","WY","14421927936","20.01","United States"
"1517","Exelixis","EXEL","14410983424","58.16","United States"
"1518","Dubai Islamic Bank","DIB.AE","14403847834","1.99303","United Arab Emirates"
"1519","Healthpeak Properties","DOC","14398718976","20.31","United States"
"1520","Kajima","1812.T","14387295450","31.1336","Japan"
"1521","Performance Food Group","PFGC","14379984896","91.55","United States"
"1522","GD Power Development","600795.SS","14377981553","0.806139","China"
"1523","Coloplast","COLO-B.CO","14356930498","63.7043","Denmark"
"1524","Pinnacle Financial Partners","PNFP","14351167488","94.97","United States"
"1525","INNIO N.V.","INIO","14340000768","19.12","Germany"
"1526","Emaar Development","EMAARDEV.AE","14310608297","3.57765","United Arab Emirates"
"1527","Kirin Holdings","2503.T","14308727891","18.0572","Japan"
"1528","Carlyle Group","CG","14264001536","40.03","United States"
"1529","GlobalWafers","6488.TWO","14252753598","29.8104","Taiwan"
"1530","Tech Mahindra","TECHM.NS","14233473242","16.0663","India"
"1531","Everest Group","EG","14203299840","370.43","Bermuda"
"1532","Warner Music Group","WMG","14197198848","27.14","United States"
"1533","CG Power and Industrial Solutions","CGPOWER.NS","14197105165","9.01136","India"
"1534","Covestro","1COV.F","14195408397","68.3654","Germany"
"1535","Sun Communities","SUI","14184353792","112.26","United States"
"1536","Suncorp","SUN.AX","14175667429","13.3726","Australia"
"1537","Sieyuan Electric","002028.SZ","14144172137","18.0739","China"
"1538","Korea Electric Power","KEP","14136049664","11.01","South Korea"
"1539","Charles River Laboratories","CRL","14105437184","292.84","United States"
"1540","Sunoco","SUN","14085820416","74.76","United States"
"1541","Mid-America Apartment Communities","MAA","14079364096","118.35","United States"
"1542","LTIMindtree","LTIM.NS","14069121851","47.4605","India"
"1543","Neurocrine Biosciences","NBIX","14068246528","138.4","United States"
"1544","Hitachi Energy India","POWERINDIA.NS","14051044336","315.241","India"
"1545","Siemens India","SIEMENS.NS","14044111817","39.4364","India"
"1546","Osaka Gas","9532.T","14041095611","37.1972","Japan"
"1547","CGI","GIB","14033500160","67.77","Canada"
"1548","Cummins India","CUMMINSIND.NS","14020273344","50.5782","India"
"1549","Tongfu Microelectronics Co.,Ltd","002156.SZ","14014076775","8.79288","China"
"1550","Grupo Financiero Inbursa","GFINBURO.MX","14011361494","2.34107","Mexico"
"1551","Cemex","CX","14011068416","9.71","Mexico"
"1552","Embraer","EMBJ","13992855552","78.63","Brazil"
"1553","Israel Discount Bank","DSCT.TA","13951173543","11.4021","Israel"
"1554","Asahi Kasei","3407.T","13943021825","10.4553","Japan"
"1555","Equinox Gold","EQX","13939470336","11.94","Canada"
"1556","Sekisui House","1928.T","13938518654","21.4967","Japan"
"1557","SK Telecom","SKM","13935208448","36.3","South Korea"
"1558","United Utilities","UU.L","13932884993","18.7556","United Kingdom"
"1559","Strabag","XD4.F","13919833475","120.578","Austria"
"1560","IGM Financial","IGM.TO","13913987551","60.2627","Canada"
"1561","China Communications Construction","601800.SS","13907673135","0.857768","China"
"1562","Huagong Tech","000988.SZ","13901354529","13.8253","China"
"1563","S-OIL","010950.KS","13890184459","119.31","South Korea"
"1564","Diploma plc","DPLM.L","13863789018","103.388","United Kingdom"
"1565","CapitaLand Mall Trust","C38U.SI","13809050481","1.75178","Singapore"
"1566","Stanley Black &amp; Decker","SWK","13802920960","91.4","United States"
"1567","Brookfield Renewable Partners","BEP","13791437824","28.35","Bermuda"
"1568","Ares Capital","ARCC","13786039296","19.2","United States"
"1569","Penske Automotive Group","PAG","13764250624","209.62","United States"
"1570","Chow Tai Fook","1929.HK","13759959514","1.39464","Hong Kong"
"1571","Abu Dhabi National Oil Company (ADNOC)","ADNOCDIST.AE","13749727488","1.1","United Arab Emirates"
"1572","Yum China","YUMC","13702725632","40.47","China"
"1573","Pan Pacific International Holdings","7532.T","13693019033","4.57831","Japan"
"1574","Regency Centers","REG","13690988544","73.23","United States"
"1575","Moncler","MONC.MI","13681475962","50.3014","Italy"
"1576","Olympus","7733.T","13674831866","12.8662","Japan"
"1577","Vår Energi","VAR.OL","13674369704","5.47797","Norway"
"1578","Tencent Music Entertainment","TME","13673730048","8.39","China"
"1579","CACI International Inc","CACI","13664622592","618.32","United States"
"1580","Union Bank of India","UNIONBANK.NS","13658420944","1.78925","India"
"1581","CSPC Pharmaceutical Group Limited","1093.HK","13652816335","1.19704","China"
"1582","Invesco","IVZ","13651173376","30.92","United States"
"1583","Chubu Electric Power","9502.T","13642610067","18.0604","Japan"
"1584","OBIC","4684.T","13639320765","31.7641","Japan"
"1585","REA Group","REA.AX","13636853616","104.21","Australia"
"1586","Ryohin Keikaku","7453.T","13635775165","25.6877","Japan"
"1587","Banque Cantonale Vaudoise","BCVN.SW","13634768685","158.753","Switzerland"
"1588","MMG Limited","1208.HK","13633601869","1.06128","Australia"
"1589","Gjensidige Forsikring","GJF.OL","13630259563","27.2625","Norway"
"1590","Kokusai Electric","6525.T","13629826037","58.4009","Japan"
"1591","Bureau Veritas","BVI.PA","13622790781","30.6336","France"
"1592","TTM Technologies","TTMI","13607912448","129.17","United States"
"1593","Masco","MAS","13576353792","68.85","United States"
"1594","Qatar Islamic Bank","QIBK.QA","13567382958","5.74176","Qatar"
"1595","Banque Saudi Fransi","1050.SR","13564462024","5.47993","Saudi Arabia"
"1596","ARC Resources","ARX.TO","13553317936","23.9511","Canada"
"1597","Concordia Financial Group","7186.T","13552970752","12.2101","Japan"
"1598","RenaissanceRe","RNR","13529295872","325.6","Bermuda"
"1599","Investment AB Latour","LATO-B.ST","13508495124","21.1295","Sweden"
"1600","Trimble","TRMB","13489453056","57.85","United States"
"1601","Punjab National Bank","PNB.NS","13481668320","1.17304","India"
"1602","Satellite Chemical","002648.SZ","13472370885","3.99934","China"
"1603","Bharat Petroleum","BPCL.NS","13453368839","3.14877","India"
"1604","Somnigroup International","SGI","13452872704","63.95","United States"
"1605","Wayfair","W","13443416064","98.15","United States"
"1606","Skyworks Solutions","SWKS","13443237888","89.34","United States"
"1607","Dick's Sporting Goods","DKS","13441978368","136.43","United States"
"1608","Unisplendour","000938.SZ","13432375785","4.6965","China"
"1609","Ipsen","IPN.PA","13409485215","162.553","France"
"1610","Check Point Software","CHKP","13399687168","131.24","Israel"
"1611","KT&amp;G (Korea Tobacco)","033780.KS","13393617214","129.02","South Korea"
"1612","Metro","MRU.TO","13391433644","63.9921","Canada"
"1613","Mueller Industries","MLI","13385897984","60.52","United States"
"1614","Obayashi","1802.T","13380552068","19.4648","Japan"
"1615","Orion Corporation","ORNAV.HE","13370200239","94.9835","Finland"
"1616","Taiwan Cooperative Financial","5880.TW","13368440082","0.831735","Taiwan"
"1617","iFLYTEK","002230.SZ","13357638122","5.56086","China"
"1618","Telus","TU","13356000256","8.48","Canada"
"1619","Modon Holding PSC","MODON.AE","13352548532","0.82","United Arab Emirates"
"1620","Kawasaki Heavy Industries","7012.T","13348154116","15.2865","Japan"
"1621","UL Solutions","ULS","13335374848","66.05","United States"
"1622","Tyler Technologies","TYL","13332831232","325.57","United States"
"1623","Carrefour","CA.PA","13325602483","18.8318","France"
"1624","Amkor Technology","AMKR","13319537664","53.61","United States"
"1625","Grupo Bimbo","BIMBOA.MX","13313143963","3.09876","Mexico"
"1626","Harel Group","HARL.TA","13311746012","64.7641","Israel"
"1627","Uni-President Enterprises","1216.TW","13311220505","2.34269","Taiwan"
"1628","ICON plc","ICLR","13295984640","172.33","Ireland"
"1629","SBI Holdings","8473.T","13294174505","20.5667","Japan"
"1630","Apollo Hospitals","APOLLOHOSP.NS","13271507971","92.3013","India"
"1631","True Corporation","TRUE.BK","13269486898","0.384043","Thailand"
"1632","Anhui Conch Cement","600585.SS","13266848120","2.50351","China"
"1633","TransUnion","TRU","13252971520","69.17","United States"
"1634","H World Group Limited","HTHT","13247051776","42","China"
"1635","Ebara Corporation","6361.T","13241178344","29.0762","Japan"
"1636","Topicus","TOI.V","13235332588","62.085","Canada"
"1637","Origin Energy","ORG.AX","13235169447","7.68259","Australia"
"1638","Textron","TXT","13172476928","76.59","United States"
"1639","Quantinuum Inc.","QNT","13159014400","49.53","United States"
"1640","AEGON","AEG","13157116928","8.89","Netherlands"
"1641","Telkom Indonesia","TLK","13150697472","13.34","Indonesia"
"1642","Allegion","ALLE","13135632384","154.47","Ireland"
"1643","Ganfeng Lithium","002460.SZ","13114904897","6.25504","China"
"1644","BSE","BSE.NS","13105374651","32.269","India"
"1645","Kingdom Holding","4280.SR","13101371891","3.53518","Saudi Arabia"
"1646","iA Financial","IAG.TO","13100417439","148.22","Canada"
"1647","Watsco","WSO","13086433280","317.23","United States"
"1648","Etihad Etisalat (Mobily)","7020.SR","13075532512","17.0365","Saudi Arabia"
"1649","Assurant","AIZ","13070798848","265","United States"
"1650","Jiangsu Eastern Shenghong","000301.SZ","13057444960","1.97504","China"
"1651","Daifuku","6383.T","13049813617","35.0953","Japan"
"1652","China Southern Airlines","600029.SS","13039005439","0.719553","China"
"1653","Shanghai United Imaging Healthcare","688271.SS","13026878744","15.8063","China"
"1654","Acciona","ANA.MC","13012128730","244.568","Spain"
"1655","Toromont","TIH.TO","13004069727","159.436","Canada"
"1656","Vicor","VICR","13000253440","281.96","United States"
"1657","China Resources Power Holdings","0836.HK","12981698976","2.50754","Hong Kong"
"1658","Insurance Australia Group","IAG.AX","12976771408","5.55048","Australia"
"1659","Allegro.eu","ALE.WA","12968234346","12.9634","Poland"
"1660","Carlisle Companies","CSL","12961501184","326.37","United States"
"1661","Albemarle","ALB","12948695040","109.73","United States"
"1662","Gen Digital","GEN","12941451264","21.62","United States"
"1663","LG Corp","003550.KS","12930800806","83.8556","South Korea"
"1664","Halozyme Therapeutics","HALO","12927422464","113.9","United States"
"1665","J.M. Smucker Company","SJM","12925604864","121","United States"
"1666","Alteogen","196170.KQ","12920162173","185.733","South Korea"
"1667","Lennox","LII","12917743616","373.77","United States"
"1668","IES Holdings","IESC","12916163584","324.13","United States"
"1669","Avery Dennison","AVY","12909752320","170.34","United States"
"1670","QXO, Inc.","QXO","12896009216","12.43","United States"
"1671","McCormick & Company","MKC","12888742912","47.94","United States"
"1672","Tryg","TRYG.CO","12883446097","21.6202","Denmark"
"1673","“K” Line","9107.T","12870413098","21.7005","Japan"
"1674","Taisei Corporation","1801.T","12869331970","78.9485","Japan"
"1675","Polycab India","POLYCAB.NS","12853961918","85.3318","India"
"1676","Grupo Aeroportuario del Pacífico","PAC","12848823296","215.94","Mexico"
"1677","Globe Life","GL","12836931584","167.04","United States"
"1678","Formosa Plastics","1301.TW","12831167923","2.01566","Taiwan"
"1679","RPM International","RPM","12820463616","100.44","United States"
"1680","BridgeBio Pharma","BBIO","12818475008","65.57","United States"
"1681","Grab Holdings","GRAB","12805775360","3.13","Singapore"
"1682","Tōkyō Gas","9531.T","12787742261","39.1462","Japan"
"1683","Fuji Electric","6504.T","12743922751","87.2924","Japan"
"1684","Idemitsu Kosan","5019.T","12734220146","10.6241","Japan"
"1685","MOL Group","MOL.BD","12709686756","16.0752","Hungary"
"1686","Prada","1913.HK","12689198182","4.959","Italy"
"1687","BWX Technologies","BWXT","12686896128","138.47","United States"
"1688","SEI Investments","SEIC","12680027136","105.65","United States"
"1689","Coca-Cola Consolidated","COKE","12666519552","190.29","United States"
"1690","Japan Post Insurance","7181.T","12665775120","11.6878","Japan"
"1691","Delivery Hero","DHER.F","12657509771","41.3036","Germany"
"1692","Toll Brothers","TOL","12655468544","137.34","United States"
"1693","LTM Limited","LTM.NS","12636122133","42.6232","India"
"1694","Samsung Heavy Industries","010140.KS","12628669179","14.7851","South Korea"
"1695","Zydus Lifesciences","ZYDUSLIFE.NS","12625972553","12.6576","India"
"1696","Madison Air Solutions","MAIR","12623341568","25.16","United States"
"1697","DocuSign","DOCU","12615915520","67.5","United States"
"1698","Graco","GGG","12609724416","77.86","United States"
"1699","Jerónimo Martins","JEM.F","12602997002","20.0546","Portugal"
"1700","Webster Financial","WBS","12568934400","77.57","United States"
"1701","Washington H. Soul Pattinson and Company (Soul Patts)","SOL.AX","12568029819","33.0808","Australia"
"1702","AMH (American Homes 4 Rent)","AMH","12560928768","30.64","United States"
"1703","Penumbra","PEN","12560893952","318.89","United States"
"1704","Romgaz","SNG.RO","12557829162","3.2582","Romania"
"1705","Corcept Therapeutics","CORT","12550223872","116.1","United States"
"1706","Bajaj Holdings &amp; Investment","BAJAJHLDNG.NS","12521824998","112.512","India"
"1707","Aéroports de Paris","ADP.PA","12513087452","126.493","France"
"1708","Mitsubishi HC Capital","8593.T","12511420046","8.72606","Japan"
"1709","Scentre Group","SCG.AX","12511285578","2.39248","Australia"
"1710","BorgWarner","BWA","12488820736","61.32","United States"
"1711","Sino Biopharmaceutical","1177.HK","12475978077","0.700506","China"
"1712","Chiba Bank","CHBAY","12475944960","90.24","Japan"
"1713","DT Midstream","DTM","12474430464","122.28","United States"
"1714","Samsung SDS","018260.KS","12460419423","161.091","South Korea"
"1715","Summit Therapeutics","SMMT","12452871168","15.61","United Kingdom"
"1716","CNA Financial","CNA","12442230784","45.98","United States"
"1717","Innolux","3481.TW","12435494408","1.55813","Taiwan"
"1718","UDR Apartments","UDR","12431605760","33.84","United States"
"1719","Forgent Power Solutions","FPS","12430837760","38.97","United States"
"1720","Hasbro","HAS","12424606720","88.09","United States"
"1721","Nextpower","NXT","12421660672","80.85","United States"
"1722","Samsung SDI","006405.KS","12416353901","157.781","South Korea"
"1723","SKF (Svenska Kullagerfabriken)","SKF-B.ST","12414061477","27.2626","Sweden"
"1724","Recordati","REC.MI","12394559251","60.5164","Italy"
"1725","Severn Trent","SVT.L","12370887325","40.9575","United Kingdom"
"1726","Link REIT","0823.HK","12370164320","4.77797","Hong Kong"
"1727","Elm Company","7203.SR","12361136952","154.514","Saudi Arabia"
"1728","Sino Land","0083.HK","12342676741","1.28755","Hong Kong"
"1729","Britannia Industries","BRITANNIA.NS","12333239163","51.2033","India"
"1730","Formosa Chemicals &amp; Fibre","1326.TW","12323010967","2.10685","Taiwan"
"1731","GoDaddy","GDDY","12302558208","97.14","United States"
"1732","GEA Group","G1A.F","12296702082","75.5318","Germany"
"1733","Generac","GNRC","12293567488","208.14","United States"
"1734","YTL Power International","6742.KL","12280026143","1.41563","Malaysia"
"1735","Industrial Bank of Korea (IBK)","024110.KS","12259246442","15.3735","South Korea"
"1736","Bank of Baroda","BANKBARODA.NS","12256328750","2.37004","India"
"1737","Five Below","FIVE","12255029248","222.6","United States"
"1738","Brown Forman","BF-A","12247087104","26.69","United States"
"1739","Applied Industrial Technologies","AIT","12246714368","333.39","United States"
"1740","Orient Overseas Container Line","0316.HK","12240469025","18.5357","Hong Kong"
"1741","LG Electronics India Ltd.","LGEINDIA.NS","12238268969","18.03","India"
"1742","LONGi Green Energy Technology","601012.SS","12229261205","1.61377","China"
"1743","Pershing Square Holdings","PSHD.L","12225084416","56.685","United States"
"1744","Hecla Mining","HL","12219468800","18.19","United States"
"1745","Genscript Biotech","1548.HK","12210201463","5.35419","China"
"1746","Encompass Health","EHC","12180733952","123.47","United States"
"1747","Eastroc Beverage Group","605499.SS","12179295458","16.5885","China"
"1748","Schroders","SDR.L","12163463670","7.80049","United Kingdom"
"1749","Ivanhoe Mines","IVN.TO","12150064706","8.51815","Canada"
"1750","Alpha Services and Holdings","ALPHA.AT","12142289037","5.38164","Greece"
"1751","Shizuoka Financial Group","5831.T","12132455757","23.1782","Japan"
"1752","Twist Bioscience","TWST","12121843712","182.83","United States"
"1753","POSCO Future M","003670.KS","12117010547","136.229","South Korea"
"1754","Aurora Innovation","AUR","12105097216","6.04","United States"
"1755","Baxter","BAX","12082196480","23.37","United States"
"1756","Jindal Steel &amp; Power","JINDALSTEL.NS","12079690826","11.8721","India"
"1757","Realtek","2379.TW","12079317455","23.5527","Taiwan"
"1758","Fresenius Medical Care","FMS","12076057600","22.69","Germany"
"1759","Arab National Bank","1080.SR","12056903354","6.07401","Saudi Arabia"
"1760","Sichuan Chuantou Energy","600674.SS","12050799704","2.47216","China"
"1761","Bank of Chengdu","601838.SS","12047265401","2.84238","China"
"1762","Sanmina","SANM","12047078400","224.77","United States"
"1763","Tata Power","TATAPOWER.NS","12047019091","3.77018","India"
"1764","BELIMO Holding","BEAN.SW","12033993482","978.376","Switzerland"
"1765","HDFC Life","HDFCLIFE.NS","12028974331","5.53808","India"
"1766","Swiss Prime Site","SPSN.SW","12023286482","149.853","Switzerland"
"1767","China Railway Construction","601186.SS","12021419742","0.88526","China"
"1768","Western Mining","601168.SS","12013542772","5.04135","China"
"1769","Manhattan Associates","MANH","12012573696","206.03","United States"
"1770","Accor","AC.PA","12003648922","52.3376","France"
"1771","Klépierre","LI.PA","11998929041","41.8382","France"
"1772","Indra Sistemas","IDR.MC","11996980284","68.5474","Spain"
"1773","SG Micro","300661.SZ","11983498752","17.4663","China"
"1774","Wharf REIC","1997.HK","11975640654","3.94425","Hong Kong"
"1775","Far EasTone","4904.TW","11968582617","3.31751","Taiwan"
"1776","LPP SA","LPP.WA","11966739007","6438.2","Poland"
"1777","Crane Company","CR","11954847744","206.83","United States"
"1778","Watts Water Technologies","WTS","11944121344","357.79","United States"
"1779","Guidewire Software","GWRE","11934853120","145.56","United States"
"1780","Madrigal Pharmaceuticals","MDGL","11934667776","516.56","United States"
"1781","Hut 8","HUT","11933981696","96.82","Canada"
"1782","Rexel","RXL.PA","11924418512","40.5415","France"
"1783","U-Haul","UHAL","11919282176","60.97","United States"
"1784","Intertek","ITRK.L","11912955960","77.6108","United Kingdom"
"1785","Pro Medicus","PME.AX","11885080086","113.766","Australia"
"1786","Rohm","6963.T","11883411371","30.7832","Japan"
"1787","Harmony Gold","HMY","11877349376","18.97","South Africa"
"1788","Equity LifeStyle Properties","ELS","11876260864","59.23","United States"
"1789","Gartner","IT","11865692160","187.9","United States"
"1790","Arrow Electronics","ARW","11850782720","232.8","United States"
"1791","BJ's Wholesale Club","BJ","11847054336","93.79","United States"
"1792","Pharmaron Beijing","300759.SZ","11829642847","6.43866","China"
"1793","Hudbay Minerals","HBM","11827574784","26.63","Canada"
"1794","GAIL","GAIL.NS","11812401708","1.79654","India"
"1795","GameStop","GME","11800278016","23.39","United States"
"1796","Ally Financial","ALLY","11799906304","38.79","United States"
"1797","SailPoint","SAIL","11783615488","20.64","United States"
"1798","Ooredoo","ORDS.AE","11774546544","3.68","United Arab Emirates"
"1799","Hong Kong Telecom","6823.HK","11769893712","1.55271","Hong Kong"
"1800","Eiffage","FGR.PA","11759556962","121.033","France"
"1801","National Silicon Industry Group","688126.SS","11757488038","3.55746","China"
"1802","Crown Holdings","CCK","11752660992","108.06","United States"
"1803","Bolloré","BOL.PA","11749249403","4.18155","France"
"1804","Skanska","SKA-B.ST","11746125157","28.3668","Sweden"
"1805","Tele2","TEL2-B.ST","11741074620","16.8635","Sweden"
"1806","(HLBank) Hong Leong Bank","5819.KL","11731171197","5.72128","Malaysia"
"1807","Dongfang Electric Corporation","600875.SS","11724742539","3.39026","China"
"1808","Zhejiang NHU Co., Ltd.","002001.SZ","11718148435","3.81274","China"
"1809","Nova Ltd.","NVMI","11711982592","368.23","Israel"
"1810","Seres Group","601127.SS","11703038090","6.71822","China"
"1811","Capcom","9697.T","11683264041","27.9298","Japan"
"1812","Taiwan Mobile","3045.TW","11675003970","3.85208","Taiwan"
"1813","BioMarin Pharmaceutical","BMRN","11664754688","60.26","United States"
"1814","Sage Group","SGE.L","11658848736","12.9898","United Kingdom"
"1815","Erie Indemnity","ERIE","11653319680","222.86","United States"
"1816","Subaru","7270.T","11651771899","16.7515","Japan"
"1817","Cipla","CIPLA.NS","11645488702","14.415","India"
"1818","Swatch","UHR.SW","11637633769","223.818","Switzerland"
"1819","Lodha Group","LODHA.NS","11628630540","11.6377","India"
"1820","Getlink","GET.PA","11625712443","21.431","France"
"1821","Power Construction Corporation of China","601669.SS","11623659034","0.674768","China"
"1822","Gaming and Leisure Properties","GLPI","11617652736","38.79","United States"
"1823","Toray Industries","3402.T","11611471274","7.97129","Japan"
"1824","CP All","CPALL.BK","11606449935","1.30247","Thailand"
"1825","Lotus Bakeries","LOTB.BR","11596383248","14264.6","Belgium"
"1826","Mowi","MNHVF","11582603264","21.91","Norway"
"1827","Yara International","YAR.OL","11569241392","45.4288","Norway"
"1828","Muthoot Finance","MUTHOOTFIN.NS","11543422131","28.753","India"
"1829","AltaGas","ALA.TO","11505728715","36.8767","Canada"
"1830","The Magnum Ice Cream Company","MICC","11493237760","18.98","Netherlands"
"1831","Puig Brands","PUIG.MC","11482418842","20.3845","Spain"
"1832","BXP, Inc.","BXP","11467628544","63.4","United States"
"1833","American Financial Group","AFG","11461404672","138.22","United States"
"1834","Almarai","2280.SR","11444788309","11.514","Saudi Arabia"
"1835","Salik Company","SALIK.AE","11435416642","1.52472","United Arab Emirates"
"1836","China Gold International Resources","CGG.TO","11434581598","28.8451","Canada"
"1837","Rambus","RMBS","11405821952","105.16","United States"
"1838","AGNC Investment","AGNC","11404332032","9.62","United States"
"1839","Canara Bank","CANBK.NS","11400918367","1.2569","India"
"1840","Tongling Nonferrous Metals Group Co.,Ltd.","000630.SZ","11390424400","0.849431","China"
"1841","Bio-Techne","TECH","11386572800","72.61","United States"
"1842","DaVita","DVA","11386386432","178.47","United States"
"1843","CoStar Group","CSGP","11382000640","28.09","United States"
"1844","Saputo","SAP.TO","11371627241","28.6481","Canada"
"1845","Camden Property Trust","CPT","11355680768","98.12","United States"
"1846","Power Finance Corp","PFC.NS","11345281381","3.43786","India"
"1847","American Healthcare REIT","AHR","11340296192","52.02","United States"
"1848","Laurus Labs","LAURUSLABS.NS","11317904960","20.947","India"
"1849","Alcoa","AA","11308519424","42.85","United States"
"1850","SCSK Corporation","9719.T","11306209179","36.1482","Japan"
"1851","Aker ASA","AKER.OL","11275173381","152.937","Norway"
"1852","Cathay Pacific","0293.HK","11264032873","1.85229","Hong Kong"
"1853","Smith & Nephew","SNN","11262272512","26.91","United Kingdom"
"1854","Indian Bank","INDIANB.NS","11260248436","8.35973","India"
"1855","Iamgold","IAG","11248700416","19.7","Canada"
"1856","Li Auto","LI","11238657024","11.5","China"
"1857","Hero MotoCorp","HEROMOTOCO.NS","11238265644","56.1517","India"
"1858","CCL Industries","CCL-B.TO","11237556867","66.4713","Canada"
"1859","lululemon athletica","LULU","11214925824","101.3","Canada"
"1860","Essential Utilities","WTRG","11212011520","39.53","United States"
"1861","Advanced Energy","AEIS","11201306624","279.68","United States"
"1862","Wise PLC","WISE.L","11200672399","11.3859","United Kingdom"
"1863","BrightSpring Health Services","BTSG","11197136896","56.59","United States"
"1864","Sichuan Road and Bridge Group (SRBG)","600039.SS","11189799519","1.28684","China"
"1865","Bunzl","BNZL.L","11182649516","35.2314","United Kingdom"
"1866","Dayforce","DAY","11180042240","69.86","United States"
"1867","PayPay Corporation","PAYP","11179632640","16.51","Japan"
"1868","Paramount Skydance","PSKY","11174579200","9.96","United States"
"1869","10x Genomics","TXG","11167255552","85.71","United States"
"1870","China Resources Microelectronics","688396.SS","11165250178","8.40623","China"
"1871","Elanco","ELAN","11142719488","22.31","United States"
"1872","MiniMax Group","0100.HK","11139087151","31.8956","China"
"1873","LIG Defense & Aerospace","079550.KS","11135697874","509.754","South Korea"
"1874","Confluent","CFLT","11133729792","30.99","United States"
"1875","Yamaha Motor","7272.T","11129318084","11.4649","Japan"
"1876","Pinnacle West Capital","PNW","11118633984","91.74","United States"
"1877","First Horizon Corporation","FHN","11114811392","23.46","United States"
"1878","Figma","FIG","11113255936","20.85","United States"
"1879","Fidelity National Financial","FNF","11108546560","41.42","United States"
"1880","Kakao","035720.KS","11069934723","25.1199","South Korea"
"1881","AkzoNobel","AKZA.AS","11019825021","64.293","Netherlands"
"1882","Marico","MARICO.NS","10996901446","8.47224","India"
"1883","JFrog","FROG","10996011008","89.18","United States"
"1884","Hyundai Glovis","086280.KS","10983979535","146.453","South Korea"
"1885","Freedom Holding","FRHC","10976581632","172.08","Kazakhstan"
"1886","GarantiBank","GARAN.IS","10959072534","2.6093","Turkey"
"1887","HubSpot","HUBS","10941502464","213.74","United States"
"1888","Koç Holding","KCHOL.IS","10936349705","4.31413","Turkey"
"1889","Eldorado Gold","EGO","10933169152","41.92","Canada"
"1890","DraftKings","DKNG","10931918848","22.02","United States"
"1891","Aditya Birla Capital","ABCAPITAL.NS","10915246688","3.98687","India"
"1892","China Eastern Airlines","600115.SS","10914282884","0.494133","China"
"1893","AIER Eye Hospital","300015.SZ","10911918937","1.17338","China"
"1894","Bangkok Bank","BBL.BK","10910920604","5.71599","Thailand"
"1895","Littelfuse","LFUS","10901650432","429.22","United States"
"1896","SM Investments Corporation","SVTMF","10898006016","9","Philippines"
"1897","Paytm","PAYTM.NS","10896375132","17.0414","India"
"1898","Orient Securities Company Limited (DFZQ)","600958.SS","10895736966","1.28236","China"
"1899","Ternium","TX","10867593216","55.36","Luxembourg"
"1900","HD Hyundai","267250.KS","10864229544","153.735","South Korea"
"1901","Goldwind Science&amp;Technology","002202.SZ","10861082455","2.57218","China"
"1902","Menora Mivtachim Holdings","MMHD.TA","10849300978","173.638","Israel"
"1903","Hormel Foods","HRL","10847413248","19.71","United States"
"1904","EastGroup Properties","EGP","10836399104","201.52","United States"
"1905","Akeso","9926.HK","10803367124","11.7282","China"
"1906","Chifeng Jilong Gold Mining","600988.SS","10800562717","5.68328","China"
"1907","Keyera","KEY.TO","10797680110","36.7967","Canada"
"1908","Powerchip Semiconductor Manufacturing","6770.TW","10777103496","2.26408","Taiwan"
"1909","Antero Resources","AR","10760365056","35","United States"
"1910","Thyssenkrupp","TKA.F","10756746371","17.279","Germany"
"1911","WH Group","0288.HK","10754098138","0.838185","Hong Kong"
"1912","Globalstar","GSAT","10738213888","82.88","United States"
"1913","J&amp;T Global Express","1519.HK","10736817755","1.11864","China"
"1914","Ooredoo Qatar","ORDS.QA","10727199761","3.3489","Qatar"
"1915","Brookfield Property Partners","BPYPP","10725319680","16.23","Bermuda"
"1916","bioMérieux","BIM.PA","10723621002","91.1159","France"
"1917","Indian Hotels Company","INDHOTEL.NS","10715039972","7.40702","India"
"1918","Deckers Brands","DECK","10713425920","78.67","United States"
"1919","BIDV  (Commercial Bank for Investment and Development of Vietnam)","BID.VN","10705815789","1.37638","Vietnam"
"1920","Repligen","RGEN","10704707584","189.68","United States"
"1921","Pinterest","PINS","10703315968","18.9","United States"
"1922","Suzano","SUZ","10702262272","8.69","Brazil"
"1923","Indian Railway Finance","IRFC.NS","10694147513","0.818314","India"
"1924","Nitori Holdings","9843.T","10665843786","18.8757","Japan"
"1925","Anker Innovations","300866.SZ","10655992612","18.0784","China"
"1926","Shinkin Central Bank","8421.T","10655023319","1223.56","Japan"
"1927","Discovery Limited","DSY.JO","10643504800","15.9032","South Africa"
"1928","Frontline","FRO","10625790976","47.73","Bermuda"
"1929","Stifel","SF","10622970880","70.35","United States"
"1930","G Mining Ventures","GMIN.TO","10621232969","35.8455","Canada"
"1931","Smiths Group","SMIN.L","10609526995","37.5908","United Kingdom"
"1932","Service Corporation International","SCI","10608935936","77.84","United States"
"1933","AES","AES","10608832512","14.87","United States"
"1934","Impala Platinum","IMP.JO","10590484600","11.7991","South Africa"
"1935","Shoprite","SHP.JO","10583850100","19.5713","South Africa"
"1936","Universal Health Services","UHS","10541385728","178.86","United States"
"1937","Vedanta","VEDL.NS","10535927807","2.6982","India"
"1938","Cooper Companies","COO","10530800640","55.38","United States"
"1939","Chang Hwa Commercial Bank","2801.TW","10523898289","0.872614","Taiwan"
"1940","Lufthansa","LHA.DE","10520760446","8.75213","Germany"
"1941","Modine Manufacturing","MOD","10520034304","198.07","United States"
"1942","M&G plc","MNG.L","10519476373","4.36483","United Kingdom"
"1943","TMX Group","X.TO","10509579502","38.1622","Canada"
"1944","SSAB","SSAB-B.ST","10488441554","10.513","Sweden"
"1945","Texas Roadhouse","TXRH","10486137856","159.75","United States"
"1946","Zensho Holdings","7550.T","10483896981","67.0059","Japan"
"1947","Marks &amp; Spencer","MKS.L","10478096426","5.06445","United Kingdom"
"1948","Unicaja Banco","UNI.MC","10476130075","4.07917","Spain"
"1949","Boubyan Bank","BOUBYAN.KW","10462478935","2217.17","Kuwait"
"1950","Trelleborg AB","TREL-B.ST","10453572666","47.1173","Sweden"
"1951","Nordex","NDX1.F","10449208579","44.1133","Germany"
"1952","Unicharm","8113.T","10447492593","6.0713","Japan"
"1953","Novatek Microelectronics","3034.TW","10441527487","17.0749","Taiwan"
"1954","United Spirits","UNITDSPR.BO","10438901890","14.7015","India"
"1955","Chongqing Changan","000625.SZ","10432924297","1.05246","China"
"1956","Phoenix Group","PHNX.L","10432668584","10.4178","United Kingdom"
"1957","Jonhon Optronic Technology","002179.SZ","10431313682","4.96671","China"
"1958","Align Technology","ALGN","10427230208","146.78","United States"
"1959","GMR Airports","GMRAIRPORT.NS","10422575581","0.987082","India"
"1960","Edison","EDNR.MI","10408574732","2.1977","Italy"
"1961","XP Inc.","XP","10407655424","20.51","Brazil"
"1962","Qorvo","QRVO","10407505920","117.97","United States"
"1963","Huntington Ingalls Industries","HII","10403602432","264.02","United States"
"1964","Sime Darby Plantation","5285.KL","10399824792","1.5038","Malaysia"
"1965","Regal Rexnord","RRX","10396834816","156.18","United States"
"1966","Zhejiang Zheneng Electric","600023.SS","10388936291","0.774789","China"
"1967","Rentokil Initial","RTO","10387038208","20.64","United Kingdom"
"1968","Astra International","ASII.JK","10374329223","0.259878","Indonesia"
"1969","Dillard's","DDS","10372409344","664.07","United States"
"1970","Mebuki Financial Group","7167.T","10368845723","11.0477","Japan"
"1971","Knight-Swift Transportation","KNX","10362674176","63.67","United States"
"1972","Jack Henry &amp; Associates","JKHY","10361942016","147.79","United States"
"1973","Haisco Pharmaceutical Group","002653.SZ","10340008822","9.06309","China"
"1974","Beazley","BEZ.L","10338165098","17.3241","United Kingdom"
"1975","UMB Financial","UMBF","10315534336","135.82","United States"
"1976","Avantor","AVTR","10314472448","15.25","United States"
"1977","Hyundai Engineering and Construction","000720.KS","10302720589","91.6527","South Korea"
"1978","Subsea 7","SUBC.OL","10298159541","34.7737","Luxembourg"
"1979","New York Times","NYT","10294731776","63.83","United States"
"1980","HDFC Asset Management Company Limited","HDFCAMC.NS","10291235945","23.9848","India"
"1981","Budweiser APAC","1876.HK","10279455194","0.776994","Hong Kong"
"1982","Seven Group Holdings
 (SGH)","SGH.AX","10272075691","25.328","Australia"
"1983","Hikari Tsushin","9435.T","10254811310","233.565","Japan"
"1984","Demant","DEMANT.CO","10248840344","48.5961","Denmark"
"1985","Guangdong HAID Group","002311.SZ","10236033058","6.17741","China"
"1986","Krystal Biotech","KRYS","10235869184","345.82","United States"
"1987","Popular, Inc. (Banco Popular de Puerto Rico)","BPOP","10235173888","160.48","United States"
"1988","CapitaLand Investment Limited","9CI.SI","10231525841","2.04896","Singapore"
"1989","Alchip Technologies","3661.TW","10231447939","118.55","Taiwan"
"1990","Apogee Therapeutics","APGE","10223142912","135.07","United States"
"1991","ENKA","ENKAI.IS","10222388965","1.74362","Turkey"
"1992","Axsome Therapeutics","AXSM","10218973184","195.09","United States"
"1993","The Ensign Group","ENSG","10209915904","175.18","United States"
"1994","Evonik Industries","EVK.DE","10209487052","21.9088","Germany"
"1995","Dr. Reddy's Laboratories","RDY","10204110848","12.25","India"
"1996","Wan Hai Lines","2615.TW","10191814332","3.63196","Taiwan"
"1997","Bio-Rad Laboratories","BIO","10187245568","381","United States"
"1998","Sanlam","SLM.JO","10179044900","4.87093","South Africa"
"1999","Aurobindo Pharma","AUROPHARMA.NS","10175060598","17.6841","India"
"2000","BİM Birleşik Mağazalar","BIMAS.IS","10168269373","8.57517","Turkey"
"2001","Mankind Pharma","MANKIND.NS","10164361139","25.3735","India"
"2002","Petro Rabigh","2380.SR","10156454078","4.62211","Saudi Arabia"
"2003","Kesko","KESKOA.HE","10150001635","25.4806","Finland"
"2004","APR Co., Ltd.","278470.KS","10147968701","271.06","South Korea"
"2005","Max Healthcare Institute","MAXHEALTH.NS","10140718887","10.4188","India"
"2006","Chime Financial","CHYM","10138509312","26.78","United States"
"2007","Clorox","CLX","10134019072","83.8","United States"
"2008","Donaldson Company","DCI","10131704832","87.41","United States"
"2009","FormFactor","FORM","10131477504","129.69","United States"
"2010","Ackermans &amp; Van Haaren","ACKB.BR","10128864673","310.09","Belgium"
"2011","Tsingtao","600600.SS","10121591967","7.41946","China"
"2012","Evercore","EVR","10110934016","262.91","United States"
"2013","Vienna Insurance Group","WSV2.F","10104879707","78.9444","Austria"
"2014","Focus Media Information Technology","002027.SZ","10090092646","0.698653","China"
"2015","APA Group","APA.AX","10071152422","7.5563","Australia"
"2016","Vanguard International Semiconductor","5347.TWO","10070654858","5.36147","Taiwan"
"2017","LG Innotek","011070.KS","10061263031","425.163","South Korea"
"2018","Quebecor","QBR-B.TO","10059452007","44.6391","Canada"
"2019","ViaSat","VSAT","10058928128","73.02","United States"
"2020","Dongfeng Motor","0489.HK","10055763756","1.2185","China"
"2021","Mitsubishi Chemical Holdings","4188.T","10047302289","7.39486","Japan"
"2022","Advanced Drainage Systems","WMS","10038713344","133.13","United States"
"2023","VIAVI Solutions","VIAV","10037782528","40.68","United States"
"2024","On Holding","ONON","10013071360","29.96","Switzerland"
"2025","Globus Medical","GMED","10005197824","74.52","United States"
"2026","Instacart (Maplebear Inc.)","CART","9998487552","43.19","United States"
"2027","Sofina","SOF.VI","9974508704","282.334","Belgium"
"2028","Molina Healthcare","MOH","9962892288","190.86","United States"
"2029","Bharat Forge","BHARATFORG.NS","9962792637","20.3875","India"
"2030","Hanwha Systems","272210.KS","9958449392","53.2557","South Korea"
"2031","Aisin Seiki","7259.T","9957683845","14.277","Japan"
"2032","TFI International","TFII","9953575936","121.1","Canada"
"2033","Hensoldt","HAG.F","9951051405","86.1563","Germany"
"2034","Paycom","PAYC","9936489472","220.46","United States"
"2035","South State Corp","SSB","9936011264","102.46","United States"
"2036","Antero Midstream","AM","9934926848","20.93","United States"
"2037","GBL","GBLB.VI","9923995954","83.722","Belgium"
"2038","D'Ieteren Group","DIE.BR","9917951663","188.602","Belgium"
"2039","Leonardo DRS","DRS","9917688832","37.16","United States"
"2040","Tata Consumer Products","TATACONSUM.NS","9897931180","10.001","India"
"2041","Indus Towers","INDUSTOWER.NS","9890539861","3.75039","India"
"2042","Cognex","CGNX","9868010496","58.66","United States"
"2043","Wintrust Financial","WTFC","9855910912","146.11","United States"
"2044","China Railway Group","0390.HK","9850889790","0.401564","China"
"2045","CPFL Energia","CPFE3.SA","9846239355","8.5452","Brazil"
"2046","Kikkoman","2801.T","9838702122","10.605","Japan"
"2047","Lupin Limited","LUPIN.NS","9823231472","21.4814","India"
"2048","Dundee Precious Metals","DPM.TO","9814105711","44.738","Canada"
"2049","Sainsbury's","SBRY.L","9801095130","4.4987","United Kingdom"
"2050","Owens Corning","OC","9794922496","123.91","United States"
"2051","Finning","FTT.TO","9792804080","75.0035","Canada"
"2052","Cullen/Frost Bankers","CFR","9783461888","157.42","United States"
"2053","Bruker","BRKR","9778420736","64.18","United States"
"2054","IMI plc","IMI.L","9758697209","41.5407","United Kingdom"
"2055","Ashok Leyland","ASHOKLEY.NS","9753582678","1.66051","India"
"2056","Old National Bank","ONB","9751708672","25.49","United States"
"2057","Bank Albilad","1140.SR","9746383777","6.49759","Saudi Arabia"
"2058","AtkinsRéalis","ATRL.TO","9741303201","60.8702","Canada"
"2059","Brenntag","BNR.DE","9736281069","67.4326","Germany"
"2060","Lynas","LYC.AX","9723946518","9.66112","Australia"
"2061","Enlight Renewable Energy","ENLT","9719150592","69.47","Israel"
"2062","Nykaa","NYKAA.NS","9716070995","3.39098","India"
"2063","FactSet","FDS","9712238592","273.08","United States"
"2064","Ryan Specialty","RYAN","9710030848","37.89","United States"
"2065","Italgas","IG.MI","9704739284","9.53703","Italy"
"2066","Madison Square Garden Sports","MSGS","9700363264","402.84","United States"
"2067","Jefferies Financial Group","JEF","9697730560","47.68","United States"
"2068","XPeng","XPEV","9694724096","10.12","China"
"2069","Pearson","PSO","9694047232","16.13","United Kingdom"
"2070","Ambuja Cements","AMBUJACEM.NS","9690502464","3.89989","India"
"2071","Canadian Utilities","CU.TO","9679084640","35.5417","Canada"
"2072","China Merchants Shekou Industrial Zone","001979.SZ","9677436502","1.07336","China"
"2073","NGK Insulators","5333.T","9674356420","34.3692","Japan"
"2074","Darling Ingredients","DAR","9671740416","61.29","United States"
"2075","Domino's Pizza","DPZ","9664498688","292.14","United States"
"2076","Affiliated Managers Group","AMG","9663597568","373.69","United States"
"2077","Federal Realty Investment Trust","FRT","9661473792","110.52","United States"
"2078","BDO Unibank","BDOUY","9658169344","18.1","Philippines"
"2079","Zhejiang Huayou Cobalt","603799.SS","9650528718","5.09659","China"
"2080","Equatorial Energia","EQTL3.SA","9642400100","7.67524","Brazil"
"2081","Verisure plc","VSURE.ST","9639807132","9.32317","Switzerland"
"2082","Citic Pacific Special Steel Group","000708.SZ","9636815256","1.90935","China"
"2083","Fukuoka Financial Group","8354.T","9629550954","50.9551","Japan"
"2084","Henry Schein","HSIC","9625637888","86.37","United States"
"2085","Jyske Bank","JYSK.CO","9624575415","171.166","Denmark"
"2086","Shimano","7309.T","9614240674","114.012","Japan"
"2087","Saipem","SPM.MI","9612997864","4.95443","Italy"
"2088","Pandora","PNDORA.CO","9589430786","128.2","Denmark"
"2089","Acuity Brands","AYI","9562012672","319.42","United States"
"2090","Rakuten","4755.T","9558981240","4.38086","Japan"
"2091","Qingdao Port International","601298.SS","9554570563","1.47195","China"
"2092","Aritzia","ATZ.TO","9534334122","83.2109","Canada"
"2093","Qantas Airways","QAN.AX","9533802082","6.30043","Australia"
"2094","Isuzu","7202.T","9527146811","13.863","Japan"
"2095","Gerdau","GGB","9514740736","4.85","Brazil"
"2096","Shimizu Corporation","1803.T","9511099360","14.0126","Japan"
"2097","Sodexo","SW.PA","9502330681","65.1803","France"
"2098","Bentley Systems","BSY","9497800704","31.44","United States"
"2099","Niterra","5334.T","9494399057","48.7768","Japan"
"2100","Siam Cement","SCC.BK","9467103414","7.88925","Thailand"
"2101","Match Group","MTCH","9458957312","40.55","United States"
"2102","IDBI Bank","IDBI.NS","9453018265","0.879154","India"
"2103","JSW Energy","JSWENERGY.NS","9449158066","5.15679","India"
"2104","Insulet","PODD","9441187840","136.13","United States"
"2105","FirstCash","FCFS","9431197696","217.45","United States"
"2106","AL Sydbank A/S","ALSYDB.CO","9426324908","111.068","Denmark"
"2107","Allison Transmission","ALSN","9402335232","113.86","United States"
"2108","Murphy USA","MUSA","9402283008","511.54","United States"
"2109","Orkla","ORK.OL","9397614980","9.77156","Norway"
"2110","Indutrade","INDT.ST","9383848987","25.7569","Sweden"
"2111","Flowserve","FLS","9383465984","73.82","United States"
"2112","KT Corporation","KT","9382393856","19.7","South Korea"
"2113","First Majestic Silver","AG","9370149888","19.01","Canada"
"2114","Bangkok Dusit Medical Services (BDMS)","BDMS.BK","9367717553","0.589461","Thailand"
"2115","Silicon Motion","SIMO","9366472704","276.23","Hong Kong"
"2116","360 Security Technology","601360.SS","9352109434","1.3361","China"
"2117","Janus Living","JAN","9336017920","30.05","United States"
"2118","Zions Bancorporation","ZION","9316203520","63.83","United States"
"2119","Luckin Coffee","LKNCY","9315833856","32.54","China"
"2120","Arrowhead Pharmaceuticals","ARWR","9311494144","65.92","United States"
"2121","Addtech AB","ADDT-B.ST","9305466997","34.4697","Sweden"
"2122","Gaztransport & Technigaz","GTT.PA","9304474806","250.938","France"
"2123","Aptiv","APTV","9299897344","44.79","Ireland"
"2124","Andritz","AZ2.F","9297121249","94.8697","Austria"
"2125","Korea Aerospace Industries","047810.KS","9292357422","95.3306","South Korea"
"2126","Hyundai Rotem Company","064350.KS","9288672118","85.1061","South Korea"
"2127","Stora Enso","STEAV.HE","9284742044","11.7734","Finland"
"2128","BlueScope Steel","BSL.AX","9267850318","21.1557","Australia"
"2129","Fosun Pharma","600196.SS","9264739390","3.46938","China"
"2130","OGE Energy","OGE","9256907776","44.81","United States"
"2131","Godrej","GODREJCP.NS","9253346133","9.04261","India"
"2132","Elastic NV","ESTC","9251831808","88.12","United States"
"2133","JSC Halyk Bank","H4L1.F","9245221189","33.8983","Kazakhstan"
"2134","CSPC Innovation Pharmaceutical","300765.SZ","9232410303","6.57302","China"
"2135","Shenzhen Transsion Holdings","688036.SS","9232023853","8.01959","China"
"2136","Banca Popolare di Sondrio","BPSO.MI","9223399404","20.5062","Italy"
"2137","YTO Express","600233.SS","9219061278","2.69161","China"
"2138","NIBE Industrier","NIBE-B.ST","9209783096","4.56819","Sweden"
"2139","Kymera Therapeutics","KYMR","9208736768","111.95","United States"
"2140","Red Eléctrica","RED.MC","9200935608","17.0515","Spain"
"2141","OTE Group","OTE.F","9197388125","22.3752","Greece"
"2142","The Toro Company","TTC","9196547072","97.15","United States"
"2143","American Airlines","AAL","9181522944","13.87","United States"
"2144","Protagonist Therapeutics","PTGX","9179516928","141.86","United States"
"2145","SBI Shinsei Bank","8303.T","9169374307","10.3375","Japan"
"2146","Snap","SNAP","9166291968","5.42","United States"
"2147","China Merchants Port","0144.HK","9162021059","2.18247","Hong Kong"
"2148","Oscar Health","OSCR","9135891456","29.6","United States"
"2149","OPC Energy","OPCE.TA","9130019181","29.4305","Israel"
"2150","Prio SA (Petro Rio)","PRIO3.SA","9129845436","11.4482","Brazil"
"2151","Syensqo","SYENS.BR","9128387231","89.5234","Belgium"
"2152","Financière de Tubize","TUB.BR","9124297521","204.982","Belgium"
"2153","MinebeaMitsumi","6479.T","9124089639","22.7196","Japan"
"2154","Qiagen","QGEN","9122949120","44.18","Netherlands"
"2155","Old Republic International","ORI","9111678976","37.74","United States"
"2156","Glaukos","GKOS","9108888576","154.43","United States"
"2157","Sanrio Company","8136.T","9093168533","7.49995","Japan"
"2158","Companhia Paranaense de Energia (COPEL)","ELPC","9087007744","12.24","Brazil"
"2159","Banca Transilvania","TLV.RO","9078066098","7.28354","Romania"
"2160","Chongqing Rural Commercial Bank","3618.HK","9077688989","0.799303","China"
"2161","Lineage","LINE","9064535040","36.15","United States"
"2162","China Taiping Insurance","0966.HK","9044229982","2.51647","Hong Kong"
"2163","The Weir Group","WEIR.L","9043269447","34.8338","United Kingdom"
"2164","Centrica","CNA.L","9040634252","1.95708","United Kingdom"
"2165","Caris Life Sciences","CAI","9040129024","31.98","United States"
"2166","Ryder","R","9033371648","235.57","United States"
"2167","SK Innovation","096775.KS","9033140527","53.697","South Korea"
"2168","Range Resources","RRC","9022366720","38.61","United States"
"2169","Komerční banka","KOMB.PR","9021176609","47.7675","Czech Republic"
"2170","Houlihan Lokey","HLI","9020250112","129.07","United States"
"2171","Jackson Financial","JXN","9016049664","133.12","United States"
"2172","Crinetics Pharmaceuticals","CRNX","9012787200","84.95","United States"
"2173","Valmont Industries","VMI","9012086784","466.83","United States"
"2174","Solstice Advanced Materials","SOLS","8998704128","56.65","United States"
"2175","Ramsay Health Care","RHC.AX","8998038788","38.9813","Australia"
"2176","Sasol","SSL","8993758208","14.03","South Africa"
"2177","Cytokinetics","CYTK","8989254656","64.66","United States"
"2178","Mazagon Dock Shipbuilders Limited","MAZDOCK.NS","8984544751","22.2732","India"
"2179","Sangfor Technologies","300454.SZ","8978948207","20.8058","China"
"2180","Shiseido","4911.T","8977491139","22.4648","Japan"
"2181","AT&amp;S Austria Technologie &amp; Systemtechnik","ATS.VI","8971163456","230.918","Austria"
"2182","NIO","NIO","8970288128","3.58","China"
"2183","Porsche SE","PAH3.DE","8966982307","29.2799","Germany"
"2184","Ascendas Reit","A17U.SI","8945836056","1.79088","Singapore"
"2185","ImmunityBio","IBRX","8945017856","8.44","United States"
"2186","MIXUE Group","2097.HK","8938378629","23.5457","China"
"2187","Hotai Motor","2207.TW","8934386019","16.0372","Taiwan"
"2188","Life Time Group","LTH","8931774464","39.97","United States"
"2189","Enel Américas","ENELAM.SN","8898391434","0.0864016","Chile"
"2190","Mengniu Dairy","2319.HK","8871371847","2.29593","China"
"2191","Suntory","2587.T","8866461344","28.6941","Japan"
"2192","Liberty Live Holdings","LLYVA","8861958144","96.32","United States"
"2193","InPost","INPST.AS","8854238059","17.7113","Luxembourg"
"2194","Eisai","4523.T","8846333990","31.3437","Japan"
"2195","CareTrust REIT","CTRE","8839728128","37.41","United States"
"2196","VPBank (Vietnam Prosperity Joint Stock Commercial Bank)","VPB.VN","8835758851","0.883576","Vietnam"
"2197","Multi Commodity Exchange","MCX.NS","8833154265","34.706","India"
"2198","Ayvens","AYV.PA","8828309578","11.3696","France"
"2199","Empresas Copec","COPEC.SN","8823737032","6.78825","Chile"
"2200","Bid Corp","BID.JO","8823546200","26.3985","South Africa"
"2201","Voya Financial","VOYA","8812306432","97.27","United States"
"2202","Securitas AB","SECU-B.ST","8797208048","15.3678","Sweden"
"2203","Kyoto Financial Group","5844.T","8793908031","31.382","Japan"
"2204","Medibank","MPL.AX","8791633064","3.19231","Australia"
"2205","TG Therapeutics","TGTX","8791589888","57.43","United States"
"2206","Booz Allen Hamilton","BAH","8774789120","72.95","United States"
"2207","Makita","6586.T","8773370766","34.0507","Japan"
"2208","Voestalpine","VAS.F","8768535866","51.1432","Austria"
"2209","Otsuka","4768.T","8762631280","23.1081","Japan"
"2210","Renault","RNO.PA","8762507300","30.281","France"
"2211","New Oriental","EDU","8754521088","56.47","China"
"2212","Pure Health Holding","PUREHEALTH.AE","8742951032","0.79","United Arab Emirates"
"2213","Dino Polska","DNP.WA","8742063066","8.91683","Poland"
"2214","PBF Energy","PBF","8734981120","73.69","United States"
"2215","Nippon Express","9147.T","8731486435","36.745","Japan"
"2216","HELLA","HLE.F","8721040019","78.4894","Germany"
"2217","Sirius XM","SIRI","8714863616","25.855","United States"
"2218","West Japan Railway","9021.T","8707407745","19.1336","Japan"
"2219","Element Solutions","ESI","8702201856","35.71","United States"
"2220","MP Materials","MP","8696700928","48.83","United States"
"2221","Pilbara Minerals","PLS.AX","8691248303","2.69417","Australia"
"2222","Tianqi Lithium","002466.SZ","8689424604","5.88332","China"
"2223","Tetra Tech","TTEK","8682466304","33.91","United States"
"2224","Accelleron Industries","ACLN.SW","8680965637","92.3053","Switzerland"
"2225","PChem (Petronas Chemicals Group)","5183.KL","8679891847","1.08499","Malaysia"
"2226","Toppan","7911.T","8678783306","30.8469","Japan"
"2227","Persistent Systems","PERSISTENT.NS","8672539721","55.511","India"
"2228","Kinetik","KNTK","8664725504","51.21","United States"
"2229","ENN Natural Gas Co.,Ltd.","600803.SS","8659088301","2.7976","China"
"2230","KBC Ancora","KBCA.BR","8655181247","112.388","Belgium"
"2231","SPX Technologies","SPXC","8654334976","172.79","United States"
"2232","Brinker International","EAT","8653709312","207.2","United States"
"2233","Westlake Corporation","WLK","8653104128","67.71","United States"
"2234","Thai Beverage","Y92.SI","8650302955","0.344199","Thailand"
"2235","Merlin Properties","MRL.MC","8649260428","13.9688","Spain"
"2236","Dixon Technologies","DIXON.NS","8639835898","142.098","India"
"2237","San’an Optoelectronics","600703.SS","8632061891","1.73021","China"
"2238","Riot Platforms","RIOT","8630956032","23","United States"
"2239","Legence Corp.","LGN","8628245504","52.52","United States"
"2240","TIM S.A.","TIMB","8626963456","18.16","Brazil"
"2241","Saia","SAIA","8625907712","324.22","United States"
"2242","InterDigital","IDCC","8624625664","334.21","United States"
"2243","Brixmor Property Group","BRX","8613906432","28.07","United States"
"2244","Svenska Cellulosa Aktiebolaget (SCA)","SCA-B.ST","8611526416","12.2611","Sweden"
"2245","Applied Optoelectronics","AAOI","8609498112","101.4","United States"
"2246","Autoliv","ALV","8606837760","117.52","Sweden"
"2247","Rural Electrification Corp","RECLTD.NS","8601777343","3.26663","India"
"2248","Alexandria Real Estate Equities","ARE","8592717824","49.93","United States"
"2249","Abu Dhabi Ports","ADPORTS.AE","8592354457","1.69","United Arab Emirates"
"2250","Konecranes","KCR.HE","8574712042","36.0824","Finland"
"2251","Rexford Industrial","REXR","8566933504","37.47","United States"
"2252","Pentair","PNR","8564135936","53.66","United Kingdom"
"2253","Kratos Defense &amp; Security Solutions","KTOS","8563846656","45.62","United States"
"2254","CubeSmart","CUBE","8560820224","37.82","United States"
"2255","Hainan Airlines","900945.SS","8556695552","0.198","China"
"2256","Sunny Optical","2382.HK","8531141919","7.94204","China"
"2257","Japan Airlines","9201.T","8528055647","19.8406","Japan"
"2258","Zain (Mobile Telecommunications Company)","ZAIN.KW","8524699532","1970.09","Kuwait"
"2259","Central Pattana","CPN.BK","8517713296","1.89789","Thailand"
"2260","Storebrand","STB.OL","8516941266","20.4372","Norway"
"2261","DB Insurance","005830.KS","8515636933","140.421","South Korea"
"2262","MaxLinear","MXL","8510648832","93.84","United States"
"2263","Full Truck Alliance","YMM","8503119872","8.13","China"
"2264","JAC Motors","600418.SS","8486904163","3.76497","China"
"2265","Bank of Ayudhya","BAY.BK","8485732548","1.15362","Thailand"
"2266","Primerica","PRI","8481929728","275.59","United States"
"2267","Mohawk Industries","MHK","8478106112","125.16","United States"
"2268","Huadian Power International","600027.SS","8476633283","0.730003","China"
"2269","MISC Berhad","3816.KL","8472698983","1.89811","Malaysia"
"2270","Western Alliance Bancorporation","WAL","8467318272","77.61","United States"
"2271","ASMPT
 (ASM Pacific Technology)","0522.HK","8463346675","20.1802","Hong Kong"
"2272","Info Edge","NAUKRI.NS","8461279481","13.0628","India"
"2273","Avnet","AVT","8459671552","103.075","United States"
"2274","Tokyo Century","8439.T","8456771303","17.3024","Japan"
"2275","Buenaventura Mining Company","BVN","8424743936","33.17","Peru"
"2276","Meridian Energy","MEZ.AX","8417980472","3.17828","New Zealand"
"2277","Agree Realty","ADC","8416573440","67.48","United States"
"2278","Mitsui Mining &amp; Smelting","5706.T","8411248703","147.005","Japan"
"2279","Lion Finance Group PLC","BGEO.L","8397310237","195.112","United Kingdom"
"2280","Bank of the Philippine Islands","BPHLY","8396059136","31.705","Philippines"
"2281","Columbia Banking System","COLB","8385223168","29.64","United States"
"2282","Kunlun Energy Company","0135.HK","8384476926","0.972677","Hong Kong"
"2283","PetGas (Petronas Gas)","6033.KL","8384045645","4.23708","Malaysia"
"2284","First Industrial Realty Trust","FR","8381450752","61.17","United States"
"2285","RHB Bank","1066.KL","8381285886","1.92016","Malaysia"
"2286","Ryman Hospitality Properties","RHP","8378831360","121.46","United States"
"2287","Hulic","3003.T","8374227362","11.0286","Japan"
"2288","Banca Generali","BGN.MI","8370301683","73.3705","Italy"
"2289","Nordnet AB","SAVE.ST","8366577044","33.6667","Sweden"
"2290","Vaxcyte","PCVX","8364344832","56.21","United States"
"2291","Federal Bank","FEDERALBNK.NS","8363791350","3.38577","India"
"2292","Wynn Resorts","WYNN","8353242112","81.12","United States"
"2293","Motor Oil (Hellas) Corinth Refineries","MOH.AT","8346600352","76.8399","Greece"
"2294","MGM Resorts","MGM","8335633408","32.58","United States"
"2295","Shree Cement","SHREECEM.NS","8333266143","230.962","India"
"2296","SalMar ASA","SALM.OL","8325737045","61.4273","Norway"
"2297","YANGHE","002304.SZ","8323161382","5.52504","China"
"2298","Quiñenco","QUINENCO.SN","8315268874","5.00088","Chile"
"2299","Shanghai Airport (AVINEX)","600009.SS","8306016956","3.33801","China"
"2300","Mallplaza","MALLPLAZA.SN","8302863950","3.79126","Chile"
"2301","Chandra Asri Petrochemical","TPIA.JK","8300014590","0.0959933","Indonesia"
"2302","Jardine Cycle &amp; Carriage","C07.SI","8296036901","20.9901","Singapore"
"2303","Credito Emiliano","CE.MI","8294184856","24.3886","Italy"
"2304","Bank Muscat","BKMB.OM","8288435232","1.10418","Oman"
"2305","China Rare Earth Resources And Technology","000831.SZ","8284005220","7.80611","China"
"2306","The Hachijuni Bank","8359.T","8280381247","18.2164","Japan"
"2307","ANA Holdings","9202.T","8273259158","19.2674","Japan"
"2308","Toho Co.","9602.T","8268124842","9.93943","Japan"
"2309","AGCO","AGCO","8265144320","118.02","United States"
"2310","NewMarket Corp","NEU","8258740224","898.04","United States"
"2311","Tingyi (master kang)","0322.HK","8250187662","1.46348","China"
"2312","SPIE","SPIE.PA","8239681989","48.7772","France"
"2313","Oshkosh Corporation","OSK","8195951616","132.75","United States"
"2314","Acciona Energías Renovables","ANE.MC","8195879228","25.2531","Spain"
"2315","China Zheshang Bank","2016.HK","8192828320","0.298305","China"
"2316","Dycom Industries","DY","8189302272","271.52","United States"
"2317","Coforge","COFORGE.NS","8183222222","18.4707","India"
"2318","Localiza","RENT3.SA","8171363071","7.39748","Brazil"
"2319","Lear Corporation","LEA","8169389056","122.71","United States"
"2320","Zabka Group","ZAB.WA","8165616713","8.18675","Poland"
"2321","Ecopro","086520.KQ","8160961580","60.2436","South Korea"
"2322","Prosperity Bancshares","PB","8144379392","67.77","United States"
"2323","Timken Company","TKR","8138913792","117.45","United States"
"2324","Founder Securities","601901.SS","8135507637","0.988266","China"
"2325","Auckland Airport","AIA.AX","8134278661","4.78496","New Zealand"
"2326","Taesa (Transmissora Aliança de Energia Elétrica)","TAEE11.SA","8131720945","7.86814","Brazil"
"2327","Sembcorp","U96.SI","8131400091","4.56714","Singapore"
"2328","A2A","A2A.MI","8128001810","2.59811","Italy"
"2329","Davide Campari-Milano","CPR.MI","8125811934","6.77511","Italy"
"2330","Dai Nippon Printing","7912.T","8119794032","18.9776","Japan"
"2331","CarMax","KMX","8118734336","57.21","United States"
"2332","Nemetschek","NEM.F","8106577718","70.2423","Germany"
"2333","HD Hyundai Marine Solution","443060.KS","8095810846","180.584","South Korea"
"2334","Commerce Bancshares","CBSH","8095311872","56.44","United States"
"2335","Wallenius Wilhelmsen","WAWI.OL","8095202145","19.1434","Norway"
"2336","NTPC Green Energy","NTPCGREEN.NS","8094508638","0.960621","India"
"2337","PSP Swiss Property","PSPN.SW","8087065238","176.312","Switzerland"
"2338","Nedbank","NED.JO","8085893100","17.6971","South Africa"
"2339","MBME GROUP","MBME.AE","8073257081","2.94","United Arab Emirates"
"2340","Pirelli","PIRC.MI","8070899047","7.43943","Italy"
"2341","SM Energy","SM","8065631232","33.91","United States"
"2342","StoneX Group","SNEX","8058403840","66.81","United States"
"2343","Commercial Bank of Dubai","CBD.AE","8046558291","2.69549","United Arab Emirates"
"2344","Turkish Airlines","THYAO.IS","8020158512","5.84439","Turkey"
"2345","ASX","ASX.AX","8018323036","40.63","Australia"
"2346","ICICI Lombard","ICICIGI.NS","8015489248","16.0433","India"
"2347","Ecopro BM","247540.KQ","8008854502","81.8695","South Korea"
"2348","BOK Financial","BOKF","8007250432","131.77","United States"
"2349","CAE Inc.","CAE","8001168384","24.86","Canada"
"2350","Lincoln National Corporation","LNC","7981438976","41.69","United States"
"2351","Investec","INVR.L","7978939614","9.04733","United Kingdom"
"2352","A. O. Smith","AOS","7971038208","58.65","United States"
"2353","Hualu Hengsheng","600426.SS","7964185672","2.89613","China"
"2354","ENGIE Brasil","EGIE3.SA","7950446746","5.61321","Brazil"
"2355","JD Logistics","2618.HK","7946697476","1.29775","China"
"2356","Aurubis","NDA.F","7946132613","182.004","Germany"
"2357","Abivax","ABVX","7945330688","91.06","France"
"2358","Paylocity","PCTY","7936716288","143.35","United States"
"2359","Infratil","IFT.NZ","7934551976","7.94001","New Zealand"
"2360","Oil India","OIL.NS","7930538914","4.87551","India"
"2361","Steel Authority of India","SAIL.NS","7926271120","1.91895","India"
"2362","GS Holdings Corp.","078930.KS","7925114506","83.7085","South Korea"
"2363","TMBThanachart Bank (ttb)","TTB.BK","7922040518","0.0905031","Thailand"
"2364","PGE Polska","PGE.WA","7907705148","3.52438","Poland"
"2365","Galaxy Digital Holdings","7LX.F","7887111260","22.3715","United States"
"2366","Hess Midstream","HESM","7886322688","38.25","United States"
"2367","Metlen Energy &amp; Metals","MTLN.AT","7885068854","55.3976","Greece"
"2368","AptarGroup","ATR","7875794432","123.87","United States"
"2369","Hiscox","HSX.L","7872645974","24.8529","Bermuda"
"2370","Melrose Industries","MRO.L","7868629050","6.31462","United Kingdom"
"2371","Omron","6645.T","7865125274","39.9997","Japan"
"2372","Core &amp; Main","CNM","7864670720","42.64","United States"
"2373","Oracle Corp Japan","4716.T","7861639783","61.3436","Japan"
"2374","NNN REIT","NNN","7857249280","41.3","United States"
"2375","TeraWulf","WULF","7853766656","15.74","United States"
"2376","Capstone Copper","CS.TO","7848719796","10.2739","Canada"
"2377","OUTsurance Group","OUT.JO","7843960900","5.06674","South Africa"
"2378","Zhejiang Chint Electrics","601877.SS","7843772343","3.65002","China"
"2379","Praxis Precision Medicines","PRAX","7839374336","280.78","United States"
"2380","AECOM","ACM","7836325376","60.89","United States"
"2381","Sagax","SAGA-B.ST","7836001829","15.8396","Sweden"
"2382","UGI Corporation","UGI","7831210496","36.51","United States"
"2383","Indoritel","DNET.JK","7814223625","0.550918","Indonesia"
"2384","Korea Investment Holdings","071050.KS","7813555021","133.801","South Korea"
"2385","GitLab","GTLB","7805080064","46.845","United States"
"2386","China Resources Beer","0291.HK","7803634348","2.40556","Hong Kong"
"2387","Silan Microelectronics","600460.SS","7800414152","4.68755","China"
"2388","Zhaojin Mining Industry Company","1818.HK","7798898351","2.20159","China"
"2389","NHPC Limited","NHPC.NS","7796177481","0.776123","India"
"2390","SentinelOne","S","7789339136","22.38","United States"
"2391","Games Workshop Group","GAW.L","7774668731","235.274","United Kingdom"
"2392","Yealink Network Technology","300628.SZ","7773317423","6.13561","China"
"2393","AU Small Finance Bank","AUBANK.NS","7770534532","10.3688","India"
"2394","Stantec","STN","7757827072","69.02","Canada"
"2395","Petrovietnam Gas","GAS.VN","7757038249","3.21475","Vietnam"
"2396","GAC (Guangzhou Automobile Group)","601238.SS","7748345556","0.75986","China"
"2397","Ralliant Corporation","RAL","7748119552","70.03","United States"
"2398","Kunlun Tech","300418.SZ","7742513957","6.02514","China"
"2399","Zurn Elkay Water Solutions","ZWS","7737560576","46.65","United States"
"2400","Canadian Tire","CTC.TO","7735632308","148.326","Canada"
"2401","AeroVironment","AVAV","7727288320","152.05","United States"
"2402","The Gunma Bank","8334.T","7714592969","20.382","Japan"
"2403","Hinge Health","HNGE","7711965184","95.57","United States"
"2404","PhosAgro","PHOR.ME","7711800886","60.41","Russia"
"2405","SRF Limited","SRF.NS","7693463675","25.9558","India"
"2406","Barito Pacific","BRPT.JK","7691976819","0.0820813","Indonesia"
"2407","Pegatron","4938.TW","7681903148","2.87098","Taiwan"
"2408","Central Bancompany","CBC","7678535168","32.06","United States"
"2409","Sibanye-Stillwater","SBSW","7674958848","10.61","South Africa"
"2410","Alstom","ALO.PA","7665470692","16.5698","France"
"2411","Gap Inc.","GAP","7664714240","21.82","United States"
"2412","AGC","5201.T","7656950044","36.0507","Japan"
"2413","Eastman Chemical","EMN","7656454144","66.97","United States"
"2414","Commercial International Bank","CIN.F","7656156345","2.32056","Egypt"
"2415","Fortune Electric Co., Ltd.","1519.TW","7637523483","21.9804","Taiwan"
"2416","CITIC Metal","601061.SS","7622189291","1.55555","China"
"2417","AirTAC International","1590.TW","7609823545","38.0491","Taiwan"
"2418","Empire Company","EMP-A.TO","7609227108","34.0161","Canada"
"2419","SM Prime Holdings","SPHXF","7604172288","0.2672","Philippines"
"2420","BKW AG","BKW.SW","7603189908","144.08","Switzerland"
"2421","Choice Properties REIT","CHP-UN.TO","7602109447","10.5029","Canada"
"2422","Beijer Ref","BEIJ-B.ST","7598154620","14.9864","Sweden"
"2423","eMemory Technology","3529.TWO","7596643516","101.713","Taiwan"
"2424","Orica","ORI.AX","7596602864","16.3881","Australia"
"2425","Compagnie du Cambodge","CBDG.PA","7596324974","125.128","France"
"2426","Levi Strauss &amp; Co.","LEVI","7593101312","19.73","United States"
"2427","Hindustan Petroleum","HINDPETRO.NS","7591132885","3.56756","India"
"2428","Gildan","GIL","7589161472","40.98","Canada"
"2429","Sojitz Corporation","2768.T","7588186942","36.4711","Japan"
"2430","Hyundai Autoever Corporation","307950.KS","7584824794","276.576","South Korea"
"2431","Kingboard Holdings","0148.HK","7579287522","6.75647","Hong Kong"
"2432","Wharf Holdings","0004.HK","7573518170","2.47822","Hong Kong"
"2433","Hanover Insurance Group","THG","7571308544","217.44","United States"
"2434","Ultrapar Participacoes","UGP","7565902336","7.1","Brazil"
"2435","M3, Inc","2413.T","7558609941","11.3439","Japan"
"2436","Spyre Therapeutics","SYRE","7555609600","85.69","United States"
"2437","Taiyo Yuden","6976.T","7544044346","57.9168","Japan"
"2438","Hitachi Construction Machinery","6305.T","7541738495","36.1972","Japan"
"2439","First International Bank of Israel","FIBI.TA","7541242671","75.1889","Israel"
"2440","Shanghai Commercial and Savings Bank","5876.TW","7540601777","1.53926","Taiwan"
"2441","Cinda Securities","601059.SS","7533079000","2.32287","China"
"2442","Apar Industries","APARINDS.NS","7530390386","179.842","India"
"2443","Kinsale Capital Group","KNSL","7528040960","330.49","United States"
"2444","StandardAero","SARO","7525107712","22.74","United States"
"2445","Buzzi Unicem","BZU.MI","7519464405","42.6004","Italy"
"2446","Sunway","5211.KL","7517097640","1.11193","Malaysia"
"2447","WiseTech Global","WTC.AX","7515085913","22.3462","Australia"
"2448","National Fuel Gas","NFG","7507612160","78.99","United States"
"2449","Idacorp","IDA","7506740224","129.78","United States"
"2450","VZ Holding","VZN.SW","7502658771","190.504","Switzerland"
"2451","Smithfield Foods","SFD","7497332224","19.04","United States"
"2452","Procore","PCOR","7491398144","49.3","United States"
"2453","kyowa Kirin","4151.T","7490240052","14.3056","Japan"
"2454","Vicinity Centres","VCX.AX","7487170005","1.59966","Australia"
"2455","Ozon","OZON.ME","7476324762","34.48","United States"
"2456","NKT A/S","NKT.CO","7475815715","139.864","Denmark"
"2457","Telekom Malaysia","4863.KL","7472451443","1.9471","Malaysia"
"2458","Celcomdigi","6947.KL","7470467646","0.636787","Malaysia"
"2459","The Lottery Corporation","TLC.AX","7464526767","3.35368","Australia"
"2460","Applied Digital","APLD","7462974976","26.25","United States"
"2461","Vista Energy","VIST","7458931712","67.43","Mexico"
"2462","Yokogawa Electric Corporation","6841.T","7455136357","29.9425","Japan"
"2463","Chord Energy","CHRD","7453679104","136.27","United States"
"2464","VinFast Auto","VFS","7439725056","3.18","Vietnam"
"2465","Rational AG","RAA.F","7436867042","654.078","Germany"
"2466","Zurich Airport","FHZN.SW","7435619335","242.219","Switzerland"
"2467","Bharti Hexacom","BHARTIHEXA.NS","7430461468","14.8609","India"
"2468","Dahua Technology","002236.SZ","7428145061","2.27212","China"
"2469","NH Investment & Securities Co., Ltd.","005940.KS","7423131145","19.1617","South Korea"
"2470","Bank Millennium","MIL.WA","7419428841","6.12123","Poland"
"2471","Tongwei Co.,Ltd","600438.SS","7418800549","1.64789","China"
"2472","Smoore International Holdings","6969.HK","7416437118","1.19704","China"
"2473","Computacenter","CCC.L","7400544437","70.5159","United Kingdom"
"2474","Industrial Securities","601377.SS","7400137852","0.856896","China"
"2475","JFE Holdings","5411.T","7398582909","11.6305","Japan"
"2476","Luzerner Kantonalbank","LUKN.SW","7396809850","149.372","Switzerland"
"2477","Ionis Pharmaceuticals","IONS","7395202048","44.5","United States"
"2478","Meiji Holdings","2269.T","7393997088","27.2673","Japan"
"2479","Yuntianhua","600096.SS","7391459243","4.05458","China"
"2480","Bachem","BANB.SW","7390091805","98.6193","Switzerland"
"2481","IndusInd Bank","INDUSINDBK.NS","7383977265","9.47703","India"
"2482","Silicon Labs","SLAB","7382062080","221.24","United States"
"2483","Shimadzu","7701.T","7379888154","25.5412","Japan"
"2484","Brother Industries","6448.T","7375091952","29.8788","Japan"
"2485","Ampol","ALD.AX","7374942393","30.9479","Australia"
"2486","Barry Callebaut","BARN.SW","7371986952","1344.59","Switzerland"
"2487","Akbank","AKBNK.IS","7368116211","1.41695","Turkey"
"2488","Cipher Mining","CIFR","7358494720","17.73","United States"
"2489","Waaree Energies Limited (WEL)","WAAREEENER.NS","7356850044","25.5756","India"
"2490","Yaskawa","6506.T","7356420573","28.3629","Japan"
"2491","Isetan Mitsukoshi Holdings","3099.T","7352898349","21.1909","Japan"
"2492","Morningstar","MORN","7351909888","195.98","United States"
"2493","Aaon","AAON","7346619392","89.1","United States"
"2494","Chewy","CHWY","7343211520","18.27","United States"
"2495","Clearway Energy","CWEN","7342353920","29.77","United States"
"2496","Zeta Global","ZETA","7340637184","29.45","United States"
"2497","ALS Global","ALQ.AX","7335562254","14.4531","Australia"
"2498","Food &amp; Life Companies","3563.T","7330480171","32.2546","Japan"
"2499","The Mosaic Company","MOS","7314779136","23.01","United States"
"2500","Avolta AG","AVOL.SW","7314719777","51.691","Switzerland"
"2501","Grupo Aeroportuario del Sureste
(ASUR)","ASR","7304099328","243.21","Mexico"
"2502","HealthEquity","HQY","7299624960","88.25","United States"
"2503","CTP N.V.","CTPNV.AS","7293394658","14.8789","Netherlands"
"2504","Shandong Hi-Speed","600350.SS","7289458531","1.50778","China"
"2505","Sysmex","6869.T","7287726763","12.105","Japan"
"2506","DCC plc","DCC.L","7286255864","85.295","Ireland"
"2507","SSR Mining","SSRM","7275484160","35.68","Canada"
"2508","Gamuda Berhad","5398.KL","7275184861","1.20255","Malaysia"
"2509","Phoenix Mills","PHOENIXLTD.NS","7274285879","20.3375","India"
"2510","Commercial Metals Company","CMC","7271337984","65.73","United States"
"2511","Wuhan Guide Infrared","002414.SZ","7249017669","1.69737","China"
"2512","Kinden Corporation","1944.T","7246577932","44.057","Japan"
"2513","Kingfisher","KGF.L","7246232536","4.47352","United Kingdom"
"2514","STAG Industrial","STAG","7240554496","36.79","United States"
"2515","B2Gold","BTG","7239467520","5.48","Canada"
"2516","Iyogin Holdings","5830.T","7237006398","25.3056","Japan"
"2517","Simpson Manufacturing Company","SSD","7235845632","176.55","United States"
"2518","IDFC FIRST Bank","IDFCFIRSTB.NS","7235843644","0.83915","India"
"2519","Amorepacific","090430.KS","7235008673","104.967","South Korea"
"2520","IOI Corporation Berhad","1961.KL","7234982267","1.15111","Malaysia"
"2521","AppFolio","APPF","7232858112","204.22","United States"
"2522","Valley Bank","VLY","7228076544","13.08","United States"
"2523","Netskope","NTSK","7219745280","17.67","United States"
"2524","Mineral Resources","MIN.AX","7218269603","36.3573","Australia"
"2525","Edenred","EDEN.PA","7213377989","31.4867","France"
"2526","Ono Pharmaceutical","4528.T","7211683784","15.347","Japan"
"2527","Samsung E&A","028050.KS","7208638469","36.7788","South Korea"
"2528","Compass","COMP","7200506368","9.38","United States"
"2529","Intermediate Capital Group (ICG)","ICG.L","7200226238","24.7733","United Kingdom"
"2530","Arcosa","ACA","7200039936","146.62","United States"
"2531","Terreno Realty","TRNO","7199668736","66.07","United States"
"2532","Discovery Silver Corp.","DSV.TO","7199284273","8.84306","Canada"
"2533","KakaoBank","323410.KS","7184969380","15.0793","South Korea"
"2534","Randstad","RAND.AS","7178887442","40.9168","Netherlands"
"2535","Kandenko","1942.T","7174597325","36.0507","Japan"
"2536","Bank Negara Indonesia","BBNI.JK","7173540305","0.192543","Indonesia"
"2537","Bajaj Housing Finance Limited (BHFL)","BAJAJHFL.NS","7159924566","0.859673","India"
"2538","Reece Group","REH.AX","7159458394","11.6397","Australia"
"2539","Figure Technology Solutions","FIGR","7157654016","31.9","United States"
"2540","Xero","XRO.AX","7152977300","40.4897","New Zealand"
"2541","Baycurrent","6532.T","7146935467","48.6239","Japan"
"2542","Deutsche Wohnen","DWNI.DE","7143108015","17.9957","Germany"
"2543","Solaris Energy Infrastructure","SEI","7141452800","70.97","United States"
"2544","Posco International","047050.KS","7133824034","41.8542","South Korea"
"2545","EVA Air","2618.TW","7132438173","1.32071","Taiwan"
"2546","Dabur","DABUR.NS","7128908471","4.01865","India"
"2547","Desay SV","002920.SZ","7127570342","11.9428","China"
"2548","Shanghai Allist Pharmaceuticals","688578.SS","7120219237","15.8227","China"
"2549","NextVision Stabilized Systems","NXSN.TA","7112109425","76.8504","Israel"
"2550","Havells India","HAVELLS.NS","7093493495","11.3033","India"
"2551","National Mineral Development Corporation","NMDC.NS","7091889062","0.806647","India"
"2552","South Bow","SOBO","7089910784","33.99","Canada"
"2553","Celsius Holdings","CELH","7082450944","27.99","United States"
"2554","Migdal Insurance and Financial Holdings","MGDL.TA","7081051162","6.68165","Israel"
"2555","NOV","NOV","7079655424","19.86","United States"
"2556","Oklo","OKLO","7076111360","38.04","United States"
"2557","Huadong Medicine (HD Medicine)","000963.SZ","7074010979","4.03368","China"
"2558","Empyrean Technology","301269.SZ","7070695583","12.9057","China"
"2559","Sinotrans Limited","601598.SS","7068157367","0.985281","China"
"2560","St. James's Place","STJ.L","7067913425","14.3484","United Kingdom"
"2561","Rakuten Bank","5838.T","7063740344","40.4774","Japan"
"2562","Gotion High-tech Co.,Ltd.","002074.SZ","7062653516","3.89186","China"
"2563","Primo Brands","PRMB","7057902592","19.5","United States"
"2564","UNO Minda","UNOMINDA.NS","7056662522","12.22","India"
"2565","A1 Telekom Austria","TA1.F","7055571218","10.6245","Austria"
"2566","Axalta","AXTA","7039117824","32.89","United States"
"2567","MSA Safety","MSA","7038994432","182.46","United States"
"2568","Light &amp; Wonder","LNW","7028988928","86.22","United States"
"2569","Dropbox","DBX","7027745792","32.32","United States"
"2570","Schaeffler","SHA0.DE","7018652006","7.42805","Germany"
"2571","HK Electric Investments","2638.HK","7012115631","0.793567","Hong Kong"
"2572","Plexus","PLXS","7011900928","263.09","United States"
"2573","Aura Minerals","AUGO","7006244864","83.57","United States"
"2574","Federal Signal","FSS","7004525056","114.75","United States"
"2575","Nissan Chemical","4021.T","6989342851","52.3946","Japan"
"2576","Swiggy","SWIGGY.NS","6987399455","2.66694","India"
"2577","Lottomatica Group","LTMC.MI","6982315791","30.1331","Italy"
"2578","Stockland","SGP.AX","6977776525","2.86957","Australia"
"2579","Spirax-Sarco Engineering","SPX.L","6974502133","94.5107","United Kingdom"
"2580","Remgro Limited","REM.JO","6968677500","12.5173","South Africa"
"2581","Hanwha Corporation","000880.KS","6963086814","96.8753","South Korea"
"2582","Lithia Motors","LAD","6955897856","316.42","United States"
"2583","Richter Gedeon","RIG2.F","6950384953","38.1072","Hungary"
"2584","Cleveland-Cliffs","CLF","6949177856","12.18","United States"
"2585","President Chain Store (PSCS)","2912.TW","6946942610","6.68218","Taiwan"
"2586","ESCO Technologies","ESE","6945560064","268.09","United States"
"2587","Hanjin Kal","180640.KS","6939057526","103.937","South Korea"
"2588","ICICI Prulife","ICICIPRULI.NS","6932740832","4.77862","India"
"2589","Oberoi Realty","OBEROIRLTY.NS","6931890141","19.0645","India"
"2590","Yes Bank","YESBANK.NS","6925934619","0.220648","India"
"2591","Powell Industries","POWL","6905063936","189.53","United States"
"2592","ENN Energy","2688.HK","6902734472","6.20831","China"
"2593","Shin Kong Financial Holding","2888.TW","6901126407","0.389619","Taiwan"
"2594","AXIS Capital","AXS","6891668480","94.45","Bermuda"
"2595","Amneal Pharmaceuticals","AMRX","6885812736","19.77","United States"
"2596","Armstrong World Industries","AWI","6880810496","162.81","United States"
"2597","Vornado Realty Trust","VNO","6878235648","34.73","United States"
"2598","Immunovant","IMVT","6878204416","33.3","United States"
"2599","Hims &amp; Hers Health","HIMS","6864080384","29.42","United States"
"2600","Camtek","CAMT","6862555648","147.05","Israel"
"2601","The Yokohama Rubber Company","5101.T","6859455089","43.4838","Japan"
"2602","Getinge","GETI-B.ST","6854103377","25.1647","Sweden"
"2603","Alkermes","ALKS","6853129216","40.85","Ireland"
"2604","Conagra Brands","CAG","6853059584","14.32","United States"
"2605","Allegro MicroSystems","ALGM","6852139008","36.76","United States"
"2606","Arabian Internet and Communications Services","7202.SR","6852128280","57.5432","Saudi Arabia"
"2607","Glenmark Pharmaceuticals","GLENMARK.NS","6837898993","24.2286","India"
"2608","Noble Corporation","NE","6835879936","42.82","United Kingdom"
"2609","Capital Power","CPX.TO","6831060867","43.4878","Canada"
"2610","Mobileye","MBLY","6827005952","8.03","Israel"
"2611","Adani Total Gas","ATGL.NS","6810939726","6.19283","India"
"2612","Daito Trust Construction","1878.T","6805063898","20.8916","Japan"
"2613","Kirby Corporation","KEX","6804864512","128.88","United States"
"2614","ISS A/S","ISS.CO","6804631195","44.1229","Denmark"
"2615","Gates Industrial Corp","GTES","6799640576","26.86","United States"
"2616","Maxis Berhad","6012.KL","6799002562","0.86701","Malaysia"
"2617","De' Longhi","DLG.MI","6795284659","45.8651","Italy"
"2618","Rhythm Pharmaceuticals","RYTM","6792946688","98.66","United States"
"2619","CPI Property Group","O5G.DE","6790630591","0.830395","Luxembourg"
"2620","Square Enix","9684.T","6776980441","18.7897","Japan"
"2621","MSC Industrial Direct","MSM","6769688064","121.22","United States"
"2622","First American Financial Corporation","FAF","6766166528","66.27","United States"
"2623","Fonterra","FCG.NZ","6758897955","2.824","New Zealand"
"2624","Elisa","ELISA.HE","6758339239","42.0885","Finland"
"2625","Global-e","GLBE","6747249664","40.17","Israel"
"2626","International Games System","3293.TWO","6743529801","23.9301","Taiwan"
"2627","Scor","SCR.PA","6739253538","37.7204","France"
"2628","Belite Bio","BLTE","6738738176","167.33","United States"
"2629","Fluor Corporation","FLR","6737874944","50.38","United States"
"2630","Samyang Foods","003230.KS","6732435263","893.724","South Korea"
"2631","Sumco Corporation","3436.T","6727291949","19.2355","Japan"
"2632","Descartes Systems Group","DSGX","6724971520","78.61","Canada"
"2633","Nissan","7201.T","6723255041","1.92292","Japan"
"2634","Matson","MATX","6718111232","224.66","United States"
"2635","Lundbeck","HLUN-B.CO","6717429590","6.77058","Denmark"
"2636","Ringkjøbing Landbobank","RILBA.CO","6716043597","284.669","Denmark"
"2637","Oberbank","OBS.VI","6714110151","95.0973","Austria"
"2638","Norwegian Cruise Line","NCLH","6708733952","14.61","United States"
"2639","OR Royalties","OR","6708601856","35.78","Canada"
"2640","Molson Coors","TAP","6703019008","35.95","United States"
"2641","Technology One","TNE.AX","6697584319","20.4589","Australia"
"2642","Chemed","CHE","6693911040","512.16","United States"
"2643","ALK-Abelló","ALK-B.CO","6690924355","30.1557","Denmark"
"2644","Victory Capital","VCTR","6689165824","108.75","United States"
"2645","Duolingo","DUOL","6686577664","143.51","United States"
"2646","Nippon Building Fund","8951.T","6681390328","757.957","Japan"
"2647","YTL Corporation Berhad","1773.T","6680547549","0.573245","Malaysia"
"2648","Macerich","MAC","6679487488","22.64","United States"
"2649","National Aluminum &amp; Alloy","NATIONALUM.NS","6677617419","3.6358","India"
"2650","Umm Al Qura for development and construction","4325.SR","6676410132","4.64075","Saudi Arabia"
"2651","easyJet","EZJ.L","6676252160","8.93113","United Kingdom"
"2652","Element Fleet Management","EFN.TO","6670728705","16.8456","Canada"
"2653","Bank of East Asia","0023.HK","6660014381","2.51647","Hong Kong"
"2654","Cochlear","COH.AX","6659191324","101.824","Australia"
"2655","TAL Education Group","TAL","6656414720","12","China"
"2656","Nexans","NEX.PA","6650989889","152.429","France"
"2657","Codan Limited","CDA.AX","6650474428","36.4765","Australia"
"2658","Dutch Bros","BROS","6645770752","37.89","United States"
"2659","Copenhagen Airport","KBHL.CO","6639016946","845.943","Denmark"
"2660","ICL Group","ICL","6634292224","5.14","Israel"
"2661","Triple Flag Precious Metals","TFPM","6631237120","32.19","Canada"
"2662","Pilgrim's Pride","PPC","6624179200","27.82","United States"
"2663","Magnolia Oil &amp; Gas","MGY","6622898176","24.11","United States"
"2664","Seiko Epson Corporation","6724.T","6616688344","20.6495","Japan"
"2665","Victoria's Secret &amp; Co","VSXY","6613236736","82.91","United States"
"2666","INWIT","INW.MI","6611353135","7.32567","Italy"
"2667","NICE","NICE","6610348544","112.81","Israel"
"2668","D-Wave Quantum","QBTS","6609299456","17.41","Canada"
"2669","Yunnan Energy New Material","002812.SZ","6605507960","6.73126","China"
"2670","Prestige Group","PRESTIGE.NS","6599833784","15.3224","India"
"2671","OneMain Financial","OMF","6598778880","57.36","United States"
"2672","Uniqa Insurance Group","UN9.F","6594012346","21.2945","Austria"
"2673","EnPro Industries","NPO","6592250368","311.43","United States"
"2674","Sonic Healthcare","SHL.AX","6591919704","13.3375","Australia"
"2675","Bezeq","BEZQ.TA","6584973618","2.39738","Israel"
"2676","99 Speed Mart Retail","5326.KL","6583394268","0.783737","Malaysia"
"2677","RBL Bank","RBLBANK.NS","6579003454","4.24003","India"
"2678","Shanghai Lujiazui Finance & Trade Zone Development Co.,Ltd.","600663.SS","6577135091","1.30624","China"
"2679","GDS Holdings","GDS","6566374400","32.77","China"
"2680","SenseTime","0020.HK","6565792589","0.155526","China"
"2681","Galicia Financial Group","GGAL","6564626432","38.74","Argentina"
"2682","Swissquote","SQN.SW","6561487800","43.7774","Switzerland"
"2683","Hankyu Hanshin Holdings","9042.T","6553972047","28.4138","Japan"
"2684","Terex","TEX","6552819200","57.33","United States"
"2685","Yang Ming","2609.TW","6544744037","1.87415","Taiwan"
"2686","PTT Global Chemical","PTTGC.BK","6543804689","1.45132","Thailand"
"2687","Kimberly-Clark de México","KIMBERA.MX","6539325221","2.18987","Mexico"
"2688","PACS Group","PACS","6539260928","41.3","United States"
"2689","Changjiang Securities","000783.SZ","6538408182","1.18234","China"
"2690","Fortis Healthcare","FORTIS.NS","6533821232","8.65455","India"
"2691","Fraport","FRA.DE","6526769176","70.5835","Germany"
"2692","Türkiye Is Bankasi","ISCTR.IS","6518153009","0.260726","Turkey"
"2693","Lantheus Holdings","LNTH","6513009664","99.74","United States"
"2694","Mycronic","MYCR.ST","6507462416","33.3254","Sweden"
"2695","China National Chemical Engineering (CNCEC)","601117.SS","6498768347","1.0644","China"
"2696","Biocon","BIOCON.NS","6495192640","3.98896","India"
"2697","Torrent Power","TORNTPOWER.NS","6494733127","12.8888","India"
"2698","UiPath","PATH","6493596672","12.46","United States"
"2699","GUANGHUI ENERGY","600256.SS","6488762234","1.01514","China"
"2700","Hexcel","HXL","6488492544","85.8","United States"
"2701","Sekisui Chemical","4204.T","6487779024","16.0668","Japan"
"2702","GATX","GATX","6486597632","183.73","United States"
"2703","Sailun Group","601058.SS","6484311336","1.97205","China"
"2704","Bank of Maharashtra","MAHABANK.NS","6478406135","0.842275","India"
"2705","PJT Partners","PJT","6464977920","151.77","United States"
"2706","Enact Holdings","ACT","6457607680","46.97","United States"
"2707","BBB Foods","TBBB","6457342464","53.56","Mexico"
"2708","Krafton","259960.KS","6457328679","148.586","South Korea"
"2709","Urban Outfitters","URBN","6454494720","75.35","United States"
"2710","EnerSys","ENS","6451707904","178.89","United States"
"2711","Alkem Laboratories","ALKEM.NS","6445972676","53.9119","India"
"2712","TXNM Energy","TXNM","6444559360","58.52","United States"
"2713","Schaeffler India","SCHAEFFLER.NS","6440870577","41.2074","India"
"2714","MISUMI Group","9962.T","6428256438","24.5604","Japan"
"2715","IMCD","IMCD.AS","6427712817","108.861","Netherlands"
"2716","Babcock International Group","BAB.L","6419704494","13.0958","United Kingdom"
"2717","McDonald's Japan","2702.T","6419236739","48.2799","Japan"
"2718","Surgutneftegas","SNGS.ME","6416348800","0.18","Russia"
"2719","Jindal Stainless","JSL.NS","6400868969","7.76852","India"
"2720","Qube Holdings","QUB.AX","6396345978","3.58521","Australia"
"2721","Zillow","Z","6393195008","28.43","United States"
"2722","CD Projekt","CDR.WA","6388312555","63.9403","Poland"
"2723","United Bankshares","UBSI","6381083136","46.86","United States"
"2724","Matador Resources","MTDR","6379529728","51.55","United States"
"2725","LandBridge","LB","6374935040","81.38","United States"
"2726","SFS Group","SFSN.SW","6367964392","163.804","Switzerland"
"2727","Indian Overseas Bank","IOB.NS","6367373852","0.330659","India"
"2728","Builders FirstSource","BLDR","6366481920","59.17","United States"
"2729","HORIBA","6856.T","6366091141","151.496","Japan"
"2730","Halkbank","HALKB.IS","6363507444","0.885693","Turkey"
"2731","RingCentral","RNG","6359829504","76.16","United States"
"2732","Bupa Arabia for Cooperative Insurance Company","8210.SR","6357726995","42.3848","Saudi Arabia"
"2733","APL Apollo","APLAPOLLO.NS","6354990354","22.8878","India"
"2734","Motilal Oswal Financial Services","MOTILALOFS.NS","6354534285","10.5386","India"
"2735","Tokyo Ohka Kogyo Co., Ltd.","4186.T","6348748423","52.9169","Japan"
"2736","Planet Labs","PL","6341870592","17.43","United States"
"2737","Barratt Redrow","BTRW.L","6329333550","4.59414","United Kingdom"
"2738","Vopak","VPK.AS","6328729259","55.5341","Netherlands"
"2739","Shanghai Zhangjiang Hi-Tech Park Development","600895.SS","6320898750","4.08145","China"
"2740","Kyushu Electric Power Company","9508.T","6317720874","13.363","Japan"
"2741","Hai Di Lao Hot Pot","6862.HK","6316871319","1.16645","China"
"2742","Zhongtai Securities","600918.SS","6312355276","0.797182","China"
"2743","Azimut Holding","AZM.MI","6306368645","44.8186","Italy"
"2744","Joby Aviation","JOBY","6296580096","6.32","United States"
"2745","Brunello Cucinelli","BC.MI","6296439655","92.5947","Italy"
"2746","LS Corp.","006260.KS","6296363144","230.235","South Korea"
"2747","Giant Network Group","002558.SZ","6293026064","3.31114","China"
"2748","Etsy","ETSY","6281542656","68.44","United States"
"2749","Grupo Catalana Occidente","GCO.MC","6280031254","53.2104","Spain"
"2750","F.N.B. Corporation","FNB","6279203840","17.64","United States"
"2751","National Marine Dredging","NMDC.AE","6267095660","7.42","United Arab Emirates"
"2752","OceanaGold","OGC.TO","6265861750","28.1678","Canada"
"2753","Healthcare Realty Trust","HR","6263309824","18.05","United States"
"2754","Radico Khaitan","RADICO.NS","6251101557","46.6538","India"
"2755","Pepco Group","PCO.WA","6236505470","11.4214","United Kingdom"
"2756","Severstal","CHMF.ME","6236325529","7.59","Russia"
"2757","SIG Combibloc","SIGN.SW","6235938496","16.3203","Switzerland"
"2758","Ithaca Energy","ITH.L","6235366444","3.77764","United Kingdom"
"2759","MatsukiyoCocokara","3088.T","6231694364","15.8438","Japan"
"2760","HELLENiQ ENERGY","ELPE.AT","6217153915","20.3617","Greece"
"2761","Intercorp Financial Services","IFS","6209870848","56.25","Peru"
"2762","Ingram Micro Holding Corporation","INGM","6206395392","26.98","United States"
"2763","Vontobel","VONN.SW","6201006510","110.165","Switzerland"
"2764","Bank of Suzhou","002966.SZ","6200169290","1.38686","China"
"2765","Plains GP","PAGP","6193151488","26.58","United States"
"2766","BOC Aviation","2588.HK","6193100458","8.92364","Singapore"
"2767","Tsuruha Holdings","3391.T","6187407339","13.656","Japan"
"2768","Kanzhun","BZ","6177418240","14.11","China"
"2769","ZOZO","3092.T","6174359080","7.09231","Japan"
"2770","Sulzer","SUN.SW","6173138632","182.325","Switzerland"
"2771","Bank of India","BANKINDIA.NS","6165239086","1.3542","India"
"2772","Kuala Lumpur Kepong","2445.KL","6164267049","5.53515","Malaysia"
"2773","Aedifica","AED.BR","6162191523","73.8255","Belgium"
"2774","NexGen Energy","NXE","6161950720","9.19","Canada"
"2775","Land Securities Group","LAND.L","6155802308","8.26109","United Kingdom"
"2776","Zoomlion","1157.HK","6152064901","0.711342","China"
"2777","Sensata Technologies","ST","6140157440","42.19","United States"
"2778","Bilibili","BILI","6135700480","14.895","China"
"2779","X-Energy, Inc.","XE","6128001024","15.08","United States"
"2780","Liquidia Corporation","LQDA","6125093376","68.43","United States"
"2781","RaiaDrogasil","RADL3.SA","6125037203","3.50295","Brazil"
"2782","TOTO","5332.T","6124506958","37.2418","Japan"
"2783","JCDecaux","DEC.PA","6122738811","28.7794","France"
"2784","Terns Pharmaceuticals","TERN","6116845568","52.95","United States"
"2785","Sumitomo Chemical","4005.T","6104523615","3.69552","Japan"
"2786","Ingredion","INGR","6099548160","96.72","United States"
"2787","Loar Holdings","LOAR","6093498368","65.04","United States"
"2788","Qatar Gas Transport Company","QGTS.QA","6088201389","1.0989","Qatar"
"2789","CTS Eventim","EVD.F","6087492292","63.4171","Germany"
"2790","Weatherford International","WFRD","6084250112","85.08","United States"
"2791","Super Group","SGHC","6081679360","11.97","Guernsey"
"2792","Samsung Epis Holdings","0126Z0.KS","6076714667","244.211","South Korea"
"2793","WEX","WEX","6076069888","178.28","United States"
"2794","Kalyan Jewellers India","KALYANKJIL.NS","6068044532","5.87561","India"
"2795","Zalando","ZAL.DE","6067366982","24.8436","Germany"
"2796","ISU Petasys","007660.KS","6063976537","82.6051","South Korea"
"2797","Monotaro","3064.T","6061418318","12.3279","Japan"
"2798","OPAP (Organization of Football Prognostics)","OPAP.AT","6052397365","16.8777","Greece"
"2799","Crocs","CROX","6047791616","126.14","United States"
"2800","Yapı Kredi","YKBNK.IS","6039693078","0.715006","Turkey"
"2801","Avanza Bank","AZA.ST","6036007751","38.2439","Sweden"
"2802","Zheshang Securities","601878.SS","6032153550","1.33013","China"
"2803","Commvault","CVLT","6031841792","145.54","United States"
"2804","Caesars Entertainment","CZR","6029854208","29.59","United States"
"2805","Rockwool","ROCK-B.CO","6029313661","29.0907","Denmark"
"2806","Amdocs","DOX","6025789440","57.71","United States"
"2807","CAVA Group","CAVA","6024864256","51.58","United States"
"2808","SWI Capital Holding","SWICH.AS","6024232250","13.9916","Singapore"
"2809","Bausch + Lomb","BLCO","6021806080","16.86","Canada"
"2810","General Insurance Corporation of India","GICRE.NS","6018584275","3.43057","India"
"2811","Perseus Mining","PRU.AX","6015063139","4.53238","Australia"
"2812","Rainbow Robotics","277810.KQ","6014829261","310.045","South Korea"
"2813","Ligand Pharmaceuticals","LGND","6010984448","301.52","United States"
"2814","Cirrus Logic","CRUS","6010097664","119.92","United States"
"2815","Transocean","RIG","6008815104","5.38","Switzerland"
"2816","Bosideng","3998.HK","6006193592","0.515659","Hong Kong"
"2817","Ather Energy","ATHERENERG.NS","6003894489","15.1568","India"
"2818","Korean Air Lines","003495.KS","5999416239","16.293","South Korea"
"2819","Soochow Securities","601555.SS","5993359991","1.20622","China"
"2820","POOLCORP","POOL","5992952832","164.91","United States"
"2821","Lamb Weston","LW","5991516160","43.58","United States"
"2822","Valmet","VALMT.HE","5972719495","32.4195","Finland"
"2823","Definity Financial","DFY.TO","5972702870","49.7245","Canada"
"2824","Croda International","CRDA.L","5972452000","42.8581","United Kingdom"
"2825","Southwest Gas","SWX","5972436480","82.44","United States"
"2826","Hoa Phat Group","HPG.VN","5969215766","0.777701","Vietnam"
"2827","Qualys","QLYS","5965215744","172.43","United States"
"2828","The 77 Bank","8341.T","5959669948","26.7132","Japan"
"2829","The Trade Desk","TTD","5957218304","12.6","United States"
"2830","TKMS","TKMS.DE","5954212714","93.7322","Germany"
"2831","GPT Group","GPT.AX","5953839750","3.10812","Australia"
"2832","CG Oncology","CGON","5952201216","67.15","United States"
"2833","Hera Group","HER.MI","5950082235","4.03595","Italy"
"2834","Taiwan Cement","1101.TW","5949587688","0.794","Taiwan"
"2835","Genesis Minerals Limited","GMD.AX","5943569216","5.05858","Australia"
"2836","KION Group","KGX.DE","5936486950","45.2736","Germany"
"2837","Enel Chile","ENIC","5934490624","4.29","Chile"
"2838","abrdn","ABDN.L","5934203031","3.31345","United Kingdom"
"2839","Dentsu","4324.T","5934069329","22.8597","Japan"
"2840","Sinopharm","1099.HK","5927565082","1.89946","China"
"2841","Charter Hall Group","CHC.AX","5926983908","12.5307","Australia"
"2842","Ricoh Company","7752.T","5924789157","10.5859","Japan"
"2843","Hancock Whitney","HWC","5924472320","73.85","United States"
"2844","Scholar Rock Holding","SRRK","5922418176","48.63","United States"
"2845","Abbott India","ABBOTINDIA.NS","5919432995","278.571","India"
"2846","Macy's","M","5913038848","22.64","United States"
"2847","Luberef (Saudi Aramco Base Oil Company)","2223.SR","5907972841","35.112","Saudi Arabia"
"2848","Spring Airlines","601021.SS","5906279784","6.03708","China"
"2849","Melisron","MLSR.TA","5905147861","123.795","Israel"
"2850","Genting Singapore","G13.SI","5896438998","0.488778","Singapore"
"2851","Cemig","CIG","5893004800","2.06","Brazil"
"2852","LKQ Corporation","LKQ","5892418560","23.29","United States"
"2853","Lumen Technologies","LUMN","5889552896","5.71","United States"
"2854","Grupo Aval","AVAL","5888381952","4.96","Colombia"
"2855","Vipshop","VIPS","5886690304","12.38","China"
"2856","Cenergy Holdings","CENER.BR","5884080190","27.7102","Belgium"
"2857","Soitec","SOI.PA","5877622385","164.259","France"
"2858","Chailease Holding","5871.TW","5873541529","3.36467","Taiwan"
"2859","Strathcona Resources","SCR.TO","5872640825","27.4121","Canada"
"2860","Balfour Beatty","BBY.L","5872331276","12.5126","United Kingdom"
"2861","e.l.f. Beauty","ELF","5871885824","99.51","United States"
"2862","Corporación Financiera Alba","ALB.MC","5871019284","97.9515","Spain"
"2863","SBI Card","SBICARD.NS","5859167730","6.15689","India"
"2864","Kiniksa Pharmaceuticals","KNSA","5858043392","75.08","Bermuda"
"2865","Alibaba Health Information Technology","0241.HK","5856185728","0.362045","Hong Kong"
"2866","Seibu Holdings","9024.T","5854146394","23.0317","Japan"
"2867","Toyo Suisan","2875.T","5853610422","61.6111","Japan"
"2868","Vallourec","VK.PA","5853536662","22.0168","France"
"2869","Onex","ONEX.TO","5851611504","76.7058","Canada"
"2870","Tokyu","9005.T","5850171265","10.4713","Japan"
"2871","Ezdan Holding Group","ERES.QA","5844236772","0.22033","Qatar"
"2872","Covivio","COV.PA","5844003712","52.804","France"
"2873","MGIC Investment","MTG","5841955328","28.48","United States"
"2874","Home BancShares","HOMB","5839449088","29.19","United States"
"2875","Taiwan Business Bank","2834.TW","5836613258","0.561303","Taiwan"
"2876","China Resources Sanjiu Medical &amp; Pharmaceutical","000999.SZ","5835917808","3.5067","China"
"2877","EFG International","EFGN.SW","5833308403","19.3871","Switzerland"
"2878","Samsung Securities","016360.KS","5832994866","65.3191","South Korea"
"2879","Fertiglobe","FERTIGLB.AE","5831355493","0.7","United Arab Emirates"
"2880","Coromandel","COROMANDEL.NS","5827305039","19.7844","India"
"2881","Sprouts Farmers Market","SFM","5827044352","62.49","United States"
"2882","Glacier Bancorp","GBCI","5826984960","44.75","United States"
"2883","Mirum Pharmaceuticals","MIRM","5824418304","89.7","United States"
"2884","Porto Seguro","PSSA3.SA","5822369955","9.08337","Brazil"
"2885","EVN Group","EVN.F","5821802680","32.647","Austria"
"2886","NEXTDC","NXT.AX","5821181351","7.65453","Australia"
"2887","Shenzhen New Industries Biomedical Engineering","300832.SZ","5819053436","7.40603","China"
"2888","SDIC Capital","600061.SS","5813163747","0.909145","China"
"2889","BillionToOne","BLLN","5807780864","123.08","United States"
"2890","LondonMetric Property","LMP.L","5805390690","2.38057","United Kingdom"
"2891","ATCO","ACO-X.TO","5802819979","51.568","Canada"
"2892","Tokyu Fudosan Holdings","3289.T","5792128030","8.12097","Japan"
"2893","China State Construction International","3311.HK","5787703320","1.0957","Hong Kong"
"2894","BETA Technologies","BETA","5782254592","23.85","United States"
"2895","MarketAxess","MKTX","5779027456","164.19","United States"
"2896","Hamilton Lane","HLNE","5777972224","86.21","United States"
"2897","Campbell's","CPB","5776806400","19.37","United States"
"2898","Fomento de Construcciones y Contratas","FCC.MC","5775772457","12.2123","Spain"
"2899","Ypsomed","YPSN.SW","5771200049","438.976","Switzerland"
"2900","Stevanato Group","STVN","5771155968","21.13","Italy"
"2901","Credit Acceptance","CACC","5768280576","555.68","United States"
"2902","Xometry","XMTR","5765031424","100.57","United States"
"2903","Bank of Changsha","601577.SS","5763430970","1.43314","China"
"2904","Technip Energies","TE.PA","5761041776","33.2613","France"
"2905","Rumo","RAIL3.SA","5759968410","3.10366","Brazil"
"2906","Abercrombie &amp; Fitch","ANF","5758769664","135.71","United States"
"2907","Ormat Technologies","ORA","5757958144","93.63","United States"
"2908","Presight AI","PRESIGHT.AE","5757112620","1.03","United Arab Emirates"
"2909","Umicore","UMI.VI","5754553687","23.9108","Belgium"
"2910","IG Group","IGG.L","5754314884","17.4567","United Kingdom"
"2911","Essential Properties Realty Trust","EPRT","5752919040","26.53","United States"
"2912","Georg Fischer","GF.SW","5731497082","69.9355","Switzerland"
"2913","Howden Joinery","HWDN.L","5730306316","10.5244","United Kingdom"
"2914","Essent Group","ESNT","5727828992","63.73","Bermuda"
"2915","StepStone Group","STEP","5726163456","44.36","United States"
"2916","Mobility Global, Inc.","MBGL","5718400512","17.87","United States"
"2917","JBT Marel Corporation","JBTM","5711118336","110.09","United States"
"2918","Cencosud","CENCOSUD.SN","5705088774","2.07156","Chile"
"2919","Bullish","BLSH","5698945536","37.58","Cayman Islands"
"2920","USA Rare Earth","USAR","5698461696","15.18","United States"
"2921","Tritax Big Box REIT","BBOX.L","5696047433","1.94543","United Kingdom"
"2922","SOL S.p.A.","SOL.MI","5695188246","62.7915","Italy"
"2923","CAR Group (Carsales)","CAR.AX","5688846971","15.0074","Australia"
"2924","Montage Gold Corp.","MAU.TO","5682019729","14.0557","Canada"
"2925","Suzlon","SUZLON.NS","5679582768","0.413168","India"
"2926","Westports","5246.KL","5672737039","1.65075","Malaysia"
"2927","ChinaLin Securities","002945.SZ","5671185056","2.10044","China"
"2928","SG Holdings","9143.T","5668970396","9.49994","Japan"
"2929","GRAIL","GRAL","5667698176","126.89","United States"
"2930","Albertsons","ACI","5663750656","11.67","United States"
"2931","Fastighets AB Balder","BALD-B.ST","5663090761","4.83921","Sweden"
"2932","Persimmon","PSN.L","5659494716","17.6238","United Kingdom"
"2933","Warehouses De Pauw","WDP.BR","5658597516","23.3876","Belgium"
"2934","Australian Foundation Investment Company","AFI.AX","5657890244","4.60254","Australia"
"2935","Capital Securities Corporation","601136.SS","5651430871","2.0676","China"
"2936","Rayonier","RYN","5649830912","18.88","United States"
"2937","Daewoo Engineering &amp; Construction","047040.KS","5645795263","13.7405","South Korea"
"2938","Shanghai BOCHU Electronic Technology","688188.SS","5636608813","13.8984","China"
"2939","37 Interactive Entertainment","002555.SZ","5630826131","2.54531","China"
"2940","BGC Group","BGC","5629523968","11.84","United States"
"2941","Lyft","LYFT","5627000832","14.865","United States"
"2942","Valaris","VAL","5623605760","80.99","United Kingdom"
"2943","MiniMed Group","MMED","5621371392","19.98","United States"
"2944","FirstService","FSV","5616805376","128.62","Canada"
"2945","China Longyuan Power Group","0916.HK","5616315590","0.671823","China"
"2946","West Fraser Timber","WFG","5612817920","71.68","Canada"
"2947","TBS Holdings","9401.T","5612012046","36.7386","Japan"
"2948","Telecom Argentina","TEO","5608203776","13.02","Argentina"
"2949","Cogent Biosciences","COGT","5606592000","32.31","United States"
"2950","Tokyo Metro","9023.T","5606236984","9.65599","Japan"
"2951","WPP","WPP","5606170624","25.99","United Kingdom"
"2952","Saigon Thuong Tin Commercial Bank","STB.VN","5603243929","2.9722","Vietnam"
"2953","Travere Therapeutics","TVTX","5602878464","59.44","United States"
"2954","ServiceTitan","TTAN","5599961600","58.05","United States"
"2955","Rush Enterprises","RUSHA","5599558144","47.97","United States"
"2956","BIG Shopping Centers","BIG.TA","5584853976","215.663","Israel"
"2957","EPAM Systems","EPAM","5583259136","108.23","United States"
"2958","Nexi","NEXI.MI","5577618117","4.74804","Italy"
"2959","Axfood","AXFO.ST","5573513635","25.8172","Sweden"
"2960","Core Scientific","CORZ","5572043264","17.34","United States"
"2961","RadNet","RDNT","5571014656","70.79","United States"
"2962","VF Corporation","VFC","5562853888","14.15","United States"
"2963","Sectra AB","SECT-B.ST","5562052486","28.8687","Sweden"
"2964","Genpact","G","5561938432","33.1","Bermuda"
"2965","Rigetti Computing","RGTI","5560587264","16.66","United States"
"2966","Churchill Downs","CHDN","5559987712","79.77","United States"
"2967","Landstar System","LSTR","5557850112","163.77","United States"
"2968","SAIC (Science Applications International Corp)","SAIC","5556045312","132.61","United States"
"2969","Altius Telecom Infrastructure Trust","ALTIUSINVIT.BO","5554782736","1.82279","India"
"2970","Birkenstock","BIRK","5548240384","33.6","Germany"
"2971","Pegasystems","PEGA","5547844608","33.745","United States"
"2972","Associated Banc-Corp","ASB","5546514944","29.37","United States"
"2973","PB Fintech","POLICYBZR.NS","5542406748","11.994","India"
"2974","UOL Group","U14.SI","5540279672","6.53789","Singapore"
"2975","Atlantic Union Bankshares","AUB","5538361344","38.78","United States"
"2976","SmartSens Technology","688213.SS","5534376353","13.7566","China"
"2977","PrairieSky Royalty","PSK.TO","5526226783","23.7745","Canada"
"2978","Ameris Bancorp","ABCB","5522254848","82.29","United States"
"2979","AutoStore Holdings","AUTO.OL","5520598497","1.64507","Norway"
"2980","AutoNation","AN","5520493056","166.98","United States"
"2981","Materion","MTRN","5520103424","264.96","United States"
"2982","Hanwha Solutions","009830.KS","5519565524","24.5314","South Korea"
"2983","Formosa Sumco Technology","3532.TW","5518736564","14.2291","Taiwan"
"2984","Asahi Intecc","7747.T","5517696329","20.796","Japan"
"2985","CMB.TECH","CMBT","5516127232","19.01","Belgium"
"2986","Fuchs Petrolub","FPE.F","5513593366","42.0885","Germany"
"2987","Portland General Electric","POR","5509922816","46.85","United States"
"2988","Mercury NZ","MCY.AX","5508998575","3.86585","New Zealand"
"2989","Mercury General","MCY","5506183680","99.41","United States"
"2990","Berger Paints","BERGEPAINT.NS","5500826992","4.71768","India"
"2991","Linde India","LINDEINDIA.NS","5500517029","64.4963","India"
"2992","Sensient Technologies","SXT","5499966464","129.22","United States"
"2993","iSoftStone Information Technology","301236.SZ","5493831541","5.30708","China"
"2994","Glanbia plc","GL9.IR","5487608973","22.705","Ireland"
"2995","Seatrium","5E2.SI","5485798740","1.61883","Singapore"
"2996","Dolby","DLB","5485244416","58.56","United States"
"2997","Dar Al Arkan Real Estate Development Company","4300.SR","5483869291","5.07766","Saudi Arabia"
"2998","Schneider National","SNDR","5478153216","31.25","United States"
"2999","RAKBANK (The National Bank of Ras Al Khaimah)","RAKBANK.AE","5476732950","2.72","United Arab Emirates"
"3000","Emmi AG","EMMN.SW","5475402877","1023.48","Switzerland"
"3001","Eagle Materials","EXP","5475238912","178.49","United States"
"3002","Jabal Omar Development","4250.SR","5463622260","4.6301","Saudi Arabia"
"3003","OpenText","OTEX","5462329856","22.51","Canada"
"3004","Copa Holdings","CPA","5458373632","133.72","Panama"
"3005","Starwood Property Trust","STWD","5453481984","14.36","United States"
"3006","Madras Rubber Factory","MRF.NS","5453308441","1285.81","India"
"3007","Impinj","PI","5447240704","178.28","United States"
"3008","Novanta","NOVT","5443110912","143.93","United States"
"3009","Castellum","CAST.ST","5438132205","12.6325","Sweden"
"3010","British Land","BLND.L","5423287180","5.29134","United Kingdom"
"3011","Harbour Energy","HBR.L","5420833524","3.61062","United Kingdom"
"3012","Renishaw","RSW.L","5417847129","74.4645","United Kingdom"
"3013","The Company for Cooperative Insurance","8010.SR","5417419638","24.1095","Saudi Arabia"
"3014","DKSH Holding","DKSH.SW","5412539590","83.2251","Switzerland"
"3015","Fannie Mae","FNMA","5408268800","4.67","United States"
"3016","INFICON","IFCN.SW","5404130026","221.052","Switzerland"
"3017","Scout24 (ImmoScout24)","G24.F","5398682537","77.5225","Germany"
"3018","PriceSmart","PSMT","5392259072","174.73","United States"
"3019","Americana Restaurants International","AMR.AE","5389767327","0.64","United Arab Emirates"
"3020","Central Retail Corporation","CRC.BK","5386424594","0.893123","Thailand"
"3021","ACM Research","ACMR","5383883264","77.3","United States"
"3022","Logista (Compañía de Distribución Integral Logista)","LOG.MC","5379065093","40.7007","Spain"
"3023","CLEAR Secure","YOU","5377207808","39.6","United States"
"3024","Hankook Tire","161390.KS","5374942049","44.061","South Korea"
"3025","Tokyo Electric Power Company","9501.T","5374632159","3.35348","Japan"
"3026","Gecina","GFC.PA","5373879863","72.6311","France"
"3027","Black Hills","BKH","5372796416","70.46","United States"
"3028","Blue Owl Capital Corporation","OBDC","5365061632","10.81","United States"
"3029","Galaxycore","688728.SS","5361434602","2.06162","China"
"3030","Convatec Group","CTEC.L","5361379116","2.78882","United Kingdom"
"3031","Elis","ELIS.PA","5353434808","24.9573","France"
"3032","Balchem","BCPC","5352000512","167.89","United States"
"3033","USS Co., Ltd.","4732.T","5351570731","11.7865","Japan"
"3034","Kodiak Gas Services","KGS","5349414400","52.91","United States"
"3035","Nissin Foods","2897.T","5344555502","18.6496","Japan"
"3036","Archrock","AROC","5335541248","30.43","United States"
"3037","Ford Otosan","FROTO.IS","5334012884","1.52005","Turkey"
"3038","Kurita Water Industries Ltd.","6370.T","5333355597","49.522","Japan"
"3039","Yancoal","YAL.AX","5326967541","4.03424","Australia"
"3040","Colruyt","COLR.BR","5326233171","44.7958","Belgium"
"3041","Temenos","TEMN.SW","5323604623","79.0759","Switzerland"
"3042","Trend Micro","4704.T","5323104914","41.0125","Japan"
"3043","Installed Building Products","IBP","5321948160","200.23","United States"
"3044","Construction Partners","ROAD","5318563328","93.71","United States"
"3045","Open House Group","3288.T","5316481646","48.4073","Japan"
"3046","Varonis Systems","VRNS","5312297472","46.25","United States"
"3047","Hisense Visual Technology","600060.SS","5310593839","4.06951","China"
"3048","Leapmotor","9863.HK","5303975850","4.54341","China"
"3049","City Developments","C09.SI","5302979063","5.93572","Singapore"
"3050","HD Bank (Ho Chi Minh City Development Joint Stock Commercial Bank)","HDB.VN","5299341462","1.05875","Vietnam"
"3051","Contact Energy","CEN.NZ","5289515873","4.94058","New Zealand"
"3052","Phillips Edison &amp; Company","PECO","5288686080","37.39","United States"
"3053","Brookfield Renewable","BEPC","5285254144","28.47","United States"
"3054","TIS","3626.T","5276414361","25.1463","Japan"
"3055","EXL Service","EXLS","5268534272","34.75","United States"
"3056","Zegona Communications","ZEG.L","5266657692","23.3551","United Kingdom"
"3057","Bank of Qingdao (BQD)","002948.SZ","5265480727","0.904667","China"
"3058","Whitbread","WTB.L","5259450779","31.467","United Kingdom"
"3059","Japan Real Estate Investment","8952.T","5251566776","721.014","Japan"
"3060","Hong Leong Financial Group","1082.KL","5250423206","4.62895","Malaysia"
"3061","LB Group (LomonBillions)","002601.SZ","5250001337","2.20195","China"
"3062","IONOS Group","IOS.DE","5249840280","38.9034","Germany"
"3063","TPG Telecom","TPG.AX","5247415896","2.67312","Australia"
"3064","Rotork","ROR.L","5244264310","6.43921","United Kingdom"
"3065","CRISPR Therapeutics","CRSP","5243642880","54.23","Switzerland"
"3066","Coway","021240.KS","5241046294","74.7345","South Korea"
"3067","Godrej Properties","GODREJPROP.NS","5240004425","17.3956","India"
"3068","Sotera Health","SHC","5233773568","18.34","United States"
"3069","Casella Waste Systems","CWST","5233757184","82.24","United States"
"3070","International Seaways","INSW","5232487936","105.64","United States"
"3071","Kobe Steel","5406.T","5231532925","13.2292","Japan"
"3072","PTC Therapeutics","PTCT","5230488064","62.67","United States"
"3073","Colgate-Palmolive India","COLPAL.NS","5230318765","19.2301","India"
"3074","Merit Medical","MMSI","5224661504","87.5","United States"
"3075","Murphy Oil","MUR","5207889920","36.33","United States"
"3076","Silergy","6415.TW","5202951598","13.3801","China"
"3077","Seiko Group","8050.T","5202162967","63.6302","Japan"
"3078","H&amp;R Block","HRB","5200588800","42.19","United States"
"3079","PCCW","0008.HK","5200185440","0.671185","Hong Kong"
"3080","First National of Nebraska","FINN","5199900672","19242.5","United States"
"3081","The Cheesecake Factory","CAKE","5199488512","104.49","United States"
"3082","Wyndham Hotels &amp; Resorts","WH","5194036224","69.99","United States"
"3083","Tosoh Corporation","4042.T","5189001169","16.8534","Japan"
"3084","DEME Group","DEME.BR","5188072383","205.892","Belgium"
"3085","GXO Logistics","GXO","5183742976","45.2","United States"
"3086","Thai Airways International","THAI.BK","5182055779","0.18309","Thailand"
"3087","Gek Terna","GEKTERNA.AT","5181503920","51.257","Greece"
"3088","CVR Energy","CVI","5179336704","51.52","United States"
"3089","Jarir","4190.SR","5178890410","4.31574","Saudi Arabia"
"3090","Liberty Broadband","LBRDA","5177567232","35.99","United States"
"3091","Red Rock Resorts","RRR","5176897024","50.76","United States"
"3092","AXT Inc","AXTI","5176349696","78.94","United States"
"3093","Boyd Gaming","BYD","5175245312","71.23","United States"
"3094","Fosun","0656.HK","5174881015","0.636766","China"
"3095","The Fertilisers And Chemicals Travancore Limited","FACT.NS","5173744722","7.99562","India"
"3096","Teleflex","TFX","5172398592","122.07","United States"
"3097","Nestle Malaysia","4707.KL","5171290556","22.0524","Malaysia"
"3098","Celanese","CE","5168076800","47.09","United States"
"3099","Iridium Communications","IRDM","5166600704","48.75","United States"
"3100","Max Financial Services","MFSL.NS","5164323623","15.0432","India"
"3101","RTL Group","RRTL.F","5157590591","34.1827","Luxembourg"
"3102","Main Street Capital","MAIN","5152316416","55.1","United States"
"3103","Flughafen Wien (Vienna Airport)","FLU.VI","5152124637","61.4265","Austria"
"3104","Laureate Education","LAUR","5151826432","37.4","United States"
"3105","New Jersey Resources","NJR","5135292928","50.61","United States"
"3106","Flagstar Bank","FLG","5134698496","12.37","United States"
"3107","Selective Insurance","SIGI","5130092544","86.12","United States"
"3108","Marex Group","MRX","5129390080","71.31","United Kingdom"
"3109","CSN Mineração","CMIN3.SA","5128830662","0.954824","Brazil"
"3110","Aalberts","AALB.AS","5117988199","48.1856","Netherlands"
"3111","Bank OZK","OZK","5112773632","46.89","United States"
"3112","Granite Construction","GVA","5112646656","115.08","United States"
"3113","Piper Sandler","PIPR","5112288256","72.34","United States"
"3114","K92 Mining","KNT.TO","5111031590","20.801","Canada"
"3115","Argan","AGX","5110931456","364.29","United States"
"3116","RLI Corp.","RLI","5110836224","55.69","United States"
"3117","APT Medical","688617.SS","5110482288","36.109","China"
"3118","Ayala Corporation","AYALY","5110343680","8.1","Philippines"
"3119","St. Galler Kantonalbank","SGKN.SW","5107151501","853.899","Switzerland"
"3120","MDA Space","MDA","5105498624","31.49","Canada"
"3121","Adecco Group","ADEN.SW","5102854046","29.4415","Switzerland"
"3122","SOLV Energy","MWH","5100145664","25.2","United States"
"3123","Hirose Electric","6806.T","5098572504","157.228","Japan"
"3124","Rithm Capital","RITM","5098256384","9.13","United States"
"3125","Frontdoor","FTDR","5097416192","73.99","United States"
"3126","Softcat","SCT.L","5088933756","23.6599","United Kingdom"
"3127","Gujarat Fluorochemicals","FLUOROCHEM.NS","5085326421","46.2934","India"
"3128","JB Hi-Fi","JBH.AX","5085069903","46.5095","Australia"
"3129","Kite Realty","KRG","5084770304","24.78","United States"
"3130","United Internet","UTDI.F","5076395699","29.3709","Germany"
"3131","ARCHION Corporation","543A.T","5074186590","1.84075","Japan"
"3132","VSE Corporation","VSEC","5073305088","180.77","United States"
"3133","Ipca Laboratories","IPCALAB.NS","5072763363","19.9948","India"
"3134","Yakult","2267.T","5071485021","17.812","Japan"
"3135","Viohalco","VIO.BR","5071167952","19.5655","Belgium"
"3136","Sabra Health Care REIT","SBRA","5070935552","19.85","United States"
"3137","Sphere Entertainment","SPHR","5068487680","141.13","United States"
"3138","Golar LNG","GLNG","5065032192","49.61","Bermuda"
"3139","VEON","VEON","5062674432","73.52","Netherlands"
"3140","Navan","NAVN","5055869952","19.415","United States"
"3141","New Hope Liuhe","000876.SZ","5052071208","1.01812","China"
"3142","Erdemir","EREGL.IS","5050471595","0.751349","Turkey"
"3143","HYBE","352820.KS","5048122823","119.09","South Korea"
"3144","Beijing Wantai Biological Pharmacy Enterprise","603392.SS","5037865513","3.98441","China"
"3145","Estithmar Holding","IGRD.QA","5037713015","1.12115","Qatar"
"3146","Charoen Pokphand Foods","CPF.BK","5036003077","0.654957","Thailand"
"3147","Delek Group","DLEKG.TA","5027799463","27.6909","Israel"
"3148","Axos Financial","AX","5022097920","88.52","United States"
"3149","Floor &amp; Decor","FND","5011418112","47.06","United States"
"3150","Ollie's Bargain Outlet","OLLI","5004652544","84.25","United States"
"3151","LG CNS","064400.KS","5002937749","51.6374","South Korea"
"3152","Grifols","GRFS","5002266624","7.35","Spain"
"3153","Mercury Systems","MRCY","5001769472","82.18","United States"
"3154","Kingnet Network","002517.SZ","5000960176","2.34079","China"
"3155","Shanghai RAAS Blood Products","002252.SZ","4999668443","0.758367","China"
"3156","ACI Worldwide","ACIW","4998294016","49.51","United States"
"3157","CNO Financial Group","CNO","4994303488","53.98","United States"
"3158","Nexstar Media Group","NXST","4994025472","162.1","United States"
"3159","Vishay Intertechnology","VSH","4992492032","32.55","United States"
"3160","Japan Metropolitan Fund Investment","8953.T","4989120155","693.626","Japan"
"3161","Erasca","ERAS","4984109056","14.25","United States"
"3162","Iovance Biotherapeutics","IOVA","4982685696","11","United States"
"3163","Parkin PJSC","PARKIN.AE","4981639469","1.66086","United Arab Emirates"
"3164","Galenica","GALE.SW","4979561915","99.9423","Switzerland"
"3165","Gland Pharma","GLAND.NS","4978345846","30.1698","India"
"3166","Grupo Aeroportuario Centro Norte","OMAB","4973379072","103.03","Mexico"
"3167","Shenzhen Salubris Pharmaceuticals","002294.SZ","4969459632","4.45765","China"
"3168","Global Business Travel Group","GBTG","4962547712","9.5","United States"
"3169","Mapletree Commercial Trust","N2IU.SI","4962369529","0.938453","Singapore"
"3170","Tube Investments of India","TIINDIA.NS","4958790870","25.6173","India"
"3171","Kiwoom Securities","039490.KS","4958276006","189.043","South Korea"
"3172","Capstone Infrastructure","CSE-PA.TO","4957771926","16.2759","Canada"
"3173","Synnex Technology International","2347.TW","4956479076","2.9716","Taiwan"
"3174","CTF Services Limited","0659.HK","4952557040","1.08486","Hong Kong"
"3175","Enagás","ENG.MC","4950725357","19.0195","Spain"
"3176","Sonoco","SON","4949682688","50.06","United States"
"3177","Icahn Enterprises","IEP","4947969024","6.96","United States"
"3178","Oil &amp; Gas Development Company","OGDC.PK","4947687597","1.15038","Pakistan"
"3179","Ramelius Resources","RMS.AX","4938971190","2.61699","Australia"
"3180","Xinjiang Daqo New Energy Co.,Ltd.","688303.SS","4934294237","2.31392","China"
"3181","Nomura Real Estate Holdings","3231.T","4933707110","5.77576","Japan"
"3182","Exchange Income Corporation","EIF.TO","4930407115","87.4417","Canada"
"3183","Wacker Chemie","WCH.F","4922025169","99.0786","Germany"
"3184","Vishal Mega Mart Limited","VMM.NS","4920049596","1.05021","India"
"3185","Tata Communications","TATACOMM.NS","4916160721","17.2445","India"
"3186","Mirae Asset Securities Co., Ltd.","006805.KS","4912903119","8.44441","South Korea"
"3187","JD Sports Fashion","JD.L","4910178952","1.03892","United Kingdom"
"3188","Burberry","BRBY.L","4910094461","13.5995","United Kingdom"
"3189","Acerinox","ACX.MC","4906083338","19.6906","Spain"
"3190","Challenger Limited","CGF.AX","4906028321","7.22655","Australia"
"3191","Man Group","EMG.L","4905358169","4.42712","Jersey"
"3192","Holmen","HOLM-B.ST","4901554236","32.5826","Sweden"
"3193","Eastern Bankshares","EBC","4894717440","21.42","United States"
"3194","PT Bumi Resources Minerals Tbk","BRMS.JK","4891825391","0.0345019","Indonesia"
"3195","Graham Holdings","GHC","4890875904","1154.89","United States"
"3196","Bechtle","BC8.F","4884632164","38.7669","Germany"
"3197","Air Canada","AC.TO","4880673536","19.3106","Canada"
"3198","Greatland Resources","GGP.L","4880437497","7.23384","Australia"
"3199","Yanbu National Petrochemical","2290.SR","4879185795","8.67411","Saudi Arabia"
"3200","Shapir Civil and Marine Engineering","SPEN.TA","4876396184","13.5848","Israel"
"3201","Saudi Investment Bank","1030.SR","4871304676","3.90548","Saudi Arabia"
"3202","Teleperformance","TEP.PA","4870334778","81.5607","France"
"3203","Veradermics","MANE","4870310400","116.57","United States"
"3204","Outfront Media","OUT","4870139392","27.65","United States"
"3205","Middleby","MIDD","4868638208","107.66","United States"
"3206","Amada Co., Ltd.","6113.T","4867993707","15.9235","Japan"
"3207","Masraf Al Rayan","MARK.QA","4864615385","0.523077","Qatar"
"3208","Definium Therapeutics","DFTX","4860051968","36.17","United States"
"3209","1&1","1U1.DE","4857407688","27.5182","Germany"
"3210","Klarna","KLAR","4853249024","12.8","Sweden"
"3211","Rush Street Interactive","RSI","4853188608","19.87","United States"
"3212","Beijing Enterprises Holdings","0392.HK","4852827498","3.85756","Hong Kong"
"3213","Vinamilk (Vietnam Dairy Products)","VNM.VN","4851940961","2.32155","Vietnam"
"3214","CNX Resources","CNX","4851072000","32.79","United States"
"3215","Vail Resorts","MTN","4850079744","136.11","United States"
"3216","Acushnet Holdings","GOLF","4848786432","83.02","United States"
"3217","Navitas Petroleum","NVPT.TA","4848296566","39.3211","Israel"
"3218","Arkema","AKE.PA","4848232757","64.2134","France"
"3219","MARA Holdings","MARA","4848056320","12.55","United States"
"3220","Novolipetsk Steel","NLMK.ME","4847598661","0.82","Russia"
"3221","Mirvac Group","MGR.AX","4844772961","1.22781","Australia"
"3222","Canon Marketing Japan","8060.T","4843164906","23.5221","Japan"
"3223","White Mountains Insurance Group","WTM","4841750016","2028.62","Bermuda"
"3224","UPL","UPL.NS","4838875485","5.72456","India"
"3225","CSW Industrials","CSW","4835906560","296.8","United States"
"3226","Acom","8572.T","4832523514","3.08469","Japan"
"3227","Hindustan Copper","HINDCOPPER.NS","4831594087","4.99635","India"
"3228","AAK","AAK.ST","4825678190","18.5599","Sweden"
"3229","Argo Investments","ARG.AX","4820147173","6.40567","Australia"
"3230","BlackBerry","BB","4819534848","8.21","Canada"
"3231","ADES Holding Company","2382.SR","4815230057","4.36103","Saudi Arabia"
"3232","Mitsui Chemicals","4183.T","4815092302","13.3184","Japan"
"3233","Reply","REY.MI","4814286767","132.522","Italy"
"3234","ACEA","ACE.MI","4811401489","22.6368","Italy"
"3235","Hangzhou Greatstar Industrial","002444.SZ","4807442117","4.02472","China"
"3236","Macnica Holdings","3132.T","4804111544","26.9043","Japan"
"3237","Kakaku.com","2371.T","4800964167","24.2674","Japan"
"3238","Garrett Motion","GTX","4796610560","25.72","Switzerland"
"3239","Daishi Hokuetsu Financial Group","7327.T","4790858747","18.2547","Japan"
"3240","Haemonetics","HAE","4790839808","105.3","United States"
"3241","National Shipping Company of Saudi Arabia (Bahri)","4030.SR","4785902886","9.72374","Saudi Arabia"
"3242","Longfor Group","0960.HK","4783062664","0.694769","China"
"3243","Tong Ren Tang","600085.SS","4776580255","3.48282","China"
"3244","Hafnia Limited","HAFN","4775154176","8.92","Bermuda"
"3245","Kulicke and Soffa Industries","KLIC","4771368960","91.18","Singapore"
"3246","Fincantieri","FCT.MI","4769949642","13.2636","Italy"
"3247","Volvo Car","VOLCAR-B.ST","4767340054","1.60805","Sweden"
"3248","Perimeter Solutions","PRM","4764926464","29.11","United States"
"3249","Champion Homes","SKY","4761453568","87.72","United States"
"3250","Mabanee Company","MABANEE.KW","4759862393","3036.41","Kuwait"
"3251","Gentex","GNTX","4757229568","22.58","United States"
"3252","COSCO SHIPPING Development","601866.SS","4752898286","0.36127","China"
"3253","Capricorn Metals","CMM.AX","4750082238","10.3908","Australia"
"3254","Sonae","SON.LS","4745249472","2.44","Portugal"
"3255","Mitsubishi Gas Chemical Company","4182.T","4743865980","24.3247","Japan"
"3256","Zhuzhou CRRC Times Electric","3898.HK","4743103279","3.56436","Hong Kong"
"3257","Emperador Brandy","EMI.SI","4742262783","0.301087","Philippines"
"3258","Yamato Kogyo","5444.T","4740200579","79.3307","Japan"
"3259","United Tractors","UNTR.JK","4738127607","1.35643","Indonesia"
"3260","Far Eastern New Century","1402.TW","4737633848","0.885192","Taiwan"
"3261","Waystar","WAY","4736185856","24.7","United States"
"3262","Sumitomo Forestry","1911.T","4733576894","7.7197","Japan"
"3263","Chartwell Retirement Residences","CSH-UN.TO","4731824939","14.3509","Canada"
"3264","UBTECH Robotics","9880.HK","4729617437","9.39532","China"
"3265","Klaviyo","KVYO","4728621056","15.8","United States"
"3266","Mondi","MNDI.L","4727925713","10.7258","United Kingdom"
"3267","Warrior Met Coal","HCC","4726315008","89.51","United States"
"3268","Alior Bank S.A.","ALR.WA","4721638388","36.1662","Poland"
"3269","Guangzhou Baiyunshan Pharmaceutical Holdings","600332.SS","4720633710","2.90359","China"
"3270","Zhejiang Supor","002032.SZ","4718460847","5.92064","China"
"3271","Cousins Properties","CUZ","4716564992","28.65","United States"
"3272","Calumet, Inc.","CLMT","4715740160","53.65","United States"
"3273","Virtu Financial","VIRT","4715256320","53.4","United States"
"3274","Asia Commercial Joint Stock Bank","ACB.VN","4715227062","0.812351","Vietnam"
"3275","Sweco","SWEC-A.ST","4713872783","13.0491","Sweden"
"3276","Hanmi Pharm","128940.KS","4704233808","370.73","South Korea"
"3277","Hoshizaki Corporation","6465.T","4701057889","33.6495","Japan"
"3278","Greif","GEF","4699068928","82.66","United States"
"3279","Fortune Brands Innovations","FBIN","4697775104","39.38","United States"
"3280","Adaptive Biotechnologies","ADPT","4696905728","29.43","United States"
"3281","Doximity","DOCS","4696781824","26.35","United States"
"3282","Amentum","AMTM","4692078080","19.19","United States"
"3283","TFS Financial","TFSL","4689002496","16.72","United States"
"3284","Berner Kantonalbank","BEKN.SW","4686841436","506.326","Switzerland"
"3285","UniFirst","UNF","4685428224","259.09","United States"
"3286","Maire Tecnimont","MAIRE.MI","4683388097","14.276","Italy"
"3287","HASI (HA Sustainable Infrastructure Capita)","HASI","4682386432","36.44","United States"
"3288","Indorama Ventures","IVL.BK","4680186400","0.833581","Thailand"
"3289","ADT","ADT","4675579392","6.4","United States"
"3290","Torex Gold Resources","TXG.TO","4674856620","50.4874","Canada"
"3291","AAR","AIR","4674454016","116.11","United States"
"3292","Daeduck Electronics","353200.KS","4671995503","90.6964","South Korea"
"3293","Hagerty","HGTY","4669832192","13.59","United States"
"3294","Insight Enterprises","NSIT","4667347456","159.03","United States"
"3295","Kyushu Financial Group","7180.T","4667084578","11.0923","Japan"
"3296","California Resources Corporation","CRC","4663932416","52.51","United States"
"3297","Louisiana-Pacific","LPX","4663890944","66.7","United States"
"3298","VisEra Technologies","6789.TW","4659231662","14.6379","Taiwan"
"3299","Oji Holdings","3861.T","4657776856","5.48468","Japan"
"3300","Hirogin Holdings","7337.T","4657279704","15.726","Japan"
"3301","Sanwa Holdings","5929.T","4656971228","22.4393","Japan"
"3302","Uranium Energy","UEC","4656748544","9.41","United States"
"3303","FLSmidth","FLS.CO","4652942830","87.5611","Denmark"
"3304","Mazda","7261.T","4651868636","7.37256","Japan"
"3305","First Financial Bankshares","FFIN","4650977792","32.45","United States"
"3306","Bumrungrad Hospital","BH.BK","4650519117","5.84996","Thailand"
"3307","Gulf Bank","GBK.KW","4649877683","1111.83","Kuwait"
"3308","Yonyou","600588.SS","4647067319","1.35999","China"
"3309","Azbil Corporation","6845.T","4645182337","9.31523","Japan"
"3310","J-POWER (Electric Power Development)","9513.T","4642328826","26.3756","Japan"
"3311","INFRONEER Holdings","5076.T","4636348809","18.3247","Japan"
"3312","Supreme Industries","SUPREMEIND.NS","4633408275","36.46","India"
"3313","The Bidvest Group","BVT.JO","4633320500","13.6319","South Africa"
"3314","Choice Hotels International","CHH","4631896064","101.81","United States"
"3315","Frasers Group","FRAS.L","4629525332","10.816","United Kingdom"
"3316","China Resources Gas Group","1193.HK","4626190476","2.05371","Hong Kong"
"3317","Thai Oil","TOP.BK","4621958084","2.06907","Thailand"
"3318","Colliers International","CIGI","4620807168","90.42","Canada"
"3319","Zhifei Biological Products","300122.SZ","4620622419","1.93025","China"
"3320","China Great Wall Securities","002939.SZ","4619481108","1.14502","China"
"3321","RS Group","RS1.L","4617988638","10.0803","United Kingdom"
"3322","Compagnie de l'Odet","ODET.PA","4616507480","1095.44","France"
"3323","Auto Trader Group","AUTO.L","4607362011","5.97264","United Kingdom"
"3324","Oceaneering International","OII","4604241408","46.26","United States"
"3325","Springer Nature AG","SPG.DE","4604016451","23.1487","Germany"
"3326","Parsons","PSN","4600108032","43.07","United States"
"3327","MGM China Holdings","2282.HK","4596739574","1.21107","Macau"
"3328","HASEKO Corporation","1808.T","4596159219","17.3534","Japan"
"3329","FPT Corporation","FPT.VN","4595547133","2.45245","Vietnam"
"3330","XTB S.A.","XTB.WA","4592940408","39.1229","Poland"
"3331","MONETA Money Bank","MONET.PR","4591310703","8.98495","Czech Republic"
"3332","THK Co.","6481.T","4590713505","40.9615","Japan"
"3333","TECOM Group","TECOM.AE","4587780325","0.917556","United Arab Emirates"
"3334","LG Uplus Corp.","032640.KS","4582080974","10.7959","South Korea"
"3335","Budimex","BDX.WA","4578158136","179.324","Poland"
"3336","Skylark Holdings","3197.T","4577378475","20.1273","Japan"
"3337","AUTO1","AG1.F","4575089704","20.6802","Germany"
"3338","ViTrox Corporation","0097.KL","4571963923","2.41489","Malaysia"
"3339","Xinyi Glass Holdings","0868.HK","4571728603","1.03259","Hong Kong"
"3340","Alaska Airlines","ALK","4569031680","40.94","United States"
"3341","Reynolds Consumer Products","REYN","4567840256","21.67","United States"
"3342","Grupo Simec","SIMECB.MX","4565727372","9.92018","Mexico"
"3343","Beijing Yanjing Brewery","000729.SZ","4565305077","1.61974","China"
"3344","Yamazaki Baking Co., Ltd.","2212.T","4565152124","23.1846","Japan"
"3345","Versant Media Group","VSNT","4564778496","32.8","United States"
"3346","Spire Inc.","SR","4564100096","77.21","United States"
"3347","Trex","TREX","4562542080","44.79","United States"
"3348","MYR Group","MYRG","4555251200","292.58","United States"
"3349","Methanex","MEOH","4553273856","58.855","Canada"
"3350","Sumitomo Bakelite Company","4203.T","4545447621","51.8086","Japan"
"3351","RENK Group","R3NK.DE","4544989393","45.4499","Germany"
"3352","Asseco","ACP.WA","4543333251","56.4317","Poland"
"3353","Cosmo Energy Holdings","5021.T","4536091060","28.5667","Japan"
"3354","Petronet LNG","PETRONET.NS","4529378492","3.01959","India"
"3355","Sumitomo Heavy Industries","6302.T","4529153055","38.1908","Japan"
"3356","HD Construction Equipment","267270.KS","4527514334","94.8892","South Korea"
"3357","Herc Holdings","HRI","4525280256","135.36","United States"
"3358","Marfrig Global Foods","MBRF3.SA","4523598089","3.2464","Brazil"
"3359","Sumitomo Pharma","4506.T","4523049897","10.0827","Japan"
"3360","Taiwan High Speed Rail","2633.TW","4521961246","0.803434","Taiwan"
"3361","Remitly","RELY","4521571328","21.36","United States"
"3362","Nippon Television Holdings","9404.T","4519179541","18.5668","Japan"
"3363","Sanil Electric","062040.KS","4517590702","147.851","South Korea"
"3364","ServisFirst Bancshares","SFBS","4517043200","41.31","United States"
"3365","Millrose Properties","MRP","4514843136","27.19","United States"
"3366","ONE Gas","OGS","4513080320","71.8","United States"
"3367","Griffon Corporation","GFF","4512817664","98.39","United States"
"3368","SATS","S58.SI","4510451748","3.03433","Singapore"
"3369","Nishi-Nippon Financial Holdings","7189.T","4510238735","32.382","Japan"
"3370","Beijing Roborock Technology","688169.SS","4510060806","17.3753","China"
"3371","Gruma (Maseca)","GRUMAB.MX","4509866046","13.4411","Mexico"
"3372","The Commercial Bank (P.S.Q.C.)","CBQK.QA","4503125954","1.11264","Qatar"
"3373","CP Axtra","CPAXT.BK","4501372039","0.431676","Thailand"
"3374","VakıfBank","VAKBN.IS","4501149286","0.675397","Turkey"
"3375","LifeStance Health Group","LFST","4501025280","11.84","United States"
"3376","Turkcell","TKC","4500883456","5.17","Turkey"
"3377","NS Solutions Corporation","2327.T","4498749555","24.5858","Japan"
"3378","Chefs' Warehouse","CHEF","4498584064","110.27","United States"
"3379","KEI Industries","KEI.NS","4497679659","47.0466","India"
"3380","Nippon Prologis REIT","3283.T","4493753823","535.665","Japan"
"3381","Bicecorp","BICE.SN","4491824851","0.441377","Chile"
"3382","Steadfast Group","SDF.AX","4486039603","4.03424","Australia"
"3383","Cactus Inc","WHD","4483843072","64.3","United States"
"3384","Fervo Energy Company","FRVO","4474505216","15.18","United States"
"3385","The Shiga Bank","8366.T","4473101767","19.4585","Japan"
"3386","ESAB","ESAB","4468197888","71.91","United States"
"3387","PTT Oil and Retail Business","OR.BK","4465614533","0.372135","Thailand"
"3388","Concentra Group","CON","4464395776","35.01","United States"
"3389","Atour Lifestyle","ATAT","4453733376","32.23","China"
"3390","Sapporo","2501.T","4449886310","11.4108","Japan"
"3391","Nelnet","NNI","4448815616","124.34","United States"
"3392","Ondas Holdings","ONDS","4448792576","7.64","United States"
"3393","SLM Corporation (Sallie Mae)","SLM","4448079872","23.66","United States"
"3394","Mphasis","MPHASIS.NS","4447892370","23.3097","India"
"3395","360 One Wam","360ONE.NS","4440778925","10.8866","India"
"3396","China Oilfield Services","2883.HK","4440484579","0.930609","China"
"3397","Fulton Financial","FULT","4434945024","23.23","United States"
"3398","DiaSorin","DIA.MI","4434132165","89.6826","Italy"
"3399","Orange Polska","OPL.WA","4430898378","3.37629","Poland"
"3400","Patanjali Foods","PATANJALI.NS","4429038225","4.07126","India"
"3401","Viking Therapeutics","VKTX","4427578368","35.56","United States"
"3402","NHK Spring","5991.T","4427387152","21.8534","Japan"
"3403","Sichuan Changhong Electric","600839.SS","4424251236","0.958409","China"
"3404","Sterlite Technologies","STLTECH.NS","4420015845","8.59829","India"
"3405","Tamarack Valley Energy","TVE.TO","4418828047","9.33041","Canada"
"3406","Core Natural Resources","CNR","4418619392","89.02","United States"
"3407","Tutor Perini Corporation","TPC","4418056704","83.97","United States"
"3408","NOBA Bank Group AB","NOBA.ST","4416624210","8.83325","Sweden"
"3409","Dukhan Bank","DUBK.QA","4414474282","0.843407","Qatar"
"3410","Diodes Incorporated","DIOD","4413595136","95.84","United States"
"3411","Centerra Gold","CGAU","4412905984","22.56","Canada"
"3412","Wonik IPS","240810.KQ","4409318912","90.6229","South Korea"
"3413","Française des Jeux","FDJ.VI","4408187086","23.8539","France"
"3414","Banco Macro","BMA","4402841600","68.86","Argentina"
"3415","Brink's","BCO","4398957568","106.82","United States"
"3416","Hikma Pharmaceuticals","HIK.L","4397348293","21.2416","United Kingdom"
"3417","MakeMyTrip","MMYT","4397242368","46.75","India"
"3418","EquipmentShare.com","EQPT","4396072960","17.35","United States"
"3419","Benefit Systems","BFT.WA","4395499889","1331.55","Poland"
"3420","Belden","BDC","4394342400","112.45","United States"
"3421","SK Biopharmaceuticals","326030.KS","4389523711","56.0508","South Korea"
"3422","UFP Industries","UFPI","4384786944","79.49","United States"
"3423","AMP Limited","AMP.AX","4382540741","1.81716","Australia"
"3424","Mapletree Logistics Trust","M44U.SI","4380609877","0.852428","Singapore"
"3425","Koito Manufacturing","7276.T","4378115667","17.0031","Japan"
"3426","Cinemark Theatres","CNK","4377990656","37.77","United States"
"3427","Hang Lung Properties","0101.HK","4374411943","0.840735","Hong Kong"
"3428","Coca-Cola İçecek","CCOLA.IS","4373194268","1.56293","Turkey"
"3429","Athens International Airport","AIA.AT","4370135953","13.7413","Greece"
"3430","Radian Group","RDN","4368589824","33.02","United States"
"3431","Ansell","ANN.AX","4365076775","31.011","Australia"
"3432","Page Industries","PAGEIND.NS","4357436098","390.666","India"
"3433","Maruwa","5344.T","4356645460","353.055","Japan"
"3434","KBR","KBR","4354380288","34.54","United States"
"3435","Tokyo Tatemono","8804.T","4353849971","21.019","Japan"
"3436","Brunswick Corporation","BC","4353739264","67.19","United States"
"3437","EPR Properties","EPR","4353684992","56.83","United States"
"3438","Toyo Seikan Group Holdings","5901.T","4353517701","28.9106","Japan"
"3439","Dubai Investments","DIC.AE","4352971564","1.02374","United Arab Emirates"
"3440","Aixtron","AIXA.F","4351832434","38.5849","Germany"
"3441","Moelis &amp; Company","MC","4351512064","58.74","United States"
"3442","International Bancshares Corp","IBOC","4349674496","69.94","United States"
"3443","Alliance Laundry Holdings","ALH","4345529344","21.86","United States"
"3444","Electrical Industries Company (EIC)","1303.SR","4344846137","3.90548","Saudi Arabia"
"3445","Vault Minerals","VAU.AX","4340632753","4.19561","Australia"
"3446","Balkrishna Industries","BALKRISIND.NS","4337603589","22.4378","India"
"3447","DFI Retail Group","D01.SI","4333030400","3.2","Hong Kong"
"3448","E-L Financial","ELF.TO","4326027955","12.5159","Canada"
"3449","Archer Aviation","ACHR","4319850496","5.61","United States"
"3450","Enova International","ENVA","4319369216","173.48","United States"
"3451","Embassy Office Parks REIT","EMBASSY.BO","4317217380","4.55454","India"
"3452","Federated Hermes","FHI","4316857344","57.82","United States"
"3453","Hiab Oyj","HIAB.HE","4316344795","66.8297","Finland"
"3454","Indofood CBP","ICBP.JK","4315619984","0.370061","Indonesia"
"3455","Aurizon Holdings","AZJ.AX","4310721722","2.56086","Australia"
"3456","Chugin Financial Group","5832.T","4309388045","24.2419","Japan"
"3457","Box, Inc.","BOX","4306732032","31.39","United States"
"3458","Dottikon ES","DESN.SW","4306221099","311.493","Switzerland"
"3459","CECO Environmental","CECO","4304882688","73.5","United States"
"3460","JTEKT Corporation","6473.T","4302521419","13.5158","Japan"
"3461","Rightmove","RMV.L","4300674395","5.90902","United Kingdom"
"3462","Taihan Cable & Solution Co., Ltd.","001440.KS","4296594367","21.9937","South Korea"
"3463","Integer Holdings","ITGR","4295189504","126.34","United States"
"3464","Changchun High-Tech Industry","000661.SZ","4293374414","10.5246","China"
"3465","ABC-Mart","2670.T","4292256961","17.3343","Japan"
"3466","Franklin Electric","FELE","4291606784","97.07","United States"
"3467","L.D.C. S.A.","LOUP.PA","4291463786","121.943","France"
"3468","FAW Car","000800.SZ","4290491022","0.871824","China"
"3469","Offshore Oil Engineering Co.,Ltd","600583.SS","4290270892","0.970352","China"
"3470","Iveco Group","IVG.MI","4288634711","16.1017","Italy"
"3471","Tohoku Electric Power","9506.T","4287037073","8.56045","Japan"
"3472","OHB SE","OHB.DE","4286127128","207.03","Germany"
"3473","Cavco Industries","CVCO","4285150208","557.28","United States"
"3474","Interpump Group","IP.MI","4284582275","40.769","Italy"
"3475","Enphase Energy","ENPH","4281486848","32.4","United States"
"3476","GMO Payment Gateway","3769.T","4277453852","56.3245","Japan"
"3477","HeartFlow","HTFL","4275509504","49.17","United States"
"3478","Kingsoft","3888.HK","4270939815","3.14877","China"
"3479","Qatar International Islamic Bank","QIIK.QA","4270761512","2.82143","Qatar"
"3480","Strauss Group","STRS.TA","4265439895","36.3891","Israel"
"3481","RioCan REIT","REI-UN.TO","4263628180","14.6207","Canada"
"3482","Bharat Dynamics","BDL.NS","4257914433","11.6158","India"
"3483","Kintetsu GHD","9041.T","4257115281","22.3884","Japan"
"3484","Vontier","VNT","4256096000","31.48","United States"
"3485","The Tel-Aviv Stock Exchange","TASE.TA","4256007527","45.8692","Israel"
"3486","Sega Sammy Holdings","6460.T","4251423286","20.9425","Japan"
"3487","OPENLANE Corporate","OPLN","4250472704","34.82","United States"
"3488","Mitsubishi Materials","5711.T","4249070267","32.5157","Japan"
"3489","Grupo Elektra","XEKT.MC","4241775619","20.2458","Mexico"
"3490","SCHOTT Pharma","1SXP.DE","4240372990","28.1538","Germany"
"3491","Aboitiz Power","ABZPY","4239924480","11.768","Philippines"
"3492","Hamamatsu","6965.T","4239070873","14.6814","Japan"
"3493","Whitehaven Coal","WHC.AX","4237453959","5.15681","Australia"
"3494","Meritage Homes","MTH","4235012608","64.98","United States"
"3495","NorthWestern Energy","NWE","4234888448","68.84","United States"
"3496","China Power International Development","2380.HK","4234122793","0.342285","Hong Kong"
"3497","Liberty Global","LBTYB","4232896512","12.41","United Kingdom"
"3498","Clariant","CLN.SW","4228220043","12.8566","Switzerland"
"3499","Americold","COLD","4228122880","14.74","United States"
"3500","Indivior PLC","INDV","4227904000","35.82","United States"
"3501","JB Financial Group","175330.KS","4223427444","22.95","South Korea"
"3502","Titan Cement International","TITC.BR","4223331561","56.5578","Belgium"
"3503","Mandarin Oriental","M04.SI","4221123840","3.34","Hong Kong"
"3504","Tidewater","TDW","4216343040","84.74","United States"
"3505","DMG Mori Aktiengesellschaft","GIL.F","4213906941","53.4638","Germany"
"3506","LLB (Liechtensteinische Landesbank)","LLBN.SW","4210110263","138.308","Liechtenstein"
"3507","LivaNova","LIVN","4209556736","76.63","United Kingdom"
"3508","Credit Saison","8253.T","4206774355","29.2801","Japan"
"3509","Bendigo and Adelaide Bank","BEN.AX","4203194179","7.28268","Australia"
"3510","Tango Therapeutics","TNGX","4201770496","24.92","United States"
"3511","Warba Bank","WARBABANK.KW","4191851975","887.516","Kuwait"
"3512","Sime Darby","4197.KL","4189847920","0.614744","Malaysia"
"3513","Mapletree Industrial Trust","ME8U.SI","4175222079","1.46242","Singapore"
"3514","J. Front Retailing","3086.T","4173306545","17.0986","Japan"
"3515","Pampa Energía","PAM","4171445248","77.82","Argentina"
"3516","Texas Capital Bancshares","TCBI","4165713920","95.82","United States"
"3517","Kobe Bussan","3038.T","4163087586","18.7674","Japan"
"3518","Nomura Real Estate Master Fund","3462.T","4160984604","895.536","Japan"
"3519","Patterson-UTI Energy","PTEN","4160908800","10.91","United States"
"3520","Want Want China","0151.HK","4158858041","0.356308","Hong Kong"
"3521","Aumovio SE","AMV0.DE","4154090713","41.5197","Germany"
"3522","Delek US","DK","4153990656","67.84","United States"
"3523","Bank Handlowy w Warszawie","BHW.WA","4153435595","31.8533","Poland"
"3524","Tanger Inc.","SKT","4151689984","34.73","United States"
"3525","Adaro Energy","ADRO.JK","4150989467","0.144129","Indonesia"
"3526","Fuji Corporation","6134.T","4150366170","47.2099","Japan"
"3527","Aspen Pharmacare","APN.JO","4149538200","9.58497","South Africa"
"3528","Keisei Electric Railway Co., Ltd.","9009.T","4146616450","8.59867","Japan"
"3529","Rumble","RUM","4144973056","8.36","United States"
"3530","Danieli &amp; C. Officine Meccaniche","DAN.MI","4144070865","57.9001","Italy"
"3531","Dave Inc.","DAVE","4144009216","324.88","United States"
"3532","dLocal","DLO","4143309312","14.08","Uruguay"
"3533","Imeik Technology Development","300896.SZ","4139150098","13.679","China"
"3534","Riyadh Cables Group Company","4142.SR","4128130071","27.5728","Saudi Arabia"
"3535","Telephone and Data Systems","TDS","4126908416","35.85","United States"
"3536","ICU Medical","ICUI","4124910848","164.95","United States"
"3537","Dexus","DXS.AX","4123898659","3.8448","Australia"
"3538","AZZ","AZZ","4122164224","137.17","United States"
"3539","Persol Holdings","2181.T","4121705833","1.84776","Japan"
"3540","Mobile TeleSystems","MTSS.ME","4120215675","2.08","Russia"
"3541","AbCellera","ABCL","4115401472","12.7","Canada"
"3542","Air Water Inc.","4088.T","4115041241","17.9489","Japan"
"3543","Estun Automation","002747.SZ","4114076115","4.24716","China"
"3544","Global Power Synergy","GPSC.BK","4113329756","1.45877","Thailand"
"3545","Makkah Construction &amp; Development","4100.SR","4113274610","20.5664","Saudi Arabia"
"3546","Sampoerna","HMSP.JK","4110293748","0.0353367","Indonesia"
"3547","Covista Inc.","CVSA","4110187520","120.75","United States"
"3548","Arcadis","ARCAD.AS","4109592550","48.2311","Netherlands"
"3549","Geo Group","GEO","4109163264","31.22","United States"
"3550","Yamato Holdings","9064.T","4108700986","12.9744","Japan"
"3551","Aya Gold &amp; Silver","AYA.TO","4103982758","28.4927","Canada"
"3552","Li Ning Company","2331.HK","4102445115","1.58713","China"
"3553","Cathay General Bancorp","CATY","4099564288","61.45","United States"
"3554","United Community Bank","UCB","4099515648","34.23","United States"
"3555","Rorze Corporation","6323.T","4098265384","23.6304","Japan"
"3556","Kakao Pay","377300.KS","4094481549","30.2689","South Korea"
"3557","Metropolitan Bank (Metrobank)","MTPOY","4092648448","18.2","Philippines"
"3558","Doosan Bobcat","241560.KS","4091948192","42.7369","South Korea"
"3559","Rubis","RUI.PA","4086746494","39.5404","France"
"3560","Howard Hughes Holdings","HHH","4086603008","68.43","United States"
"3561","Scorpio Tankers","STNG","4081129216","81.49","Monaco"
"3562","Firefly Aerospace","FLY","4077977088","24.36","United States"
"3563","Synaptics","SYNA","4077204736","102.72","United States"
"3564","Taylor Wimpey","TW.L","4076727333","1.18021","United Kingdom"
"3565","Valeo","FR.PA","4075969800","16.8752","France"
"3566","Huber+Suhner","HUBN.SW","4075622828","220.811","Switzerland"
"3567","Wilh. Wilhelmsen Holding","WWI.OL","4072354110","98.1364","Norway"
"3568","BRP (Bombardier Recreational Products)","DOO","4067662848","57.17","Canada"
"3569","Northland Power","NPI.TO","4066914507","15.5521","Canada"
"3570","Cabot Corporation","CBT","4066458368","78.76","United States"
"3571","CCC Intelligent Solutions","CCC","4064063488","6.9","United States"
"3572","Poonawalla Fincorp","POONAWALLA.NS","4061920551","4.63746","India"
"3573","Everbright Securities Company","6178.HK","4061601713","0.880891","Hong Kong"
"3574","Cleanaway Waste Management","CWY.AX","4058150143","1.81015","Australia"
"3575","GLP J-REIT","3281.T","4055126276","845.218","Japan"
"3576","Espressif Systems (Shanghai)","688018.SS","4048347867","17.2723","China"
"3577","Yuhan","000100.KS","4045001839","54.9475","South Korea"
"3578","The Berkeley Group","BKG.L","4041394488","44.4038","United Kingdom"
"3579","Linamar","LNR.TO","4039878607","68.4913","Canada"
"3580","The Hyakugo Bank","8368.T","4035946057","16.7196","Japan"
"3581","Rohto Pharmaceutical","4527.T","4032604160","17.8884","Japan"
"3582","Pepkor","PPH.JO","4029484200","1.09277","South Africa"
"3583","NIKKON Holdings","9072.T","4029054386","32.4839","Japan"
"3584","Beijing New Building Materials","000786.SZ","4027773394","2.36617","China"
"3585","Broadstone Net Lease","BNL","4025874944","18.91","United States"
"3586","MSI (Micro-Star International)","2377.TW","4024895858","4.764","Taiwan"
"3587","COMSYS Holdings Corporation","1721.T","4020414542","35.1272","Japan"
"3588","Indosat","ISAT.JK","4020134184","0.124652","Indonesia"
"3589","Kilroy Realty","KRC","4020058624","34.23","United States"
"3590","JK Cement","JKCEMENT.NS","4019575105","52.021","India"
"3591","Global Health Limited (Medanta)","MEDANTA.NS","4012770940","14.9328","India"
"3592","Ottobock","OBCK.F","4010757799","62.6777","Germany"
"3593","Tauron Polska","TPE.WA","4010614349","2.28845","Poland"
"3594","Transportadora de Gas del Sur","TGS","4007699968","26.62","Argentina"
"3595","Globe Telecom, Inc.","GTMEY","4003401728","27.68","Philippines"
"3596","MediPal Holdings Corporation","7459.T","4000072632","19.5413","Japan"
"3597","DB HiTek","000990.KS","3998484719","93.4916","South Korea"
"3598","WSFS Financial","WSFS","3995930880","77.76","United States"
"3599","Permata Bank","BNLI.JK","3986588622","0.110184","Indonesia"
"3600","SiteOne Landscape Supply","SITE","3986173696","91.31","United States"
"3601","CyberAgent","4751.T","3984093639","7.85664","Japan"
"3602","Asia Cement","1102.TW","3981393843","1.12261","Taiwan"
"3603","Skeena Resources","SKE","3978422272","31.71","Canada"
"3604","Fastly","FSLY","3976127744","24.96","United States"
"3605","LEENO Industrial","058470.KQ","3974877720","52.373","South Korea"
"3606","Thermax","THERMAX.NS","3973626509","35.2745","India"
"3607","SkyWest","SKYW","3971749376","102.29","United States"
"3608","Merdeka Copper Gold","MDKA.JK","3967576778","0.162493","Indonesia"
"3609","CVB Financial","CVBF","3965222400","22.53","United States"
"3610","Iida Group","3291.T","3963639442","14.3439","Japan"
"3611","Regis Resources","RRL.AX","3960360047","5.21995","Australia"
"3612","Takashimaya Company","8233.T","3960334695","13.5158","Japan"
"3613","Bank AlJazira","1020.SR","3959333886","3.1036","Saudi Arabia"
"3614","Endurance Technologies","ENDURANCE.NS","3957140781","28.1321","India"
"3615","Jersey Mike's Subs","JMKE","3955852544","16.99","United States"
"3616","Bread Financial","BFH","3953726976","102.91","United States"
"3617","Ero Copper","ERO","3949940480","37.87","Canada"
"3618","MDU Resources","MDU","3946155776","18.76","United States"
"3619","Johnson Matthey","JMAT.L","3942079628","31.255","United Kingdom"
"3620","Primoris Services Corporation","PRIM","3941621248","72.65","United States"
"3621","Brady Corporation","BRC","3940472064","84.02","United States"
"3622","LEG Immobilien","LEG.DE","3939019559","51.257","Germany"
"3623","Nikon","NINOY","3936530432","11.95","Japan"
"3624","VietJet Aviation","VJC.VN","3935183729","5.11665","Vietnam"
"3625","Toyoda Gosei","7282.T","3931592961","33.5284","Japan"
"3626","Itron","ITRI","3929861120","89.75","United States"
"3627","NGEx Minerals","NGEX.TO","3925759526","18.1028","Canada"
"3628","COPT Defense Properties","CDP","3924810240","33.88","United States"
"3629","Qatar Electricity &amp; Water Company","QEWS.QA","3922527254","3.56593","Qatar"
"3630","3M India","3MINDIA.NS","3921474217","348.109","India"
"3631","Caliway Biopharmaceuticals","6919.TW","3919990552","2.51879","Taiwan"
"3632","OBIC Business Consultants","4733.T","3919697627","52.1398","Japan"
"3633","Sportradar","SRAD","3918399744","13.24","Switzerland"
"3634","Signet Jewelers","SIG","3918321408","102.26","Bermuda"
"3635","Voltas","VOLTAS.NS","3914153902","11.8294","India"
"3636","SL Green Realty","SLG","3913906688","51.01","United States"
"3637","Korn Ferry","KFY","3913506560","71.73","United States"
"3638","Jiangsu Yuyue Medical Equipment &amp; Supply Co., Ltd.","002223.SZ","3909630457","3.93067","China"
"3639","Takasago Thermal Engineering","1969.T","3909189393","29.8724","Japan"
"3640","Bestechnic","688608.SS","3909083190","16.502","China"
"3641","Höegh Autoliners","HAUTO.OL","3909016119","19.6168","Norway"
"3642","Aris Mining","ARIS","3907732992","18.93","Canada"
"3643","MODEC, Inc.","6269.T","3906915684","57.1652","Japan"
"3644","JOYY","JOYY","3906616320","79.77","China"
"3645","Saudi Tadawul Group Holding Company","1111.SR","3906545387","32.5545","Saudi Arabia"
"3646","Corporación América Airports","CAAP","3901309440","23.88","Luxembourg"
"3647","Travel + Leisure","TNL","3901217536","63.66","United States"
"3648","Coca-Cola Bottlers Japan","2579.T","3894917247","24.0763","Japan"
"3649","China Airlines","2610.TW","3892474800","0.640015","Taiwan"
"3650","Toei Animation","4816.T","3892332557","19.0508","Japan"
"3651","Celcuity Inc.","CELC","3891065088","79.52","United States"
"3652","Internet Initiative Japan Inc.","3774.T","3886551651","21.9171","Japan"
"3653","Fluidra","FDR.MC","3886332367","20.6916","Spain"
"3654","Thai Life Insurance","TLI.BK","3885977979","0.339387","Thailand"
"3655","Mirion Technologies","MIR","3882574848","15.59","United States"
"3656","Par Pacific Holdings","PARR","3880717056","77.46","United States"
"3657","Webull","BULL","3879870720","7.19","United States"
"3658","Lumine Group","LMN.V","3877037796","15.1081","Canada"
"3659","Parque Arauco","PARAUCO.SN","3872110522","3.94481","Chile"
"3660","Odakyu Electric Railway","9007.T","3870840644","11.2993","Japan"
"3661","Asmodee Group AB","ASMDEE-B.ST","3870762118","16.3515","Sweden"
"3662","Krones","KRN.F","3866925756","122.398","Germany"
"3663","Harmonic Drive Systems","6324.T","3859003749","40.7641","Japan"
"3664","Siegfried Holding","SFZN.SW","3856710322","88.0358","Switzerland"
"3665","Atlas Arteria","ALX.AX","3854771228","2.65207","Australia"
"3666","Helmerich &amp; Payne","HP","3854644992","38.57","United States"
"3667","Parabilis Medicines","PBLS","3854237184","31.2","United States"
"3668","Comstock Resources","CRK","3852301568","13.12","United States"
"3669","Narayana Hrudayalaya","NH.NS","3851047082","18.9614","India"
"3670","Algonquin Power & Utilities","AQN","3849509376","5","Canada"
"3671","Bucher Industries","BUCN.SW","3847568609","392.072","Switzerland"
"3672","Envista","NVST","3846794240","23.95","United States"
"3673","Independent Bank Corp.","INDB","3846370816","81.2","United States"
"3674","Banco del Bajío","BBAJIOO.MX","3844486964","3.23085","Mexico"
"3675","Masan Group","MSN.VN","3841078494","2.6565","Vietnam"
"3676","Vanke","2202.HK","3840358871","0.321889","China"
"3677","Grand Canyon Education","LOPE","3838858496","147.28","United States"
"3678","Telix Pharmaceuticals","TLX.AX","3835774459","11.2889","Australia"
"3679","Astral Poly Technik","ASTRAL.NS","3835660903","14.2775","India"
"3680","United Bank (Pakistan)","UBL.PK","3834414878","1.53116","Pakistan"
"3681","AGL Energy","AGL.AX","3832672212","5.69705","Australia"
"3682","Allreal Holding","ALLN.SW","3829818747","231.876","Switzerland"
"3683","Relay Therapeutics","RLAY","3828404224","17.47","United States"
"3684","Toyo Tire","5105.T","3825753835","24.8406","Japan"
"3685","Avis Budget Group","CAR","3825425664","108.29","United States"
"3686","Sheng Siong Group","OV8.SI","3824985485","2.54399","Singapore"
"3687","Apple Hospitality REIT","APLE","3822179072","16.19","United States"
"3688","AIA Engineering","AIAENG.NS","3817872792","40.9115","India"
"3689","TUI","TUI1.F","3816555406","7.52133","Germany"
"3690","TOTVS","TOTS3.SA","3816129851","6.73199","Brazil"
"3691","Cohen &amp; Steers","CNS","3815477504","74.2","United States"
"3692","Kewpie Corporation","2809.T","3808222023","28.1527","Japan"
"3693","Mercari","4385.T","3805098439","23.3183","Japan"
"3694","Endeavour Group","EDV.AX","3804877362","2.11885","Australia"
"3695","Zuger Kantonalbank","ZUGER.SW","3804662717","13229.4","Switzerland"
"3696","Axcelis Technologies","ACLS","3801819904","123.11","United States"
"3697","Seaboard Corporation","SEB","3801660672","3969.18","United States"
"3698","Century Aluminum","CENX","3800352512","38.39","United States"
"3699","Paymentus","PAY","3799599104","30.17","United States"
"3700","Mattel","MAT","3796953088","13.29","United States"
"3701","Silgan Holdings","SLGN","3795041280","35.91","United States"
"3702","EQB (Equitable Bank)","EQB.TO","3794177910","89.1369","Canada"
"3703","Secure Energy Services","SES.TO","3791511228","17.3895","Canada"
"3704","Workiva","WK","3789564160","69.64","United States"
"3705","Bridgepoint Group plc","BPT.L","3788712067","4.20179","United Kingdom"
"3706","Atlanta Braves Holdings","BATRA","3787830784","59.03","United States"
"3707","Türk Telekom","TTKOM.IS","3787368234","1.08211","Turkey"
"3708","Meiko Electronics","6787.T","3786224610","147.515","Japan"
"3709","Avient","AVNT","3786182912","41.28","United States"
"3710","Nordic Semiconductor","NOD.OL","3782316105","19.1224","Norway"
"3711","Indian Railway Catering & Tourism","IRCTC.NS","3779560338","4.72445","India"
"3712","Interparfums","IPAR","3776800256","117.93","United States"
"3713","Robert Half","RHI","3776127744","36.89","United States"
"3714","Neptune Insurance Holdings","NP","3775282176","27.51","United States"
"3715","Bill.com","BILL","3773497600","44.25","United States"
"3716","Sohar International Bank","BKSB.OM","3769199944","0.491037","Oman"
"3717","Amylyx Pharmaceuticals","AMLX","3763706880","29.49","United States"
"3718","Covivio Hotels","COVH.PA","3755928167","23.7743","France"
"3719","CorVel Corporation","CRVL","3754896896","74.33","United States"
"3720","Badger Meter","BMI","3753217024","129.48","United States"
"3721","Excelerate Energy","EE","3752475648","33.09","United States"
"3722","Loomis AB","LOOMIS.ST","3751728736","56.061","Sweden"
"3723","Gibson Energy","GEI.TO","3751167089","21.7333","Canada"
"3724","Otter Tail","OTTR","3750991616","89.34","United States"
"3725","Sezzle","SEZL","3750723072","111.38","United States"
"3726","PUMA","PUM.DE","3750673850","25.4786","Germany"
"3727","Mainfreight","MFT.NZ","3747559311","37.2156","New Zealand"
"3728","Protector Forsikring","PROT.OL","3747257560","45.5235","Norway"
"3729","Madison Square Garden Entertainment","MSGE","3741370624","79.09","United States"
"3730","ERG","ERG.MI","3740103110","25.7309","Italy"
"3731","Axiata Group","6888.KL","3735669456","0.406564","Malaysia"
"3732","Trina Solar","688599.SS","3734903516","1.59436","China"
"3733","Boot Barn Holdings","BOOT","3734121472","123.3","United States"
"3734","China Gas","0384.HK","3733119354","0.685208","China"
"3735","ALSOK","2331.T","3730580728","7.67511","Japan"
"3736","Venture Corporation","V03.SI","3726386629","12.9663","Singapore"
"3737","Thor Industries","THO","3723976192","72.15","United States"
"3738","Fuji Media Holdings","4676.T","3718624868","26.089","Japan"
"3739","KDX Realty Investment","8972.T","3717582143","920.376","Japan"
"3740","St. Joe Company","JOE","3717558784","65.3","United States"
"3741","Energix Renewable Energies","ENRG.TA","3716951408","6.28746","Israel"
"3742","Legend Biotech","LEGN","3716673792","19.11","United States"
"3743","PLDT","PHI","3716159488","17.2","Philippines"
"3744","PI Industries","PIIND.NS","3712446529","24.4713","India"
"3745","Wesdome Gold Mines","WDO.TO","3711733903","25.8582","Canada"
"3746","NLC India","NLCINDIA.NS","3708195121","2.67424","India"
"3747","FTI Consulting","FCN","3707958272","134.29","United States"
"3748","WesBanco","WSBC","3707721728","38.66","United States"
"3749","Société Foncière Lyonnaise","FLY.PA","3702190127","86.0641","France"
"3750","USA Compression Partners","USAC","3701853184","25.54","United States"
"3751","Sixt","SIX2.F","3700574393","78.8306","Germany"
"3752","KLCC Property Holdings","5235SS.KL","3692023433","2.04506","Malaysia"
"3753","SmartCentres REIT","SRU-UN.TO","3691108887","18.8021","Canada"
"3754","Organo Corporation","6368.T","3688814945","80.2224","Japan"
"3755","Ionic Digital","IOND","3688786688","81.98","United States"
"3756","Tenable","TENB","3688588288","33.49","United States"
"3757","Valvoline","VVV","3688343552","28.92","United States"
"3758","Renasant Corp","RNST","3688169984","40.35","United States"
"3759","WisdomTree","WT","3686289664","24.33","United States"
"3760","Citizen Watch","7762.T","3684744643","15.1018","Japan"
"3761","Pulse Biosciences","PLSE","3682386432","51.63","United States"
"3762","Dorman Products","DORM","3680369920","124.02","United States"
"3763","WaterBridge Infrastructure","WBI","3678994944","29.8","United States"
"3764","Jumbo S.A.","5JB.F","3674380914","27.3461","Greece"
"3765","Aperam","APAM.AS","3669761790","50.6427","Luxembourg"
"3766","Carel Industries","CRL.MI","3666158395","32.5901","Italy"
"3767","Tobu Railway","9001.T","3662141547","18.7292","Japan"
"3768","Drax Group","DRX.L","3659878687","10.869","United Kingdom"
"3769","HUB24 Limited","HUB.AX","3658104029","44.7344","Australia"
"3770","Gaon Cable","000500.KS","3656696743","221.04","South Korea"
"3771","Harvey Norman","HVN.AX","3654183473","2.93272","Australia"
"3772","Entain","ENT.L","3653798670","5.70953","Isle of Man"
"3773","BancFirst","BANF","3652519424","108.71","United States"
"3774","Veracyte","VCYT","3652150784","45.43","United States"
"3775","Sacyr","SCYR.MC","3650493502","4.59106","Spain"
"3776","Optima bank","OPTIMA.AT","3649261697","16.5055","Greece"
"3777","Bel Fuse","BELFB","3648704768","252.69","United States"
"3778","Atmus Filtration Technologies","ATMU","3648135936","44.71","United States"
"3779","TransAlta","TAC","3646938880","11.53","Canada"
"3780","Exide Industries","EXIDEIND.NS","3646083049","4.28951","India"
"3781","Brembo","BRE.MI","3642929239","11.4517","Italy"
"3782","Cochin Shipyard Limited","COCHINSHIP.NS","3642404117","13.8452","India"
"3783","Haitian International Holdings","1882.HK","3641917216","2.2819","Hong Kong"
"3784","Sino-American Silicon Products","5483.TWO","3640494232","5.92749","Taiwan"
"3785","iRhythm","IRTC","3638456320","110.38","United States"
"3786","Vend Marketplaces","VENDA.OL","3638040042","35.6446","Norway"
"3787","Wendel","MF.PA","3633786962","94.0166","France"
"3788","Amplifon","AMP.MI","3633598551","13.6731","Italy"
"3789","Hochschild Mining","HOC.L","3631158259","7.05822","United Kingdom"
"3790","Viva Energy","VEA.AX","3630071733","2.21006","Australia"
"3791","Fielmann","FIE.F","3629191135","43.226","Germany"
"3792","Sabancı Holding","SAHOL.IS","3626625492","1.75383","Turkey"
"3793","İsdemir","ISDMR.IS","3626584013","1.25055","Turkey"
"3794","NOF Corporation","4403.T","3625444127","16.2037","Japan"
"3795","SAL Saudi Logistics Services","4263.SR","3620960498","45.262","Saudi Arabia"
"3796","Minor International","MINT.BK","3616874316","0.643049","Thailand"
"3797","Iren","IRE.MI","3616723402","2.81879","Italy"
"3798","G-bits Network Technology","603444.SS","3613885442","50.1642","China"
"3799","Cranswick","CWK.L","3610119460","67.4673","United Kingdom"
"3800","Groupe SEB","SK.PA","3607958656","65.7491","France"
"3801","Eagers Automotive Limited","APE.AX","3607245650","12.7833","Australia"
"3802","Tiantan Bio","600161.SS","3607243337","1.82426","China"
"3803","Organon","OGN","3605627392","13.73","United States"
"3804","Nisshin Seifun Group","2002.T","3604686462","12.8916","Japan"
"3805","Stadler Rail","SRAIL.SW","3603069959","36.0321","Switzerland"
"3806","QL Resources","7084.KL","3602825839","0.989468","Malaysia"
"3807","C&amp;D International Investment Group","1908.HK","3599889292","1.62793","Hong Kong"
"3808","Inmobiliaria Colonial","COL.MC","3596589065","5.74451","Spain"
"3809","Hualan Biological Engineering","002007.SZ","3594909966","1.96907","China"
"3810","China Everbright Environment Group","0257.HK","3594476315","0.585136","Hong Kong"
"3811","Sharjah Islamic Bank","SIB.AE","3594414215","0.83","United Arab Emirates"
"3812","Nitto Boseki","3110.T","3594113111","19.7451","Japan"
"3813","Mitie Group PLC","MTO.L","3590463408","2.78365","United Kingdom"
"3814","Granite REIT","GRP-UN","3590449408","59.19","Canada"
"3815","LXP Industrial Trust","LXP","3589318400","60.88","United States"
"3816","Meezan Bank","MEBL.PK","3582673279","1.98256","Pakistan"
"3817","CleanSpark","CLSK","3582598144","13.95","United States"
"3818","Lazard","LAZ","3578385152","36.72","Bermuda"
"3819","Xenon Pharmaceuticals","XENE","3577285376","36.94","Canada"
"3820","Ayala Land","AYAAF","3573130240","0.25","Philippines"
"3821","Kontoor Brands","KTB","3572707328","65.37","United States"
"3822","Huhtamäki","HUH1V.HE","3570795413","34.0121","Finland"
"3823","Container Corporation of India","CONCOR.NS","3570455842","4.68799","India"
"3824","Bank für Tirol und Vorarlberg","BTS.VI","3565109016","96.121","Austria"
"3825","ACADIA Pharmaceuticals","ACAD","3563278080","20.68","United States"
"3826","Genworth Financial","GNW","3563135488","9.43","United States"
"3827","Koei Tecmo","3635.T","3562692766","10.6592","Japan"
"3828","Sopra Steria Group","SOP.PA","3561249942","184.279","France"
"3829","National Healthcare","NHC","3560774656","227.36","United States"
"3830","Universal Display Corporation","OLED","3557373440","77.39","United States"
"3831","L&amp;T Technology Services","LTTS.NS","3549397819","33.4577","India"
"3832","CRISIL","CRISIL.NS","3543061329","48.4488","India"
"3833","AntarChile","ANTARCHILE.SN","3543027745","7.80738","Chile"
"3834","Tarsus Pharmaceuticals","TARS","3541662976","75.69","United States"
"3835","Nabtesco Corporation","6268.T","3540837276","30.4584","Japan"
"3836","IDEAYA Biosciences","IDYA","3540199168","36.69","United States"
"3837","Nichirei Corporation","2871.T","3538073094","14.1146","Japan"
"3838","Mandatum","MANTA.HE","3537536672","7.02992","Finland"
"3839","monday.com","MNDY","3536653056","83.66","Israel"
"3840","Marriott Vacations Worldwide","VAC","3536526848","102.82","United States"
"3841","Independence Realty Trust","IRT","3535869184","14.63","United States"
"3842","KEPCO Engineering & Construction Company","052690.KS","3531563803","92.8296","South Korea"
"3843","TechCreate Group","TCGL","3531553280","172.84","Singapore"
"3844","Sunrise Communications AG","SUNN.SW","3531399321","48.131","Switzerland"
"3845","NH Foods (Nipponham)","2282.T","3530175013","38.5603","Japan"
"3846","Ferrotec Holdings Corporation","6890.T","3529778460","65.6047","Japan"
"3847","Nicolet Bankshares","NIC","3529244928","168.4","United States"
"3848","flatexDEGIRO AG","FTK.DE","3527255904","32.9655","Germany"
"3849","TORM","TRMD","3522974720","34.32","United Kingdom"
"3850","Singapore Land","U06.SI","3518979179","2.45562","Singapore"
"3851","Manchester United","MANU","3518824448","20.4","United Kingdom"
"3852","ZIM Integrated Shipping Services","ZIM","3517969152","29.19","Israel"
"3853","First Interstate BancSystem","FIBK","3517693184","36.91","United States"
"3854","UCT (Ultra Clean Holdings)","UCTT","3517572352","77.69","United States"
"3855","Hudco","HUDCO.NS","3517454565","1.75706","India"
"3856","Athabasca Oil Corporation","ATH.TO","3515074258","7.30329","Canada"
"3857","DHT Holdings","DHT","3511710720","21.78","Bermuda"
"3858","M/I Homes","MHO","3508020736","138.75","United States"
"3859","Mesaieed Petrochemical Holding Company","MPHC.QA","3506644576","0.279121","Qatar"
"3860","PVH Corp.","PVH","3506013696","75.99","United States"
"3861","National Bank of Fujairah","NBF.AE","3505842152","1.36","United Arab Emirates"
"3862","JGC Holdings","1963.T","3505453490","14.4808","Japan"
"3863","Syrma SGS Technology","SYRMA.NS","3504534435","18.1936","India"
"3864","Yamaha","7951.T","3503742886","7.96492","Japan"
"3865","Air France-KLM","AF.PA","3500294803","13.3375","France"
"3866","Q2","QTWO","3499969280","56.13","United States"
"3867","Santen Pharmaceutical","4536.T","3498553678","10.8917","Japan"
"3868","Inchcape","INCH.L","3497966596","10.2261","United Kingdom"
"3869","Westgold Resources Limited","WGX.AX","3497372382","3.70448","Australia"
"3870","China Resources Pharmaceutical Group","3320.HK","3487911951","0.555178","Hong Kong"
"3871","Apex Investment","APEX.AE","3482766134","0.98","United Arab Emirates"
"3872","Atlanta Braves Holdings, Inc.","BATRK","3481750016","54.26","United States"
"3873","Wynn Macau","1128.HK","3479993386","0.659712","Macau"
"3874","Lemonade","LMND","3477430016","44.93","United States"
"3875","CIE Automotive","CIE.MC","3473895732","29.2913","Spain"
"3876","Vidrala","VID.MC","3473799052","101.467","Spain"
"3877","Laboratorios Farmaceuticos Rovi","ROVI.MC","3473139759","67.9104","Spain"
"3878","Fattal Holdings (Leonardo Hotels)","FTAL.TA","3466907736","210.125","Israel"
"3879","MIAX (Miami International Holdings)","MIAX","3463158528","34.9","United States"
"3880","Ventia Services Group","VNT.AX","3462035294","4.24472","Australia"
"3881","Fortuna Mining","FSM","3459741696","11.69","Canada"
"3882","Unilever Indonesia","UNVR.JK","3455721610","0.090985","Indonesia"
"3883","Option Care Health","OPCH","3455545600","23.07","United States"
"3884","NuScale Power","SMR","3455479808","8.42","United States"
"3885","Brederode","BREB.BR","3453598611","117.848","Luxembourg"
"3886","Bellway","BWY.L","3449285063","30.9103","United Kingdom"
"3887","GS Yuasa Corporation","6674.T","3449174080","34.3819","Japan"
"3888","Digital China Group Co., Ltd.","000034.SZ","3445494869","3.38877","China"
"3889","ERock, Inc.","EROC","3443587840","12.6","United States"
"3890","Peyto Exploration &amp; Development","PEY.TO","3441546674","16.7326","Canada"
"3891","Tecan","TECN.SW","3441000979","279.261","Switzerland"
"3892","Standex International","SXI","3440898304","280.17","United States"
"3893","Magnite","MGNI","3437876992","23.97","United States"
"3894","Kuraray Co., Ltd.","3405.T","3437065025","11.4076","Japan"
"3895","Canadian Apartment Properties REIT","CAR-UN.TO","3434299910","22.3195","Canada"
"3896","Star Bulk Carriers","SBLK","3428748800","29.54","Greece"
"3897","NSK Ltd.","6471.T","3428341697","7.00632","Japan"
"3898","The a2 Milk Company","A2M.AX","3427527651","4.70778","New Zealand"
"3899","Kadokawa","9468.T","3426056926","23.312","Japan"
"3900","Kyushu Railway Company","9142.T","3425476289","22.2674","Japan"
"3901","Hill &amp; Smith PLC","HILS.L","3423987062","44.0061","United Kingdom"
"3902","Ermenegildo Zegna","ZGN","3422961664","12.73","Italy"
"3903","F.I.B.I. Holdings","FIBIH.TA","3420990198","96.4947","Israel"
"3904","The Japan Steel Works","5631.T","3420769207","46.471","Japan"
"3905","First Capital REIT","FCR-UN.TO","3418471957","16.0828","Canada"
"3906","IGO Limited","IGO.AX","3410972876","4.50431","Australia"
"3907","Aehr Test Systems","AEHR","3409329920","104.39","United States"
"3908","HNI Corporation","HNI","3407702784","47.21","United States"
"3909","First Financial Bank","FFBC","3407408640","32.4","United States"
"3910","Nine Dragons Paper","2689.HK","3406562462","0.726002","China"
"3911","NCR Atleos Corporation","NATL","3405170944","46.08","United States"
"3912","Samsung Card","029780.KS","3402704680","31.8872","South Korea"
"3913","DOF Group","DOFG.OL","3401259613","13.8106","Norway"
"3914","PennyMac Financial Services","PFSI","3400749824","65.46","United States"
"3915","Jet2","JET2.L","3399326313","18.8087","United Kingdom"
"3916","OFILM Group","002456.SZ","3397487358","0.971845","China"
"3917","Tata Investment Corporation","TATAINVEST.NS","3396826744","6.71372","India"
"3918","New Hope Corporation","NHC.AX","3392141708","4.02021","Australia"
"3919","The Vita Coco Company","COCO","3390260736","58.59","United States"
"3920","BB Biotech","BION.SW","3389289584","61.4567","Switzerland"
"3921","Alm. Brand","ALMB.CO","3389215664","2.4937","Denmark"
"3922","Pattern Group","PTRN","3388709376","17.02","United States"
"3923","Star Health and Allied Insurance Company","STARHEALTH.NS","3386737586","5.75581","India"
"3924","Kinaxis","KXS.TO","3383986995","124.467","Canada"
"3925","Arcutis Biotherapeutics","ARQT","3383627520","26.92","United States"
"3926","Sumitomo Rubber Industries","5110.T","3381823749","12.8662","Japan"
"3927","Highwoods Properties","HIW","3379812864","30.09","United States"
"3928","Dr Lal PathLabs","LALPATHLAB.NS","3378347080","20.2323","India"
"3929","Mueller Water Products","MWA","3376998400","21.63","United States"
"3930","Blue Star","BLUESTARCO.NS","3374212420","16.4121","India"
"3931","Constellium","CSTM","3373285120","24.89","France"
"3932","Mouwasat Medical Services Company","4002.SR","3372672212","16.8634","Saudi Arabia"
"3933","Inter Cars","CAR.WA","3372589651","240.588","Poland"
"3934","Eurazeo","RF.PA","3368522804","53.1453","France"
"3935","Old Mutual","OMU.JO","3368233500","0.833713","South Africa"
"3936","First Advantage","FA","3366372608","19.6","United States"
"3937","GPGI, Inc.","GPGI","3365623808","11.61","United States"
"3938","TowneBank","TOWN","3361019392","36.36","United States"
"3939","Shaftesbury Capital","SHC.L","3360893059","1.8358","United Kingdom"
"3940","Mechanics Bancorp","MCHB","3359040256","15.17","United States"
"3941","Simmons First National","SFNC","3357055232","23.23","United States"
"3942","Dowa Holdings","5714.T","3356737397","56.7512","Japan"
"3943","HEXPOL AB","HPOL-B.ST","3354513983","9.73913","Sweden"
"3944","United Breweries","UBL.NS","3353337370","12.6826","India"
"3945","Mitsubishi Logistics","9301.T","3351855414","9.89803","Japan"
"3946","Life360","LIF","3348843008","41.1","United States"
"3947","ITV plc","ITV.L","3345568146","0.910609","United Kingdom"
"3948","Meidensha Corporation","6508.T","3340152304","73.6301","Japan"
"3949","CJ Group","001040.KS","3337111217","99.5233","South Korea"
"3950","B&M European Value Retail","BME.L","3331850612","3.31185","Luxembourg"
"3951","Acadian Asset Management","AAMI","3331813120","93.88","United States"
"3952","Shikun &amp; Binui","SKBN.TA","3328759479","5.71084","Israel"
"3953","AllianceBernstein","AB","3328369664","35.76","United States"
"3954","Jubilant FoodWorks","JUBLFOOD.NS","3326404450","5.05783","India"
"3955","Comet Holding","COTN.SW","3325162429","427.912","Switzerland"
"3956","Asbury Automotive Group","ABG","3323797248","185.15","United States"
"3957","IPG Photonics","IPGP","3322798336","78.12","United States"
"3958","Kenon Holdings","KEN","3321910272","63.75","Singapore"
"3959","Bath &amp; Body Works","BBWI","3317065472","16.45","United States"
"3960","Post Holdings","POST","3315347200","73.15","United States"
"3961","Keppel REIT","K71U.SI","3310361902","0.664738","Singapore"
"3962","Versigent","VGNT","3310131968","46.73","Switzerland"
"3963","Doosan Robotics","454910.KS","3308990532","51.0489","South Korea"
"3964","SYNLAB","SYAB.VI","3307393271","15.049","Germany"
"3965","Growthpoint Properties","GRT.JO","3307152300","0.976618","South Africa"
"3966","Russel Metals","RUS.TO","3304953910","60.1921","Canada"
"3967","Warby Parker","WRBY","3301571072","26.71","United States"
"3968","QinetiQ","QQ.L","3300712158","6.46837","United Kingdom"
"3969","Steve Madden","SHOO","3297360128","45.06","United States"
"3970","Redington India","REDINGTON.NS","3297232708","4.21763","India"
"3971","CareDx","CDNA","3294435328","63.68","United States"
"3972","WillScot","WSC","3292239872","18.17","United States"
"3973","Ethos Technologies","LIFE","3287258880","34.3","United States"
"3974","Meitav Investment House","MTAV.TA","3286566517","38.5718","Israel"
"3975","National Health Investors","NHI","3286470144","66.92","United States"
"3976","Azelis Group","AZE.BR","3286218413","13.5024","Belgium"
"3977","Giant Biogene","2367.HK","3286217497","3.09523","China"
"3978","Palomar Holdings","PLMR","3286214912","123.99","United States"
"3979","Commercial Bank of Kuwait","CBK.KW","3284511091","1664.5","Kuwait"
"3980","Micronics Japan Co., Ltd.","6871.T","3284400518","84.7128","Japan"
"3981","Hamilton Insurance Group","HG","3282872832","33.29","Bermuda"
"3982","Japan Airport Terminal","9706.T","3281931455","35.3565","Japan"
"3983","Park National Corp","PRK","3281896448","181.68","United States"
"3984","American States Water","AWR","3281829888","82.8","United States"
"3985","North Pacific Bank","8524.T","3281247923","8.77064","Japan"
"3986","Worley","WOR.AX","3281176764","6.72841","Australia"
"3987","NH Hotel Group","NHH.MC","3280482487","7.53012","Spain"
"3988","Enliven Therapeutics","ELVN","3278866432","44.75","United States"
"3989","Plus500","PLUS.L","3276992695","46.1799","Israel"
"3990","KOBAYASHI Pharmaceutical","4967.T","3276560460","44.0762","Japan"
"3991","Tate &amp; Lyle","TATE.L","3276235662","7.40284","United Kingdom"
"3992","Golden Agri-Resources","E5H.SI","3275840892","0.258313","Singapore"
"3993","Curbline Properties","CURB","3273981952","28.46","United States"
"3994","Freshworks","FRSH","3271946496","12.54","United States"
"3995","SKC Co., Ltd.","011790.KS","3271557861","67.3787","South Korea"
"3996","Van Lanschot Kempen","VLK.AS","3270835408","77.4656","Netherlands"
"3997","Infleqtion","INFQ","3269931008","14.51","United States"
"3998","Seabridge Gold","SA","3268497664","30.3","Canada"
"3999","Stride (K12 Education)","LRN","3264941312","78.56","United States"
"4000","SMG Swiss Marketplace Group Holding AG","SMG.SW","3264038383","33.6749","Switzerland"
"4001","RXO","RXO","3263888128","19.79","United States"
"4002","Sims Limited","SGM.AX","3263255506","16.8877","Australia"
"4003","Sinch","SINCH.ST","3263136825","4.64448","Sweden"
"4004","Teekay Tankers","TNK","3262358016","94.07","Canada"
"4005","Greencoat UK Wind","UKW.L","3260780447","1.51039","United Kingdom"
"4006","Denali Therapeutics","DNLI","3259288576","20.39","United States"
"4007","El Al Israel Airlines","ELAL.TA","3257554186","5.5056","Israel"
"4008","Lisi S.A.","FII.PA","3255454442","71.2092","France"
"4009","Serco Group","SRP.L","3255400796","3.37469","United Kingdom"
"4010","Indofood","INDF.JK","3249295099","0.370061","Indonesia"
"4011","TechnoPro Holdings","6028.T","3246446499","31.1589","Japan"
"4012","Juroku Financial Group","7380.T","3244274586","18.3184","Japan"
"4013","Qatar Fuel Company (WOQOD)","QFLS.QA","3242257067","3.26099","Qatar"
"4014","ORION","271560.KS","3242019129","82.0167","South Korea"
"4015","Tokyo Kiraboshi Financial Group","7173.T","3241773381","11.3248","Japan"
"4016","National Energy Services Reunited","NESR","3240366848","32.13","United States"
"4017","Community Financial System","CBU","3239561216","61.57","United States"
"4018","Daiwa House REIT Investment Corporation","8984.T","3238594696","713.371","Japan"
"4019","Planet Fitness","PLNT","3237244928","42.68","United States"
"4020","Alliance Resource Partners","ARLP","3235768832","25.15","United States"
"4021","Golub Capital","GBDC","3235258624","12.46","United States"
"4022","Kadant","KAI","3234399232","273.89","United States"
"4023","Gentera, S.A.B. de C.V.","GENTERA.MX","3233895853","2.04775","Mexico"
"4024","LIC Housing Finance","LICHSGFIN.NS","3232816397","5.87717","India"
"4025","Gujarat Gas","GUJGASLTD.NS","3232024347","3.44481","India"
"4026","Karur Vysya Bank","KARURVYSYA.NS","3230112755","3.34149","India"
"4027","Dalmia Bharat","DALBHARAT.NS","3230054040","17.206","India"
"4028","Kerry Properties","0683.HK","3228950838","2.23346","Hong Kong"
"4029","Dexerials Corporation","4980.T","3228550638","19.2738","Japan"
"4030","Lionsgate Studios","LION","3228522752","10.85","United States"
"4031","Kansai Paint","4613.T","3227424846","18.2069","Japan"
"4032","Yadea Group","1585.HK","3218829538","1.05363","China"
"4033","Ebro Foods","EBRO.MC","3213478131","20.885","Spain"
"4034","Megaport Limited","MP1.AX","3211920798","13.2253","Australia"
"4035","Shihlin Electric & Engineering Corp.","1503.TW","3210921329","6.16333","Taiwan"
"4036","Quilter","QLT.L","3210351393","2.38455","United Kingdom"
"4037","Grupa Kety","KTY.WA","3209821836","325.548","Poland"
"4038","Ambarella","AMBA","3208165888","72.68","United States"
"4039","Mainova","MNV6.F","3207826096","427.71","Germany"
"4040","Knowles","KN","3205449472","37.53","United States"
"4041","Navitas Semiconductor","NVTS","3203176704","12.2","Ireland"
"4042","Bright Horizons","BFAM","3203121152","65.86","United States"
"4043","PPB Group Berhad","4065.KL","3202304671","2.25325","Malaysia"
"4044","Tikehau Capital","TKO.PA","3201583493","18.5872","France"
"4045","Sprott Inc","SII","3199601152","124.34","Canada"
"4046","Seacoast Banking","SBCF","3198056960","33.03","United States"
"4047","Newmark","NMRK","3196251392","13.06","United States"
"4048","United States Lime &amp; Minerals","USLM","3195883776","111.4","United States"
"4049","K+S","SDF.F","3194503380","17.8364","Germany"
"4050","Atkore","ATKR","3193918720","94.57","United States"
"4051","Hangzhou EZVIZ Network","688475.SS","3192662911","4.05418","China"
"4052","Takara Holdings","2531.T","3192344526","16.6751","Japan"
"4053","dormakaba","DOKA.SW","3191114654","76.7306","Switzerland"
"4054","Walliser Kantonalbank","WKBN.SW","3185245139","202.651","Switzerland"
"4055","Marui Group","8252.T","3182042500","18.2833","Japan"
"4056","(DIA) Distribuidora Internacional de Alimentación","DIA.MC","3181045252","55.2269","Spain"
"4057","Delhivery","DELHIVERY.NS","3180930031","4.24523","India"
"4058","Salzgitter","SZG.F","3180674837","57.8432","Germany"
"4059","Mitsubishi Motors","7211.T","3179632711","2.37578","Japan"
"4060","Primary Health Properties","PHP.L","3178224826","1.22475","United Kingdom"
"4061","CoreCivic","CXW","3177447936","32.13","United States"
"4062","Hercules Capital","HTGC","3176173056","16.97","United States"
"4063","Predictive Discovery Limited","PDI.AX","3175350858","3.21336","Australia"
"4064","Cohu","COHU","3171674880","67","United States"
"4065","Suruga Bank","8358.T","3170693366","18.8343","Japan"
"4066","Baytex Energy","BTE","3167376128","4.53","Canada"
"4067","Unite Group (Unite Students)","UTG.L","3165848303","6.16086","United Kingdom"
"4068","NOS","NOS.LS","3165838719","6.17677","Portugal"
"4069","LIXIL Corporation","5938.T","3165335102","11.0063","Japan"
"4070","Aldrees Petroleum and Transport Services","4200.SR","3164877442","31.6488","Saudi Arabia"
"4071","Topaz Energy","TPZ.TO","3164175605","20.4337","Canada"
"4072","Ashland","ASH","3162489856","69.06","United States"
"4073","Port of Tauranga","POT.NZ","3160643875","4.64629","New Zealand"
"4074","Nahdi Medical Company","4164.SR","3158483614","24.296","Saudi Arabia"
"4075","Ouster","OUST","3152751360","43.72","United States"
"4076","Taseko Mines","TGB","3151460608","8.61","Canada"
"4077","Cal-Maine Foods","CALM","3149384960","67.43","United States"
"4078","Freenet","FNTN.F","3148475216","26.6864","Germany"
"4079","Asset World Corp","AWC.BK","3146400613","0.0982435","Thailand"
"4080","ZPMC (Shanghai Zhenhua Heavy Industries)","600320.SS","3144569777","0.595647","China"
"4081","OSI Systems","OSIS","3144393728","197.24","United States"
"4082","Escorts Kubota","ESCORTS.NS","3141494754","28.5519","India"
"4083","Arcus Biosciences","RCUS","3140555776","24.97","United States"
"4084","COSMOS Pharmaceutical","3349.T","3134426519","39.5475","Japan"
"4085","United Urban Investment Corporation","8960.T","3128642273","977.701","Japan"
"4086","NovaGold Resources","NG","3128505856","7.13","Canada"
"4087","Daido Steel","5471.T","3128264922","15.6528","Japan"
"4088","Bitdeer Technologies Group","BTDR","3128213760","11.51","Singapore"
"4089","Cembra Money Bank","CMBN.SW","3124019798","104.573","Switzerland"
"4090","Suntec REIT","T82U.SI","3123555976","1.05576","Singapore"
"4091","Milaha - Qatar Navigation","QNNS.QA","3121019972","2.74698","Qatar"
"4092","Honeywell Automation India","HONAUT.NS","3120401570","352.693","India"
"4093","Veidekke","VEI.OL","3119993999","23.0352","Norway"
"4094","Delek Logistics Partners","DKL","3114696448","53.89","United States"
"4095","FS KKR Capital","FSK","3108828160","11.25","United States"
"4096","BankUnited","BKU","3108575232","43.64","United States"
"4097","Hexaware Technologies","HEXT.NS","3108039919","5.09689","India"
"4098","Park Hotels &amp; Resorts","PK","3106650624","15.43","United States"
"4099","Allied Gold Corporation","AAUC.TO","3105259079","22.2842","Canada"
"4100","Chesapeake Utilities","CPK","3104188416","128.77","United States"
"4101","National Bank of Bahrain","NBB.BH","3102400557","0","Bahrain"
"4102","NMI Holdings","NMIH","3101231872","41.23","United States"
"4103","Peabody Energy","BTU","3101136128","25.44","United States"
"4104","BIC","BB.PA","3099340748","76.6693","France"
"4105","Bird Construction","BDT.TO","3099266097","55.9401","Canada"
"4106","Knife River Corporation","KNF","3098147584","54.58","United States"
"4107","Keller Group","KLR.L","3097502235","45.9148","United Kingdom"
"4108","ALTEN","ATE.PA","3097419656","90.7462","France"
"4109","NCsoft","036570.KS","3093935187","158.884","South Korea"
"4110","Esentia Energy Systems","ESENTIAII.MX","3092861656","2.89585","Mexico"
"4111","Iwatani Corporation","8088.T","3091219370","13.4298","Japan"
"4112","Liberty Energy","LBRT","3090845696","18.94","United States"
"4113","Wix.com","WIX","3088075520","73.79","Israel"
"4114","YETI Holdings","YETI","3085966336","42.28","United States"
"4115","Baldwin Insurance Group","BWIN","3084308736","31.85","United States"
"4116","Hebei Changshan Biochemical Pharmaceutical Co., Ltd.","300255.SZ","3081555237","3.35294","China"
"4117","Vicat S.A.","VCT.PA","3079536057","69.1616","France"
"4118","Jason Furniture (Kuka Home)","603816.SS","3074905184","3.32159","China"
"4119","Imax Corp","IMAX","3073900288","56.05","Canada"
"4120","First Hawaiian Bank","FHB","3072454144","25.25","United States"
"4121","Amot Investment","AMOT.TA","3071085180","6.21579","Israel"
"4122","Treasury Wine Estates","TWE.AX","3070476892","3.79569","Australia"
"4123","Dubai Financial Market (DFM)","DFM.AE","3069599702","0.383903","United Arab Emirates"
"4124","Shufersal","SAE.TA","3068206932","11.4999","Israel"
"4125","Black Stone Minerals","BSM","3067286528","14.42","United States"
"4126","Lion Corp","4912.T","3064834412","11.0764","Japan"
"4127","Comgás","CGAS5.SA","3064164760","23.1222","Brazil"
"4128","Mr D.I.Y. Group","5296.KL","3063989439","0.323292","Malaysia"
"4129","Brighthouse Financial","BHF","3061915648","53.24","United States"
"4130","Vesta Real Estate","VTMX","3059223552","32.97","Mexico"
"4131","Nagase &amp; Co.","8012.T","3058516490","7.4904","Japan"
"4132","Assured Guaranty","AGO","3056114944","69.49","Bermuda"
"4133","Paramount Resources","POU.TO","3054439878","20.9352","Canada"
"4134","Exponent","EXPO","3051507712","64.18","United States"
"4135","Regencell Bioscience","RGC","3050996480","6.17","Hong Kong"
"4136","Downer EDI Limited","DOW.AX","3050439454","4.6727","Australia"
"4137","Carl Zeiss Meditec","AFXA.F","3046984367","34.8083","Germany"
"4138","Bank of Queensland","BOQ.AX","3046032152","4.64464","Australia"
"4139","Worthington Enterprises","WOR","3045203200","62.24","United States"
"4140","Hakuhodo DY Holdings","2433.T","3043748861","8.47765","Japan"
"4141","Kamigumi","9364.T","3042199800","31.21","Japan"
"4142","Alfamart","AMRT.JK","3041298700","0.0740122","Indonesia"
"4143","Breville Group","BRG.AX","3040461327","20.9921","Australia"
"4144","TISCO Financial Group","TISCO.BK","3039287591","3.79577","Thailand"
"4145","Bandhan Bank","BANDHANBNK.NS","3038000579","1.88561","India"
"4146","Shift4 Payments","FOUR","3036016640","38.45","United States"
"4147","Aozora Bank","8304.T","3033368891","21.9204","Japan"
"4148","ENAV","ENAV.MI","3032606899","5.61256","Italy"
"4149","ROBOTIS","108490.KQ","3032257840","207.064","South Korea"
"4150","NOK Corporation","7240.T","3032176405","19.2929","Japan"
"4151","Veeco","VECO","3031533056","49.67","United States"
"4152","Turk Altin Isletmeleri A.S.","TRALT.IS","3027358038","0.945311","Turkey"
"4153","AJ Bell","AJB.L","3026027256","7.68782","United Kingdom"
"4154","Academy Sports + Outdoors","ASO","3025986816","49.14","United States"
"4155","L&F Co., Ltd.","066970.KS","3023947253","80.4531","South Korea"
"4156","Rinnai Corporation","5947.T","3022561876","21.8916","Japan"
"4157","Yamada Holdings","9831.T","3022018599","4.54456","Japan"
"4158","Japan Petroleum Exploration","1662.T","3020604366","11.8343","Japan"
"4159","QuantumScape","QS","3020362240","4.91","United States"
"4160","Momentum Metropolitan","MTM.JO","3019815500","2.34425","South Africa"
"4161","Clicks Group","CLS.JO","3019018000","13.0293","South Africa"
"4162","Aluminium Bahrain (Alba)","ALBH.BH","3017829763","1.36906","Bahrain"
"4163","Polaris","PII","3017593856","53.03","United States"
"4164","Kyivstar Group","KYIV","3013031168","13.05","United Arab Emirates"
"4165","HUGO BOSS","BOSS.DE","3008417215","43.59","Germany"
"4166","Pandox AB","PNDX-B.ST","3008209107","15.4582","Sweden"
"4167","Centrus Energy","LEU","3008038656","147.07","United States"
"4168","Group 1 Automotive","GPI","3006546688","252.18","United States"
"4169","Energy Fuels","UUUU","3005180160","11.35","United States"
"4170","CBIZ","CBZ","3004145408","54.68","United States"
"4171","Melexis NV","MELE.BR","3003346429","76.2712","Belgium"
"4172","Neogen","NEOG","3001138688","13.76","United States"
"4173","Bravida Holding","BRAV.ST","3001127913","14.7455","Sweden"
"4174","Construcciones y Auxiliar de Ferrocarriles","CAF.MC","2999591025","87.5896","Spain"
"4175","Guoco","0053.HK","2999258394","9.11486","Hong Kong"
"4176","Technogym","TGYM.MI","2996964921","15.0381","Italy"
"4177","DigitalBridge Group","DBRG","2996174592","15.98","United States"
"4178","Acer","2353.TW","2995922903","0.996579","Taiwan"
"4179","Royal Unibrew","RBREW.CO","2995164755","63.2631","Denmark"
"4180","Dyne Therapeutics","DYN","2993545472","16.03","United States"
"4181","Pony AI","PONY","2993109760","6.89","China"
"4182","Mobimo Holding","MOBN.SW","2990358726","401.693","Switzerland"
"4183","CASIO","6952.T","2989929958","13.6337","Japan"
"4184","TriNet","TNET","2988857344","65.11","United States"
"4185","Array Digital Infrastructure","AD","2982659072","34.49","United States"
"4186","Alleima AB","ALLEI.ST","2981973577","11.9148","Sweden"
"4187","DXP Enterprises","DXPE","2980844288","192.1","United States"
"4188","LG Display","LPL","2980000000","2.98","South Korea"
"4189","Banque Cantonale de Genève","BCGE.SW","2979088914","41.6125","Switzerland"
"4190","Provident Financial Services","PFS","2978852608","22.84","United States"
"4191","SpareBank 1","SPOL.OL","2978583432","21.9308","Norway"
"4192","People Incorporated","PPLI","2978557184","40","United States"
"4193","Astronics Corporation","ATRO","2977087488","69.22","United States"
"4194","Elecnor","ENO.MC","2976971819","35.1496","Spain"
"4195","Digi International","DGII","2971338240","78.3","United States"
"4196","Virbac SA","VIRP.PA","2969941793","354.34","France"
"4197","AtriCure","ATRC","2969574400","58.38","United States"
"4198","Benchmark Electronics","BHE","2964112640","82.52","United States"
"4199","TRIAL Holdings","141A.T","2963968685","24.14","Japan"
"4200","Sugi Holdings","7649.T","2963822586","7.96492","Japan"
"4201","ScottsMiracle-Gro","SMG","2962829568","50.89","United States"
"4202","Schneider Electric Infrastructure","SCHNEIDER.NS","2959718887","12.3784","India"
"4203","Green Brick Partners","GRBK","2958705920","68.79","United States"
"4204","GÜBRETAŞ","GUBRF.IS","2957873575","8.85591","Turkey"
"4205","TGS ASA","TGS.OL","2957720164","15.0518","Norway"
"4206","TransMedics Group","TMDX","2957443072","85.29","United States"
"4207","Invincible Investment Corporation","8963.T","2951414447","385.985","Japan"
"4208","Paladin Energy","PDN.AX","2950954007","6.56704","Australia"
"4209","Columbia Sportswear","COLM","2948727808","57.6","United States"
"4210","SiriusPoint","SPNT","2948268032","25.38","Bermuda"
"4211","Zeon Corporation","4205.T","2946336275","15.398","Japan"
"4212","Groupe Lagardère","MMB.PA","2945176684","20.612","France"
"4213","Aktor","AKTR.AT","2941749762","11.2388","Greece"
"4214","Avista","AVA","2940561920","35.11","United States"
"4215","Perpetua Resources","PPTA","2938500352","23.49","United States"
"4216","Asyad Shipping Company","ASCO.OM","2936600410","0.563783","Oman"
"4217","Multiplan Empreendimentos Imobiliários","MULT3.SA","2934720268","5.999","Brazil"
"4218","Valiant Holding","VATN.SW","2934561085","186.174","Switzerland"
"4219","Curaleaf","CURLF","2932079104","11.07","United States"
"4220","Foxconn Technology Co., Ltd.","2354.TW","2931183893","2.07226","Taiwan"
"4221","SPS Commerce","SPSC","2926814464","81.3","United States"
"4222","Solvay","SOLB.VI","2926001292","28.0059","Belgium"
"4223","Hanwha Engine","082740.KS","2924078992","35.0502","South Korea"
"4224","BIPROGY","8056.T","2923071770","30.2546","Japan"
"4225","Dana Incorporated","DAN","2919631104","27.14","United States"
"4226","KB Home","KBH","2919008000","48.01","United States"
"4227","ABM Industries","ABM","2917834240","49.78","United States"
"4228","Power Integrations","POWI","2917703680","52.22","United States"
"4229","New India Assurance","NIACL.NS","2915890534","1.76935","India"
"4230","Unibel S.A.","UNBL.PA","2915692559","1370.66","France"
"4231","NetLink Trust","CJLU.SI","2910461551","0.746852","Singapore"
"4232","Crombie Real Estate Investment Trust","CRR-UN.TO","2909975399","10.9805","Canada"
"4233","ALSO Holding","ALSN.SW","2909402285","228.508","Switzerland"
"4234","OVH Groupe","OVH.PA","2908424625","19.2242","France"
"4235","Südzucker","SZU.F","2907945590","14.2418","Germany"
"4236","Netwealth","NWL.AX","2906065728","11.8361","Australia"
"4237","Redwire","RDW","2904914176","11.62","United States"
"4238","DMG Mori","6141.T","2903742948","18.6018","Japan"
"4239","Nifco Inc.","7988.T","2902765967","31.1208","Japan"
"4240","F&G Annuities & Life, Inc.","FG","2896286976","22.12","United States"
"4241","Keio Corporation","9008.T","2895503206","5.00188","Japan"
"4242","Fermi Inc.","FRMI","2894912256","4.52","United States"
"4243","Kingsoft Cloud","KC","2891910912","9.66","China"
"4244","ChronoScale","CHRN","2890903552","19.85","United States"
"4245","Outokumpu","OUT1V.HE","2890144403","6.13127","Finland"
"4246","Taiheiyo Cement","5233.T","2885076787","26.4775","Japan"
"4247","DIC Corporation","4631.T","2885046733","30.5985","Japan"
"4248","Central Bank of India","CENTRALBK.NS","2884491764","0.318679","India"
"4249","GCL Technology","3800.HK","2884253043","0.0911486","Hong Kong"
"4250","Penguin Solutions","PENG","2880864768","56.22","United States"
"4251","DNOW Inc.","DNOW","2879919360","15.93","United States"
"4252","Iljin Electric","103590.KS","2879265495","60.3907","South Korea"
"4253","SPACE42","SPACE42.AE","2878302695","0.6","United Arab Emirates"
"4254","Enerflex","EFXT","2877964800","23.57","Canada"
"4255","Bangkok Expressway and Metro (BEM)","BEM.BK","2876073394","0.192021","Thailand"
"4256","Tokai Carbon","5301.T","2875855889","14.2133","Japan"
"4257","Trigano","TRI.PA","2874532218","150.722","France"
"4258","Craftsman Automation","CRAFTSMAN.NS","2870203086","109.741","India"
"4259","Piramal Enterprises","PEL.NS","2868636868","12.7318","India"
"4260","NETSCOUT","NTCT","2867576320","39.44","United States"
"4261","Becle","CUERVO.MX","2866320007","0.798156","Mexico"
"4262","Neuland Laboratories","NEULANDLAB.NS","2865640349","223.357","India"
"4263","Olam","VC2.SI","2862182918","0.758583","Singapore"
"4264","Kalmar Oyj","KALMAR.HE","2862072057","44.7958","Finland"
"4265","Tootsie Roll Industries","TR","2859202816","38.04","United States"
"4266","Helios Towers","HTWS.L","2857930635","2.82064","United Kingdom"
"4267","Mivne Real Estate (K.D)","MVNE.TA","2855793991","3.94514","Israel"
"4268","Strive Asset Management, LLC","ASST","2855758080","29.44","United States"
"4269","California Water Service Group","CWT","2855111168","46.17","United States"
"4270","Cushman &amp; Wakefield","CWK","2854118656","12.16","United States"
"4271","CT REIT","CRT-UN.TO","2852947008","11.9344","Canada"
"4272","IHS Towers","IHS","2852212480","8.43","United Kingdom"
"4273","Piramal Pharma","PPLPHARMA.NS","2851709255","2.1522","India"
"4274","Banco di Desio e della Brianza","BDB.MI","2850539972","21.6813","Italy"
"4275","Seadrill","SDRL","2850013696","45.57","Bermuda"
"4276","Extreme Networks","EXTR","2844313344","21.52","United States"
"4277","Tofaş Türk Otomobil Fabrikası","TOASO.IS","2843078597","5.68616","Turkey"
"4278","Banc of California","BANC","2842195712","17.94","United States"
"4279","Tomra","TOM.OL","2839690218","9.60327","Norway"
"4280","Kemira","KEMIRA.HE","2839244056","19.611","Finland"
"4281","Csquare, Inc.","CSQR","2834444032","17.01","United States"
"4282","Select Water Solutions","WTTR","2831837696","19.84","United States"
"4283","Coface","COFA.PA","2829356417","18.9171","France"
"4284","Bank of Hawaii","BOH","2826620928","71.65","United States"
"4285","Seino Holdings","9076.T","2823944197","17.3661","Japan"
"4286","Toho Gas","9533.T","2822423103","7.98084","Japan"
"4287","Adeka Corporation","4401.T","2821552983","29.0954","Japan"
"4288","Pennon Group","PNN.L","2821478359","5.97794","United Kingdom"
"4289","Shikoku Electric Power Company","9507.T","2819744284","13.7929","Japan"
"4290","Elmos Semiconductor","ELG.DE","2818066908","164.259","Germany"
"4291","Fauji Fertilizer Company","FFC.PK","2818040195","1.9583","Pakistan"
"4292","Maravai LifeSciences","MRVI","2814718464","7.6","United States"
"4293","Dynex Capital","DX","2814212864","11.34","United States"
"4294","Quaker Houghton","KWR","2812598784","163.45","United States"
"4295","Agilysys","AGYS","2810424576","99.64","United States"
"4296","Adeia","ADEA","2809938176","25.48","United States"
"4297","TODA corp","1860.T","2808589043","9.4872","Japan"
"4298","Vodafone Qatar","VFQS.QA","2807935638","0.664286","Qatar"
"4299","Medacta Group","MOVE.SW","2806694711","140.713","Switzerland"
"4300","CDSL","CDSL.NS","2806552806","13.4285","India"
"4301","Danaos","DAC","2805897984","154.14","Greece"
"4302","Peab","PEAB-B.ST","2805231321","10.0378","Sweden"
"4303","Acadia Realty Trust","AKR","2805113344","19.24","United States"
"4304","Zai Lab","ZLAB","2804410112","24.98","China"
"4305","Krungthai Card","KTC.BK","2801702521","1.08663","Thailand"
"4306","ArcBest","ARCB","2797495552","125.16","United States"
"4307","Seek Limited","SEK.AX","2792835346","7.80187","Australia"
"4308","Bakkafrost","BAKKA.OL","2791956157","47.1433","Denmark"
"4309","Viscofan","VIS.MC","2791494277","61.5402","Spain"
"4310","National Mobile Telecommunications Company","OOREDOO.KW","2790931676","5568.92","Kuwait"
"4311","CarGurus","CARG","2787999744","31.3","United States"
"4312","SIA Engineering Company","S59.SI","2785083413","2.4869","Singapore"
"4313","Jungheinrich","JUN3.F","2784666058","27.3006","Germany"
"4314","Freshpet","FRPT","2783042816","57.91","United States"
"4315","Endeavour Silver","EXK","2780796672","9.39","Canada"
"4316","Hilton Grand Vacations","HGV","2780192768","35.77","United States"
"4317","Anritsu Corporation","6754.T","2779933716","21.7196","Japan"
"4318","American Eagle Outfitters","AEO","2778365696","16.58","United States"
"4319","National Beverage","FIZZ","2777565952","29.67","United States"
"4320","Graphic Packaging","GPK","2777151488","9.38","United States"
"4321","Precigen","PGEN","2774772992","7.75","United States"
"4322","Resideo Technologies","REZI","2774251520","18.27","United States"
"4323","MARAFIQ (The Power and Water Utility Company for Jubail and Yanbu)","2083.SR","2771931732","11.0877","Saudi Arabia"
"4324","West African Resources","WAF.AX","2771410051","2.42054","Australia"
"4325","Altius Minerals","ALS.TO","2771017243","47.1677","Canada"
"4326","Braze","BRZE","2768052480","24.37","United States"
"4327","Plug Power","PLUG","2766446592","1.98","United States"
"4328","ZF Commercial Vehicle Control Systems India","ZFCVINDIA.NS","2765761954","24.3025","India"
"4329","McGrath RentCorp","MGRC","2765718016","113.23","United States"
"4330","United Natural Foods","UNFI","2765538304","45.85","United States"
"4331","BioArctic AB","BIOA-B.ST","2763261174","31.1372","Sweden"
"4332","Soleno Therapeutics","SLNO","2762888960","53.01","United States"
"4333","Zealand Pharma","ZEAL.CO","2762188720","40.9582","Denmark"
"4334","Intapp","INTA","2762052352","36.1","United States"
"4335","Stanley Electric","6923.T","2760162424","22.4202","Japan"
"4336","Société Industrielle et Financière de l'Artois","ARTO.PA","2755568081","10351.5","France"
"4337","Maximus","MMS","2754542080","52.61","United States"
"4338","Clas Ohlson AB","CLAS-B.ST","2752510899","43.303","Sweden"
"4339","Mari Petroleum Company","MARI.PK","2752411562","2.29249","Pakistan"
"4340","AvePoint","AVPT","2750350592","13","United States"
"4341","Talos Energy","TALO","2749921280","16.47","United States"
"4342","Aktieselskabet Schouw & Co.","SCHO.CO","2747401166","123.24","Denmark"
"4343","Crane NXT","CXT","2746825472","47.72","United States"
"4344","The Marzetti Company","MZTI","2741926912","100.47","United States"
"4345","Grindr","GRND","2741151232","15.77","United States"
"4346","Urban Edge Properties","UE","2739973888","19.9","United States"
"4347","Ambu","AMBU-B.CO","2736568115","10.4906","Denmark"
"4348","International Petroleum","IPCO.TO","2734873832","24.4455","Canada"
"4349","Gulfport Energy","GPOR","2734279168","154.62","United States"
"4350","Röko AB","ROKO-B.ST","2733278240","186.903","Sweden"
"4351","Charoen Pokphand Indonesia","CPIN.JK","2728437465","0.166388","Indonesia"
"4352","Bufab AB","BUFAB.ST","2726374661","14.3741","Sweden"
"4353","atai Life Sciences","ATAI","2725855232","7.35","Germany"
"4354","Ahli Bank","ABQK.QA","2725661460","1.06841","Qatar"
"4355","Y.H. Dimri Construction &amp; Development","DIMRI.TA","2722154090","118.159","Israel"
"4356","Siltronic","WAF.F","2721533274","82.4707","Germany"
"4357","Al Ahli Bank of Kuwait","ABK.KW","2716674821","994.798","Kuwait"
"4358","Electra","ELTR.TA","2715418328","35.5095","Israel"
"4359","MITSUI E&amp;S","7003.T","2714480786","26.8979","Japan"
"4360","Perfect World Entertainment","002624.SZ","2713627285","1.3988","China"
"4361","Bank of Bahrain and Kuwait","BBK.BH","2713558979","2.12523","Bahrain"
"4362","Workman","7564.T","2713489195","33.2482","Japan"
"4363","Cosan","CSAN","2712093184","2.75","Brazil"
"4364","Cellebrite","CLBT","2711970048","10.79","Israel"
"4365","Aveanna Healthcare","AVAH","2708987392","12.41","United States"
"4366","Sundrug","9989.T","2706981762","23.14","Japan"
"4367","REN (Redes Energéticas Nacionais)","RENE.LS","2705000584","4.07803","Portugal"
"4368","Freddie Mac","FMCC","2704247808","4.16","United States"
"4369","Boralex","BLX.TO","2703859084","26.3136","Canada"
"4370","Rasan Information Technology Company","8313.SR","2702844127","34.8723","Saudi Arabia"
"4371","Sendas Distribuidora (Assaí Atacadista)","ASAI3.SA","2702663435","2.02346","Brazil"
"4372","Gav-Yam Lands","GVYM.TA","2702138286","12.2492","Israel"
"4373","Jenoptik","JEN.F","2702060850","47.2074","Germany"
"4374","Vector Limited","VCT.NZ","2699490651","2.69949","New Zealand"
"4375","Wingstop Restaurants","WING","2698918912","99.07","United States"
"4376","Slide Insurance","SLDE","2698350848","23.1","United States"
"4377","Enea","ENA.WA","2696207189","5.08977","Poland"
"4378","Dialog Group","7277.KL","2694889746","0.47759","Malaysia"
"4379","H.B. Fuller","FUL","2694685696","50.06","United States"
"4380","Liftoff Mobile","LFTO","2694064384","15.91","United States"
"4381","Doosan Fuel Cell","336260.KS","2694052392","34.1675","South Korea"
"4382","Gabriel India","GABRIEL.NS","2693539901","14.0556","India"
"4383","Hawkins","HWKN","2693516288","129.03","United States"
"4384","Colbún","COLBUN.SN","2692592149","0.153545","Chile"
"4385","Leroy Seafood","LSG.OL","2692023751","4.52079","Norway"
"4386","Astra Industrial Group Company","1212.SR","2691744269","33.6468","Saudi Arabia"
"4387","Boise Cascade","BCC","2691518976","77.14","United States"
"4388","Ocado","OCDO.L","2691499759","3.22093","United Kingdom"
"4389","Teradata","TDC","2691420160","28.94","United States"
"4390","CCC S.A.","CCC.WA","2691198839","34.9389","Poland"
"4391","Al Rajhi Company for Cooperative Insurance","8230.SR","2690678449","13.4534","Saudi Arabia"
"4392","Alps Alpine Co., Ltd.","6770.T","2689187392","13.9171","Japan"
"4393","Oppein Home Group","603833.SS","2687459075","4.43675","China"
"4394","SoundHound AI","SOUN","2686878720","6.05","United States"
"4395","Sharp Corporation","6753.T","2686540088","4.13755","Japan"
"4396","BBVA Argentina","BBAR","2685712384","13.15","Argentina"
"4397","Trustmark","TRMK","2680710656","46.04","United States"
"4398","NBT Bancorp","NBTB","2679580160","51.57","United States"
"4399","Garden Reach Shipbuilders & Engineers Limited","GRSE.NS","2679483524","23.391","India"
"4400","Hayward Holdings, Inc.","HAYW","2679070464","12.63","United States"
"4401","Dream Industrial REIT","DIR-UN.TO","2674738964","9.06201","Canada"
"4402","Ninety One Group","N91.L","2673506567","2.79147","South Africa"
"4403","WD-40 Company","WDFC","2673079552","199.17","United States"
"4404","Five9","FIVN","2672860672","35.77","United States"
"4405","ManpowerGroup","MAN","2669884672","57.41","United States"
"4406","Santam","SNT.JO","2669111800","24.4343","South Africa"
"4407","Anima Holding","ANIM.MI","2667279971","8.20157","Italy"
"4408","Hammerson Plc","HMSO.L","2665948283","4.57028","United Kingdom"
"4409","Premium Brands","PBH.TO","2663657803","51.2351","Canada"
"4410","Dah Sing Banking Group","2356.HK","2654043137","1.88799","Hong Kong"
"4411","Brookdale Senior Living","BKD","2653259520","11.11","United States"
"4412","uniQure","QURE","2651878144","38.23","Netherlands"
"4413","IIFL Finance","IIFL.NS","2650140307","6.23138","India"
"4414","Harley-Davidson","HOG","2648645376","25.45","United States"
"4415","Navios Maritime Partners","NMM","2647000320","91.51","Monaco"
"4416","Stella-Jones","SJ.TO","2645901806","48.4885","Canada"
"4417","Derwent London","DLN.L","2644638702","24.0973","United Kingdom"
"4418","MGE Energy","MGEE","2644521216","70.06","United States"
"4419","Pacific Basin Shipping","2343.HK","2644211636","0.513109","Hong Kong"
"4420","NewAmsterdam Pharma Company","NAMS","2639691776","22.58","Netherlands"
"4421","GeneDx Holdings","WGS","2636312576","88.4","United States"
"4422","Shurgard Self Storage","SHUR.BR","2636008134","26.1062","Luxembourg"
"4423","FB Financial","FBK","2635846912","52.74","United States"
"4424","The Navigator Company","NVG.LS","2635688972","3.70606","Portugal"
"4425","KWS","KWS.F","2635194793","79.8544","Germany"
"4426","First Pacific Company","0142.HK","2635187656","0.618281","Hong Kong"
"4427","Jollibee","JBFCF","2633646592","2.35","Philippines"
"4428","First Bancorp","FBNC","2628825344","63.5","United States"
"4429","AMC Entertainment","AMC","2624257536","2.94","United States"
"4430","Alfresa Holdings Corporation","2784.T","2621078601","14.9426","Japan"
"4431","Omantel (Oman Telecom)","OTEL.OM","2620810575","3.49441","Oman"
"4432","Alarm.com","ALRM","2620436480","53.38","United States"
"4433","Ardagh Metal Packaging","AMBP","2617953792","4.38","Luxembourg"
"4434","Acadia Healthcare","ACHC","2615186688","28.09","United States"
"4435","Penta-Ocean Construction","1893.T","2613743625","9.66873","Japan"
"4436","Isrotel","ISRO.TA","2613199473","43.491","Israel"
"4437","Hanmi Pharmaceutical","008930.KS","2611410158","38.5442","South Korea"
"4438","Guardian Pharmacy Services","GRDN","2610336256","41.21","United States"
"4439","Sankyu","9065.T","2607834988","52.006","Japan"
"4440","H2O America","HTO","2606423296","62.27","United States"
"4441","Frasers Logistics &amp; Industrial Trust","BUOU.SI","2606188322","0.684289","Singapore"
"4442","Securitize Corp.","SECZ","2605720320","15.96","United States"
"4443","Customers Bancorp","CUBI","2603379456","77.06","United States"
"4444","Fuyo General Lease","8424.T","2602611969","28.8533","Japan"
"4445","Keikyu Corporation","9006.T","2602319563","9.87573","Japan"
"4446","Vaudoise Assurances","VAHN.SW","2601435046","892.385","Switzerland"
"4447","Redefine Properties","RDF.JO","2601173200","0.372769","South Africa"
"4448","LEW (Lechwerke)","LEC.F","2600590677","73.3705","Germany"
"4449","Ducommun","DCO","2599426816","172.15","United States"
"4450","Hatsun Agro Products","HATSUN.NS","2597608413","11.6616","India"
"4451","KCC Corp","002380.KS","2596582559","353.076","South Korea"
"4452","Nisshinbo Holdings","3105.T","2593195925","16.5986","Japan"
"4453","Dätwyler","DAE.SW","2592485760","152.499","Switzerland"
"4454","Almirall","ALM.MC","2589185558","11.8985","Spain"
"4455","Seven Bank","8410.T","2582969870","2.21145","Japan"
"4456","MBX Biosciences","MBX","2582825984","53.63","United States"
"4457","Vale Indonesia","INCO.JK","2580692932","0.244853","Indonesia"
"4458","MINISO Group","MNSO","2580449792","8.78","China"
"4459","Appian","APPN","2579309824","36.01","United States"
"4460","Mr Price Group","MRP.JO","2579084700","10.0313","South Africa"
"4461","Callaway Golf Company","CALY","2577691904","14.44","United States"
"4462","Mabuchi Motor","6592.T","2577510590","10.9267","Japan"
"4463","Rémy Cointreau","RCO.PA","2575357041","49.1796","France"
"4464","Gulf Navigation Holding","GULFNAV.AE","2573409983","0.822261","United Arab Emirates"
"4465","Megacable Holdings","MEGACPO.MX","2570692419","2.96608","Mexico"
"4466","Amber Enterprises India","AMBER.NS","2568201872","72.8201","India"
"4467","Apollo Tyres","APOLLOTYRE.NS","2567493360","4.05876","India"
"4468","Artisan Partners","APAM","2567230976","36.16","United States"
"4469","Diamondrock Hospitality Company","DRH","2565309952","12.49","United States"
"4470","NRW Holdings Limited","NWH.AX","2562802292","5.57777","Australia"
"4471","Structure Therapeutics","GPCR","2562163200","35.93","United States"
"4472","Prime Focus","PFOCUS.NS","2557240857","3.28368","India"
"4473","First Merchants Corporation","FRME","2556645888","40.71","United States"
"4474","Toyota Boshoku Corporation","3116.T","2556410429","14.3088","Japan"
"4475","Titan America","TTAM","2553570816","13.85","United States"
"4476","GoTo","GOTO.JK","2551027976","0.00239288","Indonesia"
"4477","Empresas CMPC","CMPC.SN","2550383608","1.02015","Chile"
"4478","Enerjisa Enerji","ENJSA.IS","2546436089","2.15604","Turkey"
"4479","Axogen","AXGN","2545756928","43.39","United States"
"4480","Okinawa Cellular Telephone Company","9436.T","2543567542","27.8024","Japan"
"4481","OEM International","OEM-B.ST","2542965031","18.329","Sweden"
"4482","Hyperliquid Strategies","PURR","2542213120","12.85","United States"
"4483","Trump Media &amp; Technology Group","DJT","2540383488","9.14","United States"
"4484","Hesai Group","HSAI","2538492418","16.25","China"
"4485","UACJ Corporation","5741.T","2538412355","14.019","Japan"
"4486","Sanki Engineering","1961.T","2534501718","16.5731","Japan"
"4487","Aecon Group","ARE.TO","2532465669","36.9544","Canada"
"4488","Odfjell Drilling","0QHX.IL","2530419430","10.6867","United Kingdom"
"4489","SENKO Group Holdings","9069.T","2529924245","15.1114","Japan"
"4490","Banner Bank","BANR","2529222656","69.03","United States"
"4491","SWCC Corporation","5805.T","2528767981","85.3498","Japan"
"4492","Kyndryl","KD","2526691840","11.6","United States"
"4493","Exxaro Resources","EXX.JO","2525181000","10.7848","South Africa"
"4494","Corem Property Group AB","CORE-PREF.ST","2520842004","23.2877","Sweden"
"4495","Advance Auto Parts","AAP","2520492032","41.73","United States"
"4496","Himax Technologies","HIMX","2518710272","14.44","Taiwan"
"4497","Privia Health Group","PRVA","2517641216","19.71","United States"
"4498","Verallia","VRLA.PA","2513854408","20.157","France"
"4499","Huron Consulting","HURN","2513473024","157.98","United States"
"4500","Bavarian Nordic","BAVA.CO","2511314283","33.3508","Denmark"
"4501","Rigaku Holdings Corporation","268A.T","2510199914","11.0827","Japan"
"4502","Ingevity","NGVT","2509588224","73","United States"
"4503","Silvercorp Metals","SVM","2508479488","11.34","Canada"
"4504","Beam Therapeutics","BEAM","2506791680","24.27","United States"
"4505","Disc Medicine","IRON","2504749056","65.24","United States"
"4506","Intuitive Machines","LUNR","2504660480","15.61","United States"
"4507","Butterfly Network","BFLY","2500418048","9.39","United States"
"4508","Greggs","GRG.L","2500089847","24.5215","United Kingdom"
"4509","SJVN","SJVN.NS","2499773963","0.636108","India"
"4510","ChipMOS Technologies","IMOS","2495855360","71.78","Taiwan"
"4511","Opendoor","OPEN","2495704064","2.57","United States"
"4512","PagSeguro","PAGS","2494596608","9.05","Brazil"
"4513","Kaiser Aluminum","KALU","2494054144","152.55","United States"
"4514","ReNew Energy Global","RNW","2493598208","6.84","India"
"4515","Hacksaw AB","HACK.ST","2493579427","8.62245","Sweden"
"4516","Meliá Hotels International","MEL.MC","2492313250","11.3127","Spain"
"4517","Timken India","TIMKEN.NS","2492272040","33.1337","India"
"4518","Financière Moncey Société anonyme","FMONC.PA","2491799270","133.659","France"
"4519","Nokian Tyres","TYRES.HE","2489951562","18.0526","Finland"
"4520","SeABank (Southeast Asia Commercial Joint Stock Bank)","SSB.VN","2488368140","0.725726","Vietnam"
"4521","Hanon Systems","018880.KS","2487346827","2.42372","South Korea"
"4522","Metro Brands","METROBRAND.NS","2485254179","9.1171","India"
"4523","CapitaLand Ascott Trust","HMN.SI","2484893932","0.645187","Singapore"
"4524","First Busey","BUSE","2484740864","30.09","United States"
"4525","Vaisala","VAIAS.HE","2484649267","68.4791","Finland"
"4526","Supernus Pharmaceuticals","SUPN","2483842048","42.66","United States"
"4527","NeoGenomics","NEO","2483430144","19.33","United States"
"4528","Northern Oil and Gas","NOG","2481529344","23.29","United States"
"4529","Kotobuki Spirits","2222.T","2480749185","16.0636","Japan"
"4530","Tekscend Photomask","429A.T","2480716417","24.968","Japan"
"4531","Asahi India Glass","ASAHIINDIA.NS","2479292512","9.72549","India"
"4532","Grafton Group","GFTU.L","2477424835","13.2973","Ireland"
"4533","Telesat","TSAT","2476902912","48.21","Canada"
"4534","Carborundum Universal","CARBORUNIV.NS","2476431158","12.9993","India"
"4535","Bank Mega","MEGA.JK","2476243559","0.105454","Indonesia"
"4536","Central Garden &amp; Pet","CENT","2473033472","39.51","United States"
"4537","ASBISc Enterprises","ASB.WA","2470095255","44.5062","Cyprus"
"4538","AUB Group","AUB.AX","2466523805","18.8802","Australia"
"4539","Indian Telephone Industries","ITI.NS","2465559071","2.56068","India"
"4540","OQ Gas Network Company","OQGN.OM","2464033851","0.568979","Oman"
"4541","Rogers Corporation","ROG","2461541888","137.76","United States"
"4542","Ratch Group","RATCH.BK","2460553889","1.13129","Thailand"
"4543","Lincoln International, Inc.","LCLN","2458649600","23.37","United States"
"4544","Autohome","ATHM","2456595456","21.33","China"
"4545","Vietnam Airlines","HVN.VN","2455752396","0.789251","Vietnam"
"4546","Euronet Worldwide","EEFT","2454050048","65.61","United States"
"4547","Bet Shemesh Engines","BSEN.TA","2448097826","256.385","Israel"
"4548","Capital Tankers Corp.","CAPT.OL","2448092769","18.2452","Greece"
"4549","Kalpataru Projects International","KPIL.NS","2447283204","14.3307","India"
"4550","Celldex Therapeutics","CLDX","2442268672","31.1","United States"
"4551","Stock Yards Bancorp","SYBT","2440906240","78.57","United States"
"4552","Munters Group AB","MTRS.ST","2440638425","13.3703","Sweden"
"4553","Dallah Healthcare","4004.SR","2440262343","20.0202","Saudi Arabia"
"4554","Asker Healthcare Group AB","ASKER.ST","2439549090","6.36897","Sweden"
"4555","The Chugoku Electric Power","9504.T","2438003707","6.78021","Japan"
"4556","Four Corners Property Trust","FCPT","2436592384","22.2","United States"
"4557","Home Product Center","HMPRO.BK","2436403707","0.189044","Thailand"
"4558","Taiba Investments","4090.SR","2436263131","4.87253","Saudi Arabia"
"4559","McGraw Hill","MH","2435361024","12.73","United States"
"4560","Kojamo","KOJAMO.HE","2433839402","10.1349","Finland"
"4561","Nippon Shokubai","4114.T","2432634590","16.4617","Japan"
"4562","Skyward Specialty Insurance Group","SKWD","2432039680","54.78","United States"
"4563","Immunome","IMNM","2431697152","21.41","United States"
"4564","Innospec","IOSP","2431577088","98.72","United States"
"4565","TKH Group","TWEKA.AS","2431415771","60.9146","Netherlands"
"4566","AWL Agri Business","AWL.NS","2431292631","1.88207","India"
"4567","Payoneer","PAYO","2429560576","7.17","United States"
"4568","Indah Kiat Pulp &amp; Paper","INKP.JK","2427996225","0.443795","Indonesia"
"4569","Arteche Lantegi Elkartea, S.A.","ART.MC","2427652941","41.861","Spain"
"4570","NextNav","NN","2427486464","14.38","United States"
"4571","Fuji Oil Holdings","2607.T","2427209747","28.2291","Japan"
"4572","Maruichi Steel Tube","5463.T","2426366759","10.9904","Japan"
"4573","Jamjoom Pharmaceuticals Factory Company","4015.SR","2426139616","34.6591","Saudi Arabia"
"4574","HUTCHMED","HCM","2422969600","13.94","Hong Kong"
"4575","Nickel Industries Limited","NIC.AX","2421833457","0.557777","Australia"
"4576","Dai-Dan","1980.T","2421084883","18.7133","Japan"
"4577","Granules India","GRANULES.NS","2419468295","8.86967","India"
"4578","Grenergy Renovables","GRE.MC","2417946432","85.997","Spain"
"4579","Solaria Energía","SLR.MC","2416983847","18.3597","Spain"
"4580","Visteon","VC","2414868480","90.46","United States"
"4581","Metaplanet Inc.","3350.T","2411327178","1.7898","Japan"
"4582","Resorttrust","4681.T","2410897440","11.3534","Japan"
"4583","John Wiley &amp; Sons","WLY","2410020864","47.55","United States"
"4584","Exail Technologies","EXA.PA","2409361507","141.963","France"
"4585","EMSTEEL Building Materials PJSC","EMSTEEL.AE","2405930039","0.35","United Arab Emirates"
"4586","Österreichische Post","POST.VI","2405184289","35.6046","Austria"
"4587","Aether Industries","AETHER.NS","2404836712","18.1186","India"
"4588","Blue Zones Holdings","417A.T","2403668281","11.898","Japan"
"4589","Harmony Biosciences","HRMY","2402833408","41.26","United States"
"4590","Denison Mines","DNN","2398932736","2.65","Canada"
"4591","Toei Company","9605.T","2395980374","38.3437","Japan"
"4592","VGP NV","VGP.BR","2395767968","78.9444","Belgium"
"4593","Zain Saudi Arabia","7030.SR","2394248769","2.66404","Saudi Arabia"
"4594","Merchants Bancorp","MBIN","2393373696","52.1","United States"
"4595","JEOL Ltd.","6951.T","2393169857","49.1398","Japan"
"4596","Immofinanz","IMO1.F","2391907147","17.3359","Austria"
"4597","TAG Immobilien","TEG.F","2391628899","12.5697","Germany"
"4598","Chicony Electronics","2385.TW","2391456530","3.28606","Taiwan"
"4599","Nurix Therapeutics","NRIX","2388016384","23.01","United States"
"4600","BKV Corporation","BKV","2386839040","21.81","United States"
"4601","Cementir","CEM.MI","2386491572","15.3452","Italy"
"4602","Clover Health Investments","CLOV","2384891392","4.49","United States"
"4603","GMO internet group","9449.T","2384775042","25.4266","Japan"
"4604","CMC Markets Plc","CMCX.L","2384453477","8.84099","United Kingdom"
"4605","XD Inc.","2400.HK","2383428705","5.03548","China"
"4606","AMS-Osram","AMS.SW","2382307021","23.9332","Austria"
"4607","InvenTrust Properties","IVT","2380681472","30.53","United States"
"4608","Nojima Corporation","7419.T","2379895772","8.12734","Japan"
"4609","Innodata","INOD","2379623424","69.21","United States"
"4610","Saudi International Petrochemical Company (Sipchem)","2310.SR","2379518795","3.2448","Saudi Arabia"
"4611","Itaú CorpBanca","ITCLY","2378989568","3.1","Chile"
"4612","TORIDOLL Holdings Corporation","3397.T","2377486400","27.038","Japan"
"4613","Graubündner Kantonalbank","GRKP.SW","2376813126","3211.14","Switzerland"
"4614","Shake Shack","SHAK","2376513280","55.55","United States"
"4615","Socionext","6526.T","2376436578","13.5572","Japan"
"4616","ID Logistics Group","IDL.PA","2376411882","363.44","France"
"4617","Boardwalk Real Estate Investment Trust","BEI-UN.TO","2375882013","43.5937","Canada"
"4618","ACC","ACC.NS","2373995739","12.6419","India"
"4619","Bure Equity AB","BURE.ST","2373619731","31.8599","Sweden"
"4620","V2X","VVX","2371276288","75.65","United States"
"4621","VusionGroup","VU.PA","2371060518","140.826","France"
"4622","Tiger Brands","TBS.JO","2370402600","16.2145","South Africa"
"4623","Kennametal","KMT","2370382848","31.03","United States"
"4624","AF Gruppen","AFG.OL","2369763586","20.8895","Norway"
"4625","Philip Morris ČR","TABAK.PR","2369480552","863.077","Czech Republic"
"4626","Al Moammar Information Systems","7200.SR","2367264458","78.9088","Saudi Arabia"
"4627","Meshek Energy - Renewable Energies","MSKE.TA","2364364245","3.19358","Israel"
"4628","DO &amp; CO Aktiengesellschaft","DOC.VI","2363861010","215.22","Austria"
"4629","Beacon Financial Corporation","BBT","2362775552","28.19","United States"
"4630","ULVAC, Inc.","6728.T","2361893524","48.0315","Japan"
"4631","Ströer","SAX.F","2361655845","42.3388","Germany"
"4632","ePlus","PLUS","2361443840","90.51","United States"
"4633","Bilfinger","GBF.F","2359419231","63.8721","Germany"
"4634","Hanwa Co., Ltd.","8078.T","2357548974","12.2674","Japan"
"4635","Trulieve Cannabis","TRLV","2351221248","12.21","United States"
"4636","Calbee, Inc.","2229.T","2351199745","19.3375","Japan"
"4637","Kokuyo","7984.T","2350942403","5.67258","Japan"
"4638","Restoration Hardware","RH","2350930432","124.17","United States"
"4639","GN Store Nord","GN.CO","2350608342","16.1429","Denmark"
"4640","Altarea","ALTA.PA","2349594783","94.9835","France"
"4641","Hammond Power Solutions","HPS-A.TO","2347854913","197.217","Canada"
"4642","Force Motors","FORCEMOT.NS","2347266212","178.144","India"
"4643","Keel Infrastructure","KEEL","2346778112","3.8","United States"
"4644","Kaneka Corporation","4118.T","2346437771","39.0889","Japan"
"4645","Técnicas Reunidas","TRE.MC","2345258276","30.1217","Spain"
"4646","Vera Therapeutics","VERA","2344941056","32.54","United States"
"4647","SELLAS Life Sciences","SLS","2344589568","11.61","United States"
"4648","The Bank of Nagoya","8522.T","2343889397","47.643","Japan"
"4649","Bangchak Corporation","BCP.BK","2341017025","1.60018","Thailand"
"4650","PT XLSMART Telecom Sejahtera Tbk","EXCL.JK","2339548461","0.128548","Indonesia"
"4651","Kayne Anderson Capital Advisors","KYN","2339013120","13.83","United States"
"4652","Rakus Co., Ltd.","3923.T","2336655647","6.59868","Japan"
"4653","Catena AB","CATE.ST","2333976885","35.1523","Sweden"
"4654","Coty","COTY","2333819136","2.65","United States"
"4655","Compagnie Financière Tradition","CFT.SW","2331288982","306.682","Switzerland"
"4656","Procter &amp; Gamble India","PGHH.NS","2329469628","71.7627","India"
"4657","Snowline Gold Corp.","SGD.TO","2329111293","12.3605","Canada"
"4658","Makino Milling Machine","6135.T","2328937058","99.9994","Japan"
"4659","Rengo Co., Ltd.","3941.T","2328598527","9.69102","Japan"
"4660","SSI Securities Corporation","SSI.VN","2328349322","0.775776","Vietnam"
"4661","Meitetsu","9048.T","2327938997","11.8694","Japan"
"4662","nLIGHT","LASR","2326645760","40.33","United States"
"4663","Şişecam","SISE.IS","2326566424","0.777482","Turkey"
"4664","OneSpaWorld","OSW","2326350592","22.92","Bahamas"
"4665","Carmila","CARM.PA","2326093512","16.7899","France"
"4666","CA Immo","BZY.F","2325301284","25.5375","Austria"
"4667","B.F. S.p.A.","BFG.MI","2322989101","8.87271","Italy"
"4668","Federal Agricultural Mortgage Corporation","AGM","2322695424","214.01","United States"
"4669","Bank Danamon","BDMN.JK","2322374455","0.237618","Indonesia"
"4670","Daicel Corporation","4202.T","2320750120","9.08274","Japan"
"4671","WaFd Bank","WAFD","2320261120","31.35","United States"
"4672","Viridian Therapeutics","VRDN","2319092736","20.47","United States"
"4673","Sinfonia Technology","6507.T","2318343461","82.1651","Japan"
"4674","Bank of N. T. Butterfield & Son","NTB","2318308352","58.95","Bermuda"
"4675","Upstart","UPST","2317023744","23.81","United States"
"4676","Bossard Holding","BOSN.SW","2317007287","300.669","Switzerland"
"4677","Kusuri No Aoki Holdings","3549.T","2315390395","24.382","Japan"
"4678","LTC Properties","LTC","2314704896","42.94","United States"
"4679","The Ogaki Kyoritsu Bank","8361.T","2313210606","56.3054","Japan"
"4680","Newell Brands","NWL","2312636928","5.43","United States"
"4681","Haw Par","H02.SI","2311148271","10.4403","Singapore"
"4682","Grupo Aeromexico","AERO","2308191744","15.82","Mexico"
"4683","Burgan Bank","BURG.KW","2303715850","588.427","Kuwait"
"4684","Protolabs","PRLB","2302482432","96.25","United States"
"4685","OSB Group Plc","OSB.L","2301752794","6.83951","United Kingdom"
"4686","Veridis Environment","VRDS.TA","2293151446","14.9368","Israel"
"4687","UFP Technologies","UFPT","2290042880","295.65","United States"
"4688","Barwa Real Estate Company","BRES.QA","2287710738","0.587912","Qatar"
"4689","MVV Energie","MVV1.F","2286608185","34.6946","Germany"
"4690","Mineralys Therapeutics","MLYS","2286202112","25.86","United States"
"4691","Dorian LPG","LPG","2285878528","53.43","United States"
"4692","Morinaga Milk Industry","2264.T","2284224261","7.07639","Japan"
"4693","Ito En, Ltd.","2593.T","2284041221","19.8215","Japan"
"4694","TietoEVRY","TIETO.HE","2283543815","20.8167","Finland"
"4695","Fairfax India Holdings","FIH-U.TO","2281719552","17","Canada"
"4696","Electrolux","ELUX-A.ST","2280753835","2.81058","Sweden"
"4697","Cyfrowy Polsat","CPS.WA","2280707272","4.14144","Poland"
"4698","LiveRamp","RAMP","2279811840","37.5","United States"
"4699","Anant Raj","ANANTRAJ.NS","2279270648","6.33347","India"
"4700","Savills","SVS.L","2279189240","13.7117","United Kingdom"
"4701","Korea Gas","036460.KS","2279016891","26.1129","South Korea"
"4702","Alamar Biosciences","ALMR","2276082688","32.8","United States"
"4703","The Andersons, Inc.","ANDE","2275343872","66.97","United States"
"4704","PHINIA","PHIN","2273027072","62.04","United States"
"4705","Pluxee","PLX.PA","2272481447","16.5396","France"
"4706","Pakistan Petroleum","PPL.PK","2268954377","0.833878","Pakistan"
"4707","HBL","HBLENGINE.NS","2268759388","8.18471","India"
"4708","Ebos Group","EBO.NZ","2268133539","10.9564","New Zealand"
"4709","Cadeler A/S","CDLR","2268037632","23.51","Denmark"
"4710","Helios Technologies","HLIO","2261727488","68.64","United States"
"4711","Maple Leaf Foods","MFI.TO","2259824579","18.117","Canada"
"4712","Nippon Electric Glass","5214.T","2258801256","30.968","Japan"
"4713","Ceconomy","CEC.DE","2257484145","4.65249","Germany"
"4714","Eutelsat","ETL.PA","2256896781","1.91616","France"
"4715","NBCC India","NBCC.NS","2256141369","0.835608","India"
"4716","Inter &amp; Co","INTR","2256133888","5.11","Brazil"
"4717","Sumitomo Chemical
 India","SUMICHEM.NS","2255489866","4.5187","India"
"4718","PC Connection","CNXN","2254267136","89.32","United States"
"4719","Headwater Exploration","HWX.TO","2253692549","9.47874","Canada"
"4720","OC Oerlikon","OERL.SW","2249496172","6.89133","Switzerland"
"4721","Proximus","PROX.VI","2249088359","6.96167","Belgium"
"4722","Suzuken Co., Ltd.","9987.T","2248134610","33.7132","Japan"
"4723","Pharvaris","PHVS","2247948288","32.02","Netherlands"
"4724","Tradegate Exchange","T2G.F","2246247199","92.1397","Germany"
"4725","Pitney Bowes","PBI","2245537536","16.38","United States"
"4726","Shriram Pistons &amp; Rings","SHRIPISTON.NS","2244797851","48.3936","India"
"4727","TOMY Company","7867.T","2244237748","26.1081","Japan"
"4728","Visional, Inc.","4194.T","2243517483","55.4137","Japan"
"4729","Finolex Cables","FINCABLES.NS","2243503380","14.6692","India"
"4730","Pan Ocean","028670.KS","2241332196","4.19278","South Korea"
"4731","Northwest Bancshares","NWBI","2241330688","15.31","United States"
"4732","Wihlborgs Fastigheter AB","WIHL.ST","2240352011","7.28743","Sweden"
"4733","Emaar The Economic City","4220.SR","2236903260","2.5335","Saudi Arabia"
"4734","Premier Foods","PFD.L","2235147122","2.59398","United Kingdom"
"4735","GOL Airlines","GOLL54.SA","2234758186","1.85711","Brazil"
"4736","Kitron ASA","KIT.OL","2233681121","10.2133","Norway"
"4737","FIGS","FIGS","2229602048","13.42","United States"
"4738","City Union Bank","CUB.NS","2229400407","2.25013","India"
"4739","Energisa S.A.","ENGI3.SA","2229212441","2.28608","Brazil"
"4740","Boyd Group","BYD.TO","2227309252","80.0325","Canada"
"4741","Hornbach Baumarkt","HBM.HM","2225137901","69.9579","Germany"
"4742","Day One Biopharmaceuticals","DAWN","2224784640","21.53","United States"
"4743","The Metals Company","TMC","2223739136","3.93","Canada"
"4744","The Kiyo Bank","8370.T","2223679612","34.5221","Japan"
"4745","Trinity Industries","TRN","2223575296","27.91","United States"
"4746","Nissui Corporation","1332.T","2220437897","7.32161","Japan"
"4747","Hufvudstaden AB","HUFV-A.ST","2219567269","11.423","Sweden"
"4748","nib holdings limited","NHF.AX","2219368405","4.5394","Australia"
"4749","Investis Holding","IREN.SW","2219157981","173.787","Switzerland"
"4750","Dr. Soliman Abdel Kader Fakeeh","4017.SR","2218078186","9.64382","Saudi Arabia"
"4751","AEON Financial Service","8570.T","2217267561","10.2706","Japan"
"4752","The Keiyo Bank","8544.T","2216404328","19.089","Japan"
"4753","SoftwareONE","SWON.SW","2216286186","10.3189","Switzerland"
"4754","Shinsegae","004170.KS","2215331255","252.67","South Korea"
"4755","Sinda Ltd.","SIND","2213544704","13.94","Mexico"
"4756","Grindwell Norton","GRINDWELL.NS","2212554534","19.9833","India"
"4757","Kumho Petrochemical","011780.KS","2212341285","87.0921","South Korea"
"4758","Alpha Metallurgical Resources","AMR","2211605760","174.43","United States"
"4759","Partner Communications","PTNR.TA","2211447284","11.78","Israel"
"4760","Metcash","MTS.AX","2210893223","2.0104","Australia"
"4761","Hilltop Holdings","HTH","2208964352","38.56","United States"
"4762","Prestige Consumer Healthcare","PBH","2208126464","46.61","United States"
"4763","Dermapharm","DMP.F","2206259394","44.5342","Germany"
"4764","Sunshine Silver Mining & Refining Company","SSMR","2206203392","15.35","United States"
"4765","Enterprise Financial Services Corp","EFSC","2205210368","60.93","United States"
"4766","Mitchells &amp; Butlers plc","MAB.L","2204303880","3.71136","United Kingdom"
"4767","Deepak Nitrite","DEEPAKNTR.NS","2203545638","16.1558","India"
"4768","Patrick Industries","PATK","2199779840","68.49","United States"
"4769","create restaurants holdings","3387.T","2197538430","4.87258","Japan"
"4770","Nankai Electric Railway","9044.T","2197059644","20.3056","Japan"
"4771","OFG Bancorp","OFG","2195269888","51.94","United States"
"4772","BioCryst Pharmaceuticals","BCRX","2195046656","8.59","United States"
"4773","Kardex Holding","KARN.SW","2190379533","283.831","Switzerland"
"4774","DRDGOLD","DRD","2190135296","25.21","South Africa"
"4775","Doha Bank","DHBK.QA","2189917757","0.706319","Qatar"
"4776","Badger Infrastructure Solutions","BDGI.TO","2187942787","65.0021","Canada"
"4777","Aurinia Pharmaceuticals","AUPH","2187361280","16.44","Canada"
"4778","China Railway Materials","000927.SZ","2185808515","0.36127","China"
"4779","Pinnacle Investment Management Group","PNI.AX","2184470825","9.06476","Australia"
"4780","Chennai Petroleum","CHENNPETRO.NS","2184416349","14.6692","India"
"4781","Big Yellow Group","BYG.L","2184239111","11.1407","United Kingdom"
"4782","Webuild S.p.A.","WBD.MI","2183208766","2.20794","Italy"
"4783","Lucky Cement","LUCK.PK","2181759576","1.48926","Pakistan"
"4784","Applied Aerospace &amp; Defense","AADX","2179054080","12.64","United States"
"4785","Efes Beverage Group","AEFES.IS","2178448888","0.367916","Turkey"
"4786","Buckle","BKE","2177430528","42.27","United States"
"4787","Chagee","CHA","2176609536","11.41","China"
"4788","Chemours","CC","2176215552","14.46","United States"
"4789","HCI Group","HCI","2176055296","174.94","United States"
"4790","Thule Group AB","THULE.ST","2173571576","20.1559","Sweden"
"4791","Samsonite International","1SO.F","2171120185","1.59197","Luxembourg"
"4792","Ichor Systems","ICHR","2170097920","57.94","United States"
"4793","Basic-Fit","BFIT.AS","2170072713","33.466","Netherlands"
"4794","Aker Solutions ASA","AKSO.OL","2169736350","4.46399","Norway"
"4795","Arabian Drilling Company","2381.SR","2169459397","24.3759","Saudi Arabia"
"4796","ComfortDelGro","C52.SI","2168180669","1.00102","Singapore"
"4797","Imerys","NK.PA","2166768389","25.5489","France"
"4798","Lumo Kodit Oyj","LUMO.HE","2162829524","8.16744","Finland"
"4799","Uniti","UNIT","2162680832","8.91","United States"
"4800","Wienerberger","WIB.F","2162671399","19.8043","Austria"
"4801","Allegiant Travel Company","ALGT","2162142976","79.09","United States"
"4802","Berli Jucker (BJC)","BJC.BK","2159604589","0.538851","Thailand"
"4803","Peloton","PTON","2159249408","4.92","United States"
"4804","Com7 Public Company","COM7.BK","2158357863","0.915451","Thailand"
"4805","Schrödinger","SDGR","2158142464","28.85","United States"
"4806","Rockpoint Gas Storage","RGSI.TO","2156832765","16.33","Canada"
"4807","Dunelm Group","DNLM.L","2153900784","10.6834","United Kingdom"
"4808","Gelsenwasser","WWG.F","2150636982","625.64","Germany"
"4809","Sonos","SONO","2149992960","18.175","United States"
"4810","Custom Truck One Source","CTOS","2149927168","9.45","United States"
"4811","Alony Hetz","ALHE.TA","2148703101","9.49635","Israel"
"4812","Monadelphous Group","MND.AX","2148226161","21.3569","Australia"
"4813","Verbio","VBK.F","2147935601","33.557","Germany"
"4814","Shawbrook Group PLC","SHAW.L","2145559508","4.12856","United Kingdom"
"4815","Takeuchi Mfg. Co., Ltd.","6432.T","2144867443","46.4328","Japan"
"4816","StoneCo","STNE","2144539392","9.3","Brazil"
"4817","AQ Group","AQ.ST","2143607966","23.368","Sweden"
"4818","Sabeco Brewery (Saigon Beer)","SAB.VN","2140566777","1.66898","Vietnam"
"4819","Netmarble","251270.KS","2139551337","26.1129","South Korea"
"4820","Aroundtown","AT1.F","2138782968","1.89284","Luxembourg"
"4821","Pediatrix Medical Group","MD","2137773568","26.31","United States"
"4822","Fletcher Building","FBU.NZ","2136514910","1.98642","New Zealand"
"4823","Vincom Retail Joint Stock Company","VRE.VN","2134618144","0.939401","Vietnam"
"4824","Sun TV Network","SUNTV.NS","2134436870","5.41619","India"
"4825","Perrigo","PRGO","2133631104","15.42","Ireland"
"4826","Lotte Shopping","023530.KS","2133586244","75.47","South Korea"
"4827","Medical Properties Trust","MPT","2132003968","3.57","United States"
"4828","SMA Solar Technology","S92.F","2131497990","61.4265","Germany"
"4829","Rathbones Group","RAT.L","2129667923","20.9162","United Kingdom"
"4830","Diebold Nixdorf","DBD","2129129984","62.72","United States"
"4831","Bausch Health","BHC","2128006272","5.69","Canada"
"4832","WHA Corporation","WHA.BK","2126998283","0.142304","Thailand"
"4833","Money Forward","3994.T","2126734958","38.3437","Japan"
"4834","Signify","LIGHT.AS","2125029266","17.7909","Netherlands"
"4835","Universal Robina Corporation","UVRBF","2124221952","1","Philippines"
"4836","UBE Corporation","4208.T","2122937025","21.8534","Japan"
"4837","Hang Lung Group","0010.HK","2121146911","1.55781","Hong Kong"
"4838","Namura Shipbuilding","7014.T","2119559856","30.4775","Japan"
"4839","Ocular Therapeutix","OCUL","2119293056","9.65","United States"
"4840","Coats Group","COA.L","2117154652","1.10609","United Kingdom"
"4841","Flywire","FLYW","2117017472","17.4","United States"
"4842","Primaris Real Estate Investment Trust","PMZ-UN.TO","2115763913","15.3482","Canada"
"4843","Addus HomeCare","ADUS","2113744000","113.19","United States"
"4844","First Commonwealth Financial Corp","FCF","2113079424","20.91","United States"
"4845","Extendicare","EXE.TO","2112664357","22.2277","Canada"
"4846","Sihanoukville Autonomous Port","PAS.KH","2112010368","4.69","Cambodia"
"4847","CJ Cheiljedang Corporation","097950.KS","2110918890","131.742","South Korea"
"4848","Monarch Casino &amp; Resort","MCRI","2110197504","117.74","United States"
"4849","The Nanto Bank","8367.T","2109822187","13.433","Japan"
"4850","Spark New Zealand","SPK.NZ","2107275855","1.11488","New Zealand"
"4851","Blackstone Mortgage Trust","BXMT","2106794752","12.5","United States"
"4852","Kangwon Land","035250.KS","2106614806","10.6291","South Korea"
"4853","Oxford Instruments","OXIG.L","2105613546","38.4126","United Kingdom"
"4854","Tasmea Limited","TEA.AX","2103646634","7.50018","Australia"
"4855","Bao Viet Holdings","BVH.VN","2103447816","2.8336","Vietnam"
"4856","First National Financial","FN.TO","2103105189","35.0708","Canada"
"4857","AddLife AB","ALIF-B.ST","2101534826","17.2449","Sweden"
"4858","ADMA Biologics","ADMA","2100976256","9.38","United States"
"4859","PENN Entertainment","PENN","2099690240","15.65","United States"
"4860","eToro","ETOR","2098719744","26.39","Israel"
"4861","Genting Malaysia Berhad","4715.KL","2096004765","0.369826","Malaysia"
"4862","KIOCL","KIOCL.NS","2095693548","3.44828","India"
"4863","PDF Solutions","PDFS","2092358528","49.55","United States"
"4864","Indraprastha Gas","IGL.NS","2092053702","1.49432","India"
"4865","Sharplink","SBET","2091863296","9.63","United States"
"4866","Clarkson PLC","CKN.L","2090969657","68.0637","United Kingdom"
"4867","Konica Minolta","4902.T","2089722592","4.22864","Japan"
"4868","Ramco Cements","RAMCOCEM.NS","2089067066","8.84103","India"
"4869","L1 Group","L1G.AX","2088930361","0.813864","Australia"
"4870","NV Bekaert","BEKB.BR","2087586464","43.6242","Belgium"
"4871","Netcompany Group","NETC.CO","2087436026","47.1354","Denmark"
"4872","Encore Capital Group","ECPG","2087213824","98.41","United States"
"4873","Fabege AB","FABG.ST","2087210652","6.63497","Sweden"
"4874","Calix","CALX","2086626560","33.14","United States"
"4875","Fuso Chemical","4368.T","2085590302","19.7132","Japan"
"4876","Minerals Technologies","MTX","2085004544","66.98","United States"
"4877","Watches of Switzerland Group","WOSG.L","2081187609","8.99343","United Kingdom"
"4878","Sunstone Hotel Investors","SHO","2080712576","11.19","United States"
"4879","StubHub Holdings","STUB","2078569344","5.44","United States"
"4880","Pebblebrook Hotel Trust","PEB","2078562944","18.42","United States"
"4881","DoubleVerify","DV","2078383488","13.41","United States"
"4882","ZhongAn Insurance","6060.HK","2076932179","1.23274","China"
"4883","Argan SA","ARG.PA","2076841657","80.6507","France"
"4884","Teijin Limited","3401.T","2076597318","10.7643","Japan"
"4885","TX Group","TXGN.SW","2073222006","201.809","Switzerland"
"4886","1st Source","SRCE","2073204352","86.09","United States"
"4887","Castrol India","CASTROLIND.NS","2071602803","2.09438","India"
"4888","Tata Elxsi","TATAELXSI.NS","2071027255","33.243","India"
"4889","Centuri Holdings","CTRI","2070752256","20.51","United States"
"4890","Saudi Industrial Investment Group","2250.SR","2070274998","3.04766","Saudi Arabia"
"4891","National Bank of Oman","NBOB.OM","2069923893","1.27306","Oman"
"4892","Preformed Line Products","PLPC","2069533696","423.33","United States"
"4893","Whirlpool","WHR","2067472128","31.71","United States"
"4894","SHB (Saigon - Hanoi Commercial Joint Stock Bank)","SHB.VN","2067274003","0.44275","Vietnam"
"4895","BillerudKorsnäs","BILL.ST","2065808983","8.30626","Sweden"
"4896","Asana","ASAN","2065310464","9.02","United States"
"4897","The Bancorp, Inc.","TBBK","2062996864","50.58","United States"
"4898","Bodycote","BOY.L","2061068719","12.168","United Kingdom"
"4899","Mitsui Fudosan Logistics Park","3471.T","2058953637","639.486","Japan"
"4900","Chorus","CNU.NZ","2057711241","4.7425","New Zealand"
"4901","EMEIS","EMEIS.PA","2057143111","12.7744","France"
"4902","Daiwabo Holdings","3107.T","2057088795","24.0444","Japan"
"4903","Keihan Holdings","9045.T","2055913538","20.3757","Japan"
"4904","Malaysian Pacific Industries","3867.KL","2055113234","10.3355","Malaysia"
"4905","LCI Industries","LCII","2054565632","84.51","United States"
"4906","RLX Technology","RLX","2053387648","1.68","China"
"4907","Sonic Automotive","SAH","2053381248","64.95","United States"
"4908","Trevi Therapeutics","TRVI","2053076864","14.41","United States"
"4909","nCino","NCNO","2052339200","19.41","United States"
"4910","Alvotech","ALVO","2051697920","5.75","Iceland"
"4911","Utz Brands","UTZ","2050021760","14.24","United States"
"4912","Kosé","4922.T","2048424950","36.0953","Japan"
"4913","Select Medical Holdings","SEM","2046298112","16.51","United States"
"4914","H2O Retailing Corporation","8242.T","2045556203","18.1528","Japan"
"4915","Qatar Aluminium Manufacturing Company","QAMC.QA","2045021902","0.366483","Qatar"
"4916","Hysan Development","0014.HK","2042408748","1.9887","Hong Kong"
"4917","Fastned","FAST.AS","2041650613","52.44","Netherlands"
"4918","Fukuda Denshi","6960.T","2040804665","75.5409","Japan"
"4919","Vietnam Maritime Commercial Joint Stock Bank","MSB.VN","2039639621","0.544776","Vietnam"
"4920","C.Uyemura & Co.,Ltd.","4966.T","2038759287","127.706","Japan"
"4921","Inspire Medical Systems","INSP","2038181504","70.5","United States"
"4922","Bladex","BLX","2037981696","54.74","Panama"
"4923","Compañía Cervecerías Unidas","CCU","2036532608","11","Chile"
"4924","Per Aarsleff Holding A/S B","PAAL-B.CO","2035607793","108.041","Denmark"
"4925","Interface, Inc.","TILE","2034576256","35.2","United States"
"4926","Stagwell","STGW","2034035712","8.32","United States"
"4927","Vericel","VCEL","2033414656","39.71","United States"
"4928","Kodiak Sciences","KOD","2033179776","32.35","United States"
"4929","Lojas Renner","LREN3.SA","2033137043","2.14498","Brazil"
"4930","HBX Group International plc","HBX.MC","2032523606","8.40632","United Kingdom"
"4931","Driven Brands","DRVN","2030901504","12.31","United States"
"4932","Kohl's","KSS","2029438336","17.9","United States"
"4933","iFAST Corporation","AIY.SI","2028291193","6.6552","Singapore"
"4934","Quantum Computing","QUBT","2028067968","8.96","United States"
"4935","Elekta AB","EKTA-B.ST","2026938683","5.30497","Sweden"
"4936","OYAK Çimento","OYAKC.IS","2026905768","0.416917","Turkey"
"4937","Liontown Resources","LTR.AX","2026761139","0.634954","Australia"
"4938","Sasa Polyester","SASA.IS","2025959263","0.0385883","Turkey"
"4939","SES S.A.","SESG.PA","2023509296","4.97099","Luxembourg"
"4940","UroGen Pharma","URGN","2021211264","41.35","United States"
"4941","The Sumitomo Warehouse Co., Ltd.","9303.T","2020830296","26.7514","Japan"
"4942","NFI Group","NFI.TO","2019061078","16.9515","Canada"
"4943","DNO ASA","DNO.OL","2016212934","2.06791","Norway"
"4944","Nuvation Bio","NUVB","2015447296","5.74","United States"
"4945","Target Hospitality","TH","2015395712","20.58","United States"
"4946","Chalet Hotels","CHALET.NS","2014680934","9.1997","India"
"4947","Electricity Generating Public Company","EGCO.BK","2014014653","3.82554","Thailand"
"4948","Thermon Group","THR","2013932928","61.14","United States"
"4949","Mizuno Corporation","8022.T","2012857288","26.4648","Japan"
"4950","Saizeriya","7581.T","2012068983","40.9552","Japan"
"4951","SolarEdge","SEDG","2010661504","32.68","Israel"
"4952","IQM Quantum Computers","IQMX","2010554880","10.61","Finland"
"4953","Evolution Metals & Technologies","EMAT","2007042048","3.2","United States"
"4954","Ratnamani Metals &amp; Tubes","RATNAMANI.NS","2006884551","28.6322","India"
"4955","Husqvarna","HUSQ-A.ST","2006261251","3.5082","Sweden"
"4956","Recursion Pharmaceuticals","RXRX","2005653760","3.74","United States"
"4957","Hycroft Mining","HYMC","2001542400","21.48","United States"
"4958","CGN Mining Company","1164.HK","2000860559","0.263247","Hong Kong"
"4959","Super Retail Group","SUL.AX","1999530089","8.85428","Australia"
"4960","Saudi Kayan Petrochemical Company","2350.SR","1998028670","1.33202","Saudi Arabia"
"4961","I.B.I. Investment House","IBI.TA","1997710977","141.419","Israel"
"4962","Currys plc","CURY.L","1996636081","1.95774","United Kingdom"
"4963","ARMOUR Residential REIT","ARR","1995897856","14.1","United States"
"4964","ARE Holdings","5857.T","1995323390","23.2164","Japan"
"4965","City Holding Company","CHCO","1994962432","141.97","United States"
"4966","Innovex International","INVX","1993170944","28.5","United States"
"4967","GFH Financial Group","GFH.AE","1993099026","0.52","Bahrain"
"4968","momo.com Inc.","8454.TW","1991418207","7.51549","Taiwan"
"4969","Palvella Therapeutics","PVLA","1990665600","138.16","United States"
"4970","Bandwidth","BAND","1989094528","61.81","United States"
"4971","Arion banki","ARION.IC","1982886203","1.47951","Iceland"
"4972","Standard Nuclear","STDN","1982711424","12.34","United States"
"4973","Solvac","SOLV.BR","1981646119","92.7084","Belgium"
"4974","Batelco (Bahrain Telecommunication Company)","BEYON.BH","1981365945","1.49376","Bahrain"
"4975","NW Natural Holdings","NWN","1980080000","47.04","United States"
"4976","Gestamp Automoción","GEST.MC","1979627909","3.48083","Spain"
"4977","Stolt-Nielsen Limited","0OHK.L","1978140322","32.8984","United Kingdom"
"4978","Global Net Lease","GNL","1977767680","8.55","United States"
"4979","Central Puerto","CEPU","1976818688","13.18","Argentina"
"4980","TAV Airports Holding","TAVHL.IS","1976668372","5.44115","Turkey"
"4981","Gimv NV","GIMB.BR","1976067031","53.6913","Belgium"
"4982","TV Asahi Holdings Corporation","9409.T","1975552725","19.6496","Japan"
"4983","Douglas Emmett","DEI","1974611200","9.82","United States"
"4984","MIRAIT ONE Corporation","1417.T","1973544915","22.6623","Japan"
"4985","BWP Trust","BWP.AX","1972847212","2.51175","Australia"
"4986","Werner Enterprises","WERN","1972648576","32.89","United States"
"4987","Sarepta Therapeutics","SRPT","1972056576","18.67","United States"
"4988","Allient","ALNT","1971765376","116.01","United States"
"4989","Boursa Kuwait Securities Company","BOURSA.KW","1971205256","9817.95","Kuwait"
"4990","Ora Banda Mining","OBM.AX","1969323777","1.01733","Australia"
"4991","Fortress REIT","FFB.JO","1969300800","1.53851","South Africa"
"4992","Elgi Equipments","ELGIEQUIP.NS","1966687680","6.23867","India"
"4993","Establishment Labs","ESTA","1966030848","65.97","Costa Rica"
"4994","Mesoblast","MESO","1963405824","15.12","Australia"
"4995","Drägerwerk","DRW8.F","1963280573","104.652","Germany"
"4996","Biohaven","BHVN","1962058624","12.99","United States"
"4997","Blackbaud","BLKB","1960398208","43.19","United States"
"4998","Ezaki Glico Co., Ltd.","2206.T","1960304223","31.9743","Japan"
"4999","Savola Group","2050.SR","1960122639","6.60681","Saudi Arabia"
"5000","Activia Properties","3279.T","1960071301","824.835","Japan"
"5001","UWM Holdings","UWMC","1959949184","1.22","United States"
"5002","Gorman-Rupp","GRC","1959904128","74.21","United States"
"5003","SharonAI Holdings","SHAZ","1957735552","54.68","United States"
"5004","Ternium Argentina","TXAR.BA","1957061696","0.433257","Argentina"
"5005","Flynas Company","4264.SR","1956261326","11.45","Saudi Arabia"
"5006","Atea ASA","ATEA.OL","1952585686","17.5026","Norway"
"5007","Spectrum Brands","SPB","1952556160","84.91","United States"
"5008","Fagron","FAGR.BR","1952352742","26.6181","Belgium"
"5009","Progyny","PGNY","1951929856","25.44","United States"
"5010","Magnit","MGNT.ME","1950970265","19.45","Russia"
"5011","DAIHEN Corporation","6622.T","1950181063","82.6109","Japan"
"5012","Nektar Therapeutics","NKTR","1948199168","57.06","United States"
"5013","Freehold Royalties","FRU.TO","1947883023","11.8802","Canada"
"5014","Kajaria Ceramics","KAJARIACER.NS","1947303559","12.3919","India"
"5015","OPmobility","OPM.PA","1945698810","13.6162","France"
"5016","Agios Pharmaceuticals","AGIO","1945087360","32.58","United States"
"5017","KRUK Spólka Akcyjna","KRU.WA","1944742214","99.5089","Poland"
"5018","Generate Biomedicines","GENB","1944539264","15.15","United States"
"5019","Hyosung Corporation","004800.KS","1942935236","116.221","South Korea"
"5020","Cimpress","CMPR","1942844672","79.79","Ireland"
"5021","Alamo Group","ALG","1940660352","159.45","United States"
"5022","TIC Solutions","TIC","1939979008","8.89","United States"
"5023","Kinnevik","KINV-A.ST","1939088376","6.88592","Sweden"
"5024","Kuwait Telecommunications Company","STC.KW","1938236932","1940.83","Kuwait"
"5025","Ziff Davis","ZD","1937570048","56.51","United States"
"5026","Turpaz Industries","TRPZ.TA","1937564489","17.7938","Israel"
"5027","YOOZOO Interactive","002174.SZ","1936628091","1.97653","China"
"5028","Burckhardt Compression","BCHN.SW","1936497635","574.277","Switzerland"
"5029","DEUTZ","DEZ.DE","1935974101","12.6834","Germany"
"5030","Sunrun","RUN","1934634624","8.11","United States"
"5031","O.Y. Nofar Energy","NOFR.TA","1932592271","48.6708","Israel"
"5032","LOTTE Chemical","011170.KS","1932366406","45.8263","South Korea"
"5033","Midera Food Processing","MFP","1930888064","42.69","United States"
"5034","Íslandsbanki","ISB.IC","1930846064","1.16699","Iceland"
"5035","Cellcom Israel","CEL.TA","1929865475","11.4347","Israel"
"5036","Companhia de Saneamento do Paraná (SANEPAR)","SAPR4.SA","1929744287","1.27696","Brazil"
"5037","Mitani Corporation","8066.T","1928022315","23.1527","Japan"
"5038","GigaCloud Technology","GCT","1927638528","53.98","China"
"5039","Western Union","WU","1927411968","6.18","United States"
"5040","Nippon Kayaku","4272.T","1926785279","13.363","Japan"
"5041","Gränges","GRNG.ST","1925948923","18.068","Sweden"
"5042","Lakefront Biotherapeutics","LKFT","1923939584","29.38","Belgium"
"5043","EIH Limited","EIHOTEL.NS","1922543732","3.07428","India"
"5044","Sekisui House Reit","3309.T","1918955238","445.857","Japan"
"5045","F&amp;F Co","383220.KS","1918908454","51.196","South Korea"
"5046","New World Development Company","0017.HK","1916885907","0.761697","Hong Kong"
"5047","Vimian Group","VIMIAN.ST","1916216033","3.62866","Sweden"
"5048","EZCorp","EZPW","1914575616","31.16","United States"
"5049","Voyager Technologies","VOYG","1913261056","31.35","United States"
"5050","Migros Ticaret A.S.","MGROS.IS","1912599681","10.7394","Turkey"
"5051","SigmaRoc plc","SRC.L","1911390803","1.72313","United Kingdom"
"5052","Perdoceo Education","PRDO","1907974400","30.49","United States"
"5053","Dicker Data","DDR.AX","1907190657","10.5031","Australia"
"5054","African Rainbow Minerals","ARI.JO","1904383300","9.48524","South Africa"
"5055","Karooooo","KARO","1903954048","61.63","Singapore"
"5056","SSP Group","SSPG.L","1902398873","2.5277","United Kingdom"
"5057","Hotel Properties Limited","H15.SI","1901467987","3.58176","Singapore"
"5058","Hazama Ando Corporation","1719.T","1901070912","12.1178","Japan"
"5059","5N Plus","VNP.TO","1898690989","21.1117","Canada"
"5060","Zymeworks","ZYME","1896425088","26.52","Canada"
"5061","Goldwin Inc.","8111.T","1893530564","13.8407","Japan"
"5062","Fortrea","FTRE","1891538944","19.89","United States"
"5063","Alef Education","ALEFEDT.AE","1890655598","0.27","United Arab Emirates"
"5064","VNET Group","VNET","1890352512","6.64","China"
"5065","Entra","ENTRA.OL","1890142796","10.3816","Norway"
"5066","Ashmore Group","ASHM.L","1889173360","2.90282","United Kingdom"
"5067","Genesis Energy","GNE.NZ","1888858737","1.44312","New Zealand"
"5068","VIB (Vietnam International Commercial Joint Stock Bank)","VIB.VN","1887084449","0.506276","Vietnam"
"5069","National Industries Group Holding","NIND.KW","1886985331","754.226","Kuwait"
"5070","Natura Cosméticos S.A.","NATU3.SA","1886140437","1.3734","Brazil"
"5071","Kyoritsu Maintenance Co., Ltd.","9616.T","1885885233","20.7324","Japan"
"5072","H&amp;R REIT","HR-UN.TO","1885258493","6.73118","Canada"
"5073","Dalrymple Bay Infrastructure","DBI.AX","1885236947","3.80271","Australia"
"5074","Surgery Partners","SGRY","1885222784","14.4","United States"
"5075","Planisware","PLNW.PA","1883358400","27.2153","France"
"5076","Biolife Solutions","BLFS","1883059072","38.49","United States"
"5077","Tokuyama Corporation","4043.T","1880643639","26.14","Japan"
"5078","Dah Sing Financial","0440.HK","1879448950","5.8896","Hong Kong"
"5079","Al Salam Bank","SALAM.BH","1878744416","1.1913","Bahrain"
"5080","CIMC Enric","3899.HK","1878415072","0.907662","China"
"5081","PicS N.V. (PicPay)","PICS","1877380224","8.69","Brazil"
"5082","Under Armour","UA","1877113984","4.37","United States"
"5083","Porch Group","PRCH","1876483072","16.53","United States"
"5084","Semapa","SEM.LS","1876126131","23.4899","Portugal"
"5085","Pfeiffer Vacuum","PFV.F","1874529589","189.967","Germany"
"5086","ATS Corporation","ATS","1874223744","19.1","Canada"
"5087","Dentsply Sirona","XRAY","1873926272","9.4","United States"
"5088","Kimbell Royalty Partners","KRP","1872408192","14.57","United States"
"5089","Neutron Holdings (Lime)","LIME","1870197504","29.21","United States"
"5090","Hansol Chemical","014680.KS","1870058902","174.331","South Korea"
"5091","NGL Energy Partners","NGL","1869595776","15.1","United States"
"5092","Lovisa Holdings","LOV.AX","1869338472","16.8807","Australia"
"5093","Olin Corporation","OLN","1869312768","16.4","United States"
"5094","A10 Networks","ATEN","1868230144","25.73","United States"
"5095","Welspun India","WELSPUNIND.NS","1867418314","1.91","India"
"5096","Lindblad Expeditions","LIND","1866880128","28.45","United States"
"5097","EcoPro Materials","450080.KS","1864784128","26.3336","South Korea"
"5098","LeMaitre Vascular","LMAT","1864301696","81.52","United States"
"5099","Kainos Group","KNOS.L","1862951209","16.1577","United Kingdom"
"5100","SKAN Group","SKAN.SW","1860377293","82.744","Switzerland"
"5101","German American Bancorp","GABC","1860151040","49.5","United States"
"5102","OSG Corporation","6136.T","1860111384","22.6368","Japan"
"5103","Genus","GNS.L","1857713735","28.1003","United Kingdom"
"5104","Etablissements Maurel &amp; Prom","MAU.PA","1856737429","9.29928","France"
"5105","Braveheart Bio","BRVE","1856603648","20.62","United States"
"5106","Republic Bank","RBCAA","1856409088","94.55","United States"
"5107","Tatung Co., Ltd.","2371.TW","1856191090","0.907204","Taiwan"
"5108","Netstreit","NTST","1856148352","18.21","United States"
"5109","Hub Group","HUBG","1855397504","30.34","United States"
"5110","Westshore Terminals Investment","WTE.TO","1854524612","30.0232","Canada"
"5111","Gudang Garam","GGRM.JK","1852349708","0.962716","Indonesia"
"5112","Bic Camera Inc.","3048.T","1848863266","10.7961","Japan"
"5113","Worthington Steel","WS","1847324416","36.26","United States"
"5114","Forvia SE","FRVIA.PA","1846224569","10.0307","France"
"5115","Mota-Engil","EGL.LS","1845689378","6.01641","Portugal"
"5116","MFE-Mediaforeurope","MFEA.MI","1844776106","2.63679","Italy"
"5117","Novocure","NVCR","1844502144","15.84","Jersey"
"5118","Vertex","VERX","1844418432","11.37","United States"
"5119","AlzChem Group","ACT.DE","1840246528","181.777","Germany"
"5120","Enerpac Tool Group","EPAC","1840091136","35.7","United States"
"5121","Hamburger Hafen","HHFA.F","1839629024","24.4568","Germany"
"5122","Blue Bird Corporation","BLBD","1839299712","58.12","United States"
"5123","The Musashino Bank","8336.T","1838261529","18.9426","Japan"
"5124","Engineers India","ENGINERSIN.NS","1837952860","3.27013","India"
"5125","Atul","ATUL.NS","1837540998","62.4128","India"
"5126","Horace Mann Educators","HMN","1836722816","45.35","United States"
"5127","Elvalhalcor Hellenic Copper and Aluminium Industry","ELHA.AT","1836143714","4.2316","Greece"
"5128","Expro Group","XPRO","1834661632","16.33","United States"
"5129","Storskogen Group","STOR-B.ST","1833364047","1.09261","Sweden"
"5130","Australian United Investment Company","AUI.AX","1832356324","8.4263","Australia"
"5131","STEF SA","STF.PA","1828955271","144.466","France"
"5132","National Central Cooling Company","TABREED.AE","1828261663","0.642561","United Arab Emirates"
"5133","Caisse Régionale de Crédit Agricole Mutuel du Languedoc","CRLA.PA","1828025884","92.7084","France"
"5134","Insperity","NSP","1826879872","47.83","United States"
"5135","secunet","YSN.F","1825089791","282.107","Germany"
"5136","World Kinect","WKC","1823555328","35.65","United States"
"5137","Wacker Neuson","WAC.F","1822046678","26.7888","Germany"
"5138","Brightstar Lottery","BRSL","1820113792","9.96","United Kingdom"
"5139","Alkane Resources","ALK.AX","1819877615","1.33207","Australia"
"5140","Parex Resources","PXT.TO","1819259385","18.9151","Canada"
"5141","WeRide","WRD","1819127424","5.53","China"
"5142","Embracer Group","EMBRAC-B.ST","1818104100","8.30727","Sweden"
"5143","Knowledge Economic City Company","4310.SR","1816855391","5.35472","Saudi Arabia"
"5144","Muangthai Capital","MTC.BK","1814528114","0.85591","Thailand"
"5145","Tower Bersama Infrastructure","TBIG.JK","1813335445","0.0804118","Indonesia"
"5146","Admie Holding","ADMIE.AT","1812050564","4.99374","Greece"
"5147","Sonida Senior Living","SNDA","1811889792","37.71","United States"
"5148","Sanoma","SANOMA.HE","1811145348","11.1478","Finland"
"5149","K's Holdings Corporation","8282.T","1810319579","11.7165","Japan"
"5150","JustSystems Corporation","4686.T","1810117128","28.1845","Japan"
"5151","Kier Group","KIE.L","1809636879","4.19119","United Kingdom"
"5152","NCC","NCC-B.ST","1809458695","18.4394","Sweden"
"5153","Shanghai Industrial Holdings Limited","0363.HK","1808709243","1.66362","Hong Kong"
"5154","COMPASS Pathways","CMPS","1808507264","13.06","United Kingdom"
"5155","HBM Healthcare Investments","HBMN.SW","1808382490","277.818","Switzerland"
"5156","Mullen Group","MTL.TO","1806813966","18.7738","Canada"
"5157","Stewart Information Services","STC","1806609024","59.19","United States"
"5158","Zhejiang Jinke Tom Culture Industry","300459.SZ","1805510044","0.51354","China"
"5159","Astrana Health","ASTH","1804110848","36.37","United States"
"5160","Vestis","VSTS","1803985408","13.65","United States"
"5161","Vir Biotechnology","VIR","1803842048","10.66","United States"
"5162","Aarti Industries","AARTIIND.NS","1801047468","4.9651","India"
"5163","Yellow Cake plc","YCA.L","1800342610","7.16425","Jersey"
"5164","AB Ignitis grupe","IGN1L.VS","1799225084","24.855","Lithuania"
"5165","Melco Resorts &amp; Entertainment","MLCO","1798554368","4.73","Hong Kong"
"5166","Systemair AB","SYSR.ST","1797711182","8.66261","Sweden"
"5167","Bell Food Group","BELL.SW","1797580200","286.838","Switzerland"
"5168","Xenia Hotels &amp; Resorts","XHR","1797526912","18.17","United States"
"5169","Iluka Resources","ILU.AX","1797250934","4.16754","Australia"
"5170","Bob's Discount Furniture","BOBS","1796947200","13.75","United States"
"5171","Sildarvinnslan","SVN.IC","1795048834","0.972488","Iceland"
"5172","The North West Company","NWC.TO","1793738582","37.915","Canada"
"5173","Photronics","PLAB","1793513856","30.4","United States"
"5174","Union Tool","6278.T","1793193713","92.0376","Japan"
"5175","Genting Berhad","3182.KL","1791842796","0.465344","Malaysia"
"5176","Cenomi Centers (Arabian Centres Company)","4321.SR","1791767841","3.77228","Saudi Arabia"
"5177","Energean","ENOG.L","1789534615","9.68931","United Kingdom"
"5178","National Bank Holdings","NBHC","1789153536","40.17","United States"
"5179","Winpak","WPK.TO","1788592007","30.4895","Canada"
"5180","Central Plaza Hotel","CENTEL.BK","1788478700","1.3248","Thailand"
"5181","Fidelis Insurance","FIHL","1787657472","20.71","Bermuda"
"5182","Austevoll Seafood","AUSS.OL","1787447678","8.85646","Norway"
"5183","Metrovacesa","MVC.MC","1787162712","11.7848","Spain"
"5184","Paragon Banking Group","PAG.L","1787025819","9.98754","United Kingdom"
"5185","HPH Trust (Hutchison Port)","NS8U.SI","1785775744","0.205","Singapore"
"5186","Prosegur","PSG.MC","1782675941","3.33864","Spain"
"5187","Dime Community Bancshares","DCOM","1782601728","40.37","United States"
"5188","Weis Markets","WMK","1782105728","72.02","United States"
"5189","Century Communities","CCS","1781605504","62.66","United States"
"5190","Qatar Insurance Company","QATI.QA","1780204538","0.545055","Qatar"
"5191","Intershop Holding","ISN.SW","1778515670","192.909","Switzerland"
"5192","ACV Auctions","ACVA","1776191488","10.46","United States"
"5193","CAMGSM Plc. (Cellcard)","CGSM.KH","1775000000","0.91","Cambodia"
"5194","Getty Realty","GTY","1774991232","28.66","United States"
"5195","KATITAS CO., Ltd.","8919.T","1774582443","22.675","Japan"
"5196","Region Group","RGN.AX","1773811119","1.54353","Australia"
"5197","Youdao","DAO","1773329024","14.7","China"
"5198","Embla Medical","EMBLA.CO","1773150101","4.16885","Iceland"
"5199","SRG Global Limited","SRG.AX","1773054956","2.79941","Australia"
"5200","Vermilion Energy","VET","1772480000","11.6","Canada"
"5201","SFL Corp","SFL","1772206208","12.78","Bermuda"
"5202","Travis Perkins","TPK.L","1771793202","8.36382","United Kingdom"
"5203","Xencor","XNCR","1769610880","23.8","United States"
"5204","Hope Bancorp","HOPE","1766669696","13.83","United States"
"5205","Tianyu Digital Technology (Dalian)","002354.SZ","1766083918","1.06739","China"
"5206","Marqeta","MQ","1765516032","16.96","United States"
"5207","Caisse Régionale de Crédit Agricole Mutuel Nord de France","CNDF.PA","1763857132","30.5028","France"
"5208","Amplitude","AMPL","1763836032","13.3","United States"
"5209","Formula Systems","FORTY","1763333376","114.99","Israel"
"5210","Septerna","SEPN","1762988288","37.77","United States"
"5211","Neuren Pharmaceuticals","NEU.AX","1762899193","13.9058","Australia"
"5212","Soho House & Co","SHCO","1758889344","8.99","United States"
"5213","Personalis","PSNL","1757925760","16.46","United States"
"5214","Okuma Corporation","6103.T","1757736251","30.1909","Japan"
"5215","S&amp;T Bancorp","STBA","1756926848","49.82","United States"
"5216","SmartStop Self Storage REIT","SMA","1756855296","31.73","United States"
"5217","Costamare","CMRE","1756569600","14.53","Monaco"
"5218","Zenas BioPharma","ZBIO","1756512768","26.95","United States"
"5219","Emami","EMAMILTD.NS","1756373373","4.0499","India"
"5220","Novavax","NVAX","1753373056","10.63","United States"
"5221","PolyPeptide Group","PPGN.SW","1751122858","53.038","Switzerland"
"5222","Tokai Rika","6995.T","1750728953","20.191","Japan"
"5223","Jubilant Pharmova","JUBLPHARMA.NS","1749782905","11.0475","India"
"5224","Alembic Pharmaceuticals","APLLTD.NS","1749491547","8.90041","India"
"5225","Resolute Mining","RSG.AX","1747064840","0.817372","Australia"
"5226","FirstSun Capital Bancorp","FSUN","1746587648","39.74","United States"
"5227","Chambal Fertilisers","CHAMBLFERT.NS","1746566869","4.35931","India"
"5228","Proeduca Altus","PRO.MC","1746356315","38.6676","Spain"
"5229","NextDecade Corp","NEXT","1746176512","6.56","United States"
"5230","RHI Magnesita","RHF.F","1744632816","36.8559","Austria"
"5231","Ola Electric Mobility","OLAELEC.NS","1742798839","0.394416","India"
"5232","Fluxys Belgium","FLUX.BR","1742400570","24.7981","Belgium"
"5233","Montana Aerospace","AERO.SW","1741945430","27.7818","Switzerland"
"5234","MAAS Group Holdings","MGH.AX","1741640040","4.82004","Australia"
"5235","Vietnam National Petroleum Group","PLX.VN","1741475538","1.3706","Vietnam"
"5236","eClerx Services","ECLERX.NS","1741184505","18.9207","India"
"5237","Zip Co","ZIP.AX","1739552597","1.3962","Australia"
"5238","Zydus Wellness","ZYDUSWELL.NS","1738134033","5.46307","India"
"5239","Tsubakimoto Chain","6371.T","1736382296","17.191","Japan"
"5240","Mach Natural Resources LP","MNR","1736260096","10.4","United States"
"5241","Live Oak Bank","LOB","1734710016","37.48","United States"
"5242","Happen, Inc.","HAPN","1734574208","15.03","United States"
"5243","Capri Holdings","CPRI","1733421184","15.1","United Kingdom"
"5244","Genesis Energy  L.P.","GEL","1731776896","14.17","United States"
"5245","Al Masane Al Kobra Mining Company","1322.SR","1731716790","19.554","Saudi Arabia"
"5246","BEML","BEML.NS","1731116683","20.7845","India"
"5247","Neinor Homes","HOME.MC","1730483510","17.9388","Spain"
"5248","Aica Kogyo Company","4206.T","1730195341","27.3438","Japan"
"5249","Gujarat Mineral Development","GMDCLTD.NS","1730133370","5.44067","India"
"5250","Albany International","AIN","1730072576","60.98","United States"
"5251","Shangri-La","0069.HK","1729665615","0.484426","Hong Kong"
"5252","Sixth Street Specialty Lending","TSLX","1729524480","18.14","United States"
"5253","Goodman Property Trust","GMT.NZ","1728117746","1.12303","New Zealand"
"5254","Ariston Holding","ARIS.MI","1727392931","4.70026","Italy"
"5255","Genius Sports","GENI","1723517696","6.44","United Kingdom"
"5256","Mayora","MYOR.JK","1722175387","0.0781859","Indonesia"
"5257","Volution Group","FAN.L","1719376384","8.68194","United Kingdom"
"5258","Bayer Crop Science","BAYERCROP.NS","1719120468","38.2519","India"
"5259","AVI Limited","AVI.JO","1718487300","5.15005","South Africa"
"5260","KSB SE &amp; Co. KGaA","KSB.DE","1717260677","980.548","Germany"
"5261","RLJ Lodging Trust","RLJ","1715244160","11.2","United States"
"5262","Guzman y Gomez","GYG.AX","1713999655","17.2104","Australia"
"5263","C3 AI","AI","1712305408","10.65","United States"
"5264","Raspberry Pi","RPI.L","1712231398","8.84099","United Kingdom"
"5265","Amano Corporation","6436.T","1712096981","24.7196","Japan"
"5266","Kaga Electronics","8154.T","1709035802","35.8596","Japan"
"5267","Strategic Education","STRA","1706206848","76.83","United States"
"5268","Ratio Energies","RATI.TA","1705456163","1.51746","Israel"
"5269","Nongshim","004370.KS","1703719480","292.023","South Korea"
"5270","Alignment Healthcare","ALHC","1703042560","8.21","United States"
"5271","Japan Elevator Service Holdings","6544.T","1702800843","9.52542","Japan"
"5272","Tata Chemicals","TATACHEM.NS","1702400390","6.68247","India"
"5273","CTS Corporation","CTS","1701949184","59.6","United States"
"5274","DXC Technology","DXC","1701643008","10.65","United States"
"5275","Vtech","0303.HK","1700075034","6.71185","Hong Kong"
"5276","ANI Pharmaceuticals","ANIP","1699806080","74","United States"
"5277","Yuexiu Property","0123.HK","1698558158","0.421961","Hong Kong"
"5278","Bank Dhofar","BKDB.OM","1697990850","0.558587","Oman"
"5279","Nanobiotix","NBTX","1696125568","33.31","France"
"5280","SUNeVision","1686.HK","1694480997","0.717078","Hong Kong"
"5281","BGF Retail","282330.KS","1693853311","98.0522","South Korea"
"5282","Tomen Devices Corporation","2737.T","1693702250","249.043","Japan"
"5283","Byline Bancorp","BY","1691779456","37.44","United States"
"5284","Magellan Financial Group","MFG.AX","1691636251","5.78124","Australia"
"5285","Bora Pharmaceuticals","6472.TW","1690786419","13.2543","Taiwan"
"5286","Faes Farma","FAE.MC","1689954934","5.426","Spain"
"5287","Green Thumb Industries","GTII.CN","1689053059","7.72708","United States"
"5288","Metsä Board","METSA.HE","1688698667","4.75486","Finland"
"5289","Ambiq Micro","AMBQ","1687838848","69.79","United States"
"5290","Bank First","BFC","1686453504","152.13","United States"
"5291","Boston Beer Company","SAM","1685468672","163.77","United States"
"5292","Ivanhoe Electric","IE","1685273216","10.56","Canada"
"5293","Offcn Education","002607.SZ","1684880713","0.273191","China"
"5294","4DMedical Limited","4DX.AX","1684045877","2.79941","Australia"
"5295","Evertec","EVTC","1683826688","28.18","United States"
"5296","Devyani International","DEVYANI.NS","1683780253","1.36566","India"
"5297","Nayax","NYAX","1683137536","45.03","Israel"
"5298","MBC Group Co.","4072.SR","1683006067","5.06167","Saudi Arabia"
"5299","Realia Business","RLIA.MC","1682853416","1.11478","Spain"
"5300","Ipsos","IPS.PA","1679288753","40.496","France"
"5301","IDT Corporation","IDT","1677633408","67.46","United States"
"5302","Sila Realty Trust","SILA","1677119744","30.36","United States"
"5303","Jeudan","JDAN.CO","1676979430","30.2774","Denmark"
"5304","TriCo Bancshares","TCBK","1674412160","52.38","United States"
"5305","American Assets Trust","AAT","1674300544","21.58","United States"
"5306","Sundaram Finance","SUNDARMHLD.NS","1673186158","7.58155","India"
"5307","4imprint Group","FOUR.L","1672798664","59.6469","United Kingdom"
"5308","Montea Comm","MONT.BR","1672585607","71.778","Belgium"
"5309","Aksa Energy","AKSEN.IS","1672554841","1.36386","Turkey"
"5310","Eurocommercial Properties","ECMPA.AS","1671693494","30.372","Netherlands"
"5311","Absci","ABSI","1671520512","9.74","United States"
"5312","Itochu Enex","8133.T","1671401995","14.8025","Japan"
"5313","Flex LNG","FLNG","1670372480","30.88","Bermuda"
"5314","Stanmore Resources","SMR.AX","1669595069","1.85224","Australia"
"5315","MCB Bank Pakistan","MCB.PK","1668352073","1.40782","Pakistan"
"5316","Vivendi","VIV.PA","1667617325","1.67216","France"
"5317","Central Securities","CET","1666283008","56.39","United States"
"5318","Oman Arab Bank","OAB.OM","1665050300","0.831385","Oman"
"5319","OVS S.p.A.","OVS.MI","1662781980","6.87635","Italy"
"5320","Liberty Latin America","LILA","1661231872","8.48","United States"
"5321","Sammaan Capital","SAMMAANCAP.NS","1661222254","1.44619","India"
"5322","Abu Dhabi National Hotels","ADNH.AE","1660422537","0.13","United Arab Emirates"
"5323","Jetblue Airways","JBLU","1660173696","4.4","United States"
"5324","Saudi Chemical Holding Company","2230.SR","1660028197","1.96872","Saudi Arabia"
"5325","Carabao Group","CBG.BK","1659720166","1.65972","Thailand"
"5326","Xeris Pharmaceuticals","XERS","1659114880","9.1","United States"
"5327","Puuilo","PUUILO.HE","1658967315","19.7247","Finland"
"5328","Aux Electric Co., Ltd.","2580.HK","1656198140","1.04279","China"
"5329","Origin Bancorp","OBK","1654776704","53.64","United States"
"5330","Toho Holdings","8129.T","1653795883","25.5603","Japan"
"5331","Türkiye Kalkınma","KLNMA.IS","1653783619","0.165378","Turkey"
"5332","EDION Corporation","2730.T","1652761714","15.6305","Japan"
"5333","Patria Investments","PAX","1652672896","10.24","Cayman Islands"
"5334","OceanFirst Financial","OCFC","1652633216","17.1","United States"
"5335","QCR Holdings","QCRH","1652626944","100.92","United States"
"5336","Aevis Victoria","AEVS.SW","1652540632","19.1225","Switzerland"
"5337","Spadel","SPA.BR","1652397251","398.134","Belgium"
"5338","Concentrix","CNXC","1652376960","27.08","United States"
"5339","Eton Pharmaceuticals","ETON","1648675328","57.68","United States"
"5340","Macmahon Holdings","MAH.AX","1648028062","0.764751","Australia"
"5341","Nexa Resources","NEXA","1647536256","12.44","Luxembourg"
"5342","Intellia Therapeutics","NTLA","1646488576","11.75","United States"
"5343","Nihon Kohden Corporation","6849.T","1646074894","10.2897","Japan"
"5344","Usiminas","USIM5.SA","1645467639","1.33675","Brazil"
"5345","East Pipes Integrated Company for Industry","1321.SR","1641420543","52.1086","Saudi Arabia"
"5346","Great Portland Estates","GPE.L","1640502773","4.06659","United Kingdom"
"5347","Sansan, Inc.","4443.T","1638810984","13.0763","Japan"
"5348","Fine Organics","FINEORG.NS","1636646766","53.3806","India"
"5349","GH Research","GHRS","1636432128","23.84","Ireland"
"5350","Nordic American Tankers","NAT","1634715008","7.72","Bermuda"
"5351","Americas Gold and Silver Corp","USAS","1633301120","4.83","Canada"
"5352","Scatec ASA","SCATC.OL","1630686988","10.2028","Norway"
"5353","Grainger plc","GRI.L","1628818812","2.19633","United Kingdom"
"5354","Rapport Therapeutics","RAPP","1626943744","33.91","United States"
"5355","BlackLine","BL","1626926336","27.99","United States"
"5356","Graphite India","GRAPHITE.NS","1626264201","8.32378","India"
"5357","Cogeco","CCA.TO","1626222218","38.706","Canada"
"5358","Syndax Pharmaceuticals","SNDX","1625207040","18.2","United States"
"5359","Nittetsu Mining","1515.T","1623743645","20.6368","Japan"
"5360","Ellington Financial","EFC","1623159808","12.36","United States"
"5361","Burkhalter Holding","BRKN.SW","1623109469","152.259","Switzerland"
"5362","Hemab Therapeutics Holdings","COAG","1622779008","34.74","United States"
"5363","Senior plc","SNR.L","1621949696","3.92344","United Kingdom"
"5364","Simplex Holdings","4373.T","1621169286","7.24199","Japan"
"5365","Fujimi Incorporated","5384.T","1618318593","21.8151","Japan"
"5366","Distribution Solutions Group","DSGR","1617089536","34.96","United States"
"5367","Kestra Medical Technologies","KMTS","1616507136","27.14","United States"
"5368","Goosehead Insurance","GSHD","1616438400","45.23","United States"
"5369","Burjeel Holdings","BURJEEL.AE","1615621013","0.31","United Arab Emirates"
"5370","Bursa Malaysia","1818.KL","1615426765","1.99608","Malaysia"
"5371","Progress Software","PRGS","1613449216","39.34","United States"
"5372","The Miyazaki Bank","8393.T","1611455724","19.2037","Japan"
"5373","Habib Bank","HBL.PK","1610762666","1.09811","Pakistan"
"5374","Cembre S.p.A.","CMB.MI","1610532909","95.7798","Italy"
"5375","Avalon Technologies","AVALON.NS","1609662408","24.0671","India"
"5376","Global Partners LP","GLP","1609180544","47.54","United States"
"5377","Nippon Sheet Glass Company","5202.T","1608713561","3.15922","Japan"
"5378","Sally Beauty Holdings","SBH","1608430976","17.18","United States"
"5379","Jungfraubahn Holding AG","JFN.SW","1606966149","275.412","Switzerland"
"5380","Bellevue Gold","BGL.AX","1606297709","1.07697","Australia"
"5381","CBL Properties","CBL","1606238464","51.91","United States"
"5382","SHO-BOND Holdings","1414.T","1606166126","8.0095","Japan"
"5383","Lucid Motors","LCID","1603865728","4.07","United States"
"5384","santec Holdings Corporation","6777.T","1602996938","136.305","Japan"
"5385","IntegraFin","IHP.L","1600553079","4.84465","United Kingdom"
"5386","Stoke Therapeutics","STOK","1600250752","24.8","United States"
"5387","Métropole Télévision (Groupe M6)","MMT.PA","1599976513","12.6948","France"
"5388","Sotetsu Holdings","9003.T","1599677999","16.6687","Japan"
"5389","Sienna Senior Living","SIA.TO","1599183822","14.4229","Canada"
"5390","Forbo Holding","FORN.SW","1598091680","1114.88","Switzerland"
"5391","Global Ship Lease","GSL","1597450752","44.33","United Kingdom"
"5392","SkyWater Technology","SKYT","1597181312","32.46","United States"
"5393","Paradox Interactive","PDX.ST","1596708548","15.2374","Sweden"
"5394","Anterix","ATEX","1596628736","81.42","United States"
"5395","The Oita Bank","8392.T","1596305317","21.0827","Japan"
"5396","SeSa S.p.A.","SES.MI","1594989012","105.335","Italy"
"5397","Weibo","WB","1594414976","6.49","China"
"5398","OdontoPrev","ODPV3.SA","1593697043","2.92371","Brazil"
"5399","D/S Norden (Dampskibsselskabet Norden)","DNORD.CO","1592828846","58.2727","Denmark"
"5400","KFin Technologies","KFINTECH.NS","1592119631","9.20981","India"
"5401","Nürnberger Versicherung","NBG6.F","1591437453","138.21","Germany"
"5402","Saudia Dairy &amp; Foodstuff Company","2270.SR","1591297684","49.7909","Saudi Arabia"
"5403","Ingles Markets","IMKTA","1591158784","83.77","United States"
"5404","Wealthfront Corporation","WLTH","1589876352","10.18","United States"
"5405","Trinity Capital","TRIN","1587415808","17.66","United States"
"5406","MITSUI-SOKO HOLDINGS Co., Ltd.","9302.T","1587079515","21.2164","Japan"
"5407","Dana Gas","DANA.AE","1586567719","0.23","United Arab Emirates"
"5408","Hangzhou Shunwang Technology","300113.SZ","1583106704","2.34825","China"
"5409","Mixi","2121.T","1582805510","24.2355","Japan"
"5410","Sensirion Holding","SENS.SW","1582531340","101.746","Switzerland"
"5411","Immunocore","IMCR","1582037504","30.72","United Kingdom"
"5412","Champion REIT","2778.HK","1582015305","0.256236","Hong Kong"
"5413","Public Property Invest AS","PUBLI.OL","1581885433","1.68294","Norway"
"5414","Global Industrial Company","GIC","1581496064","41.5","United States"
"5415","Ourpalm","300315.SZ","1580443594","0.583704","China"
"5416","National Bank of Umm Al Qaiwain","NBQ.AE","1579176622","0.79","United Arab Emirates"
"5417","Kosmos Energy","KOS","1578042368","2.65","United States"
"5418","Uranium Royalty","UROY","1577618688","4.14","Canada"
"5419","NS United Kaiun Kaisha","9110.T","1577526660","66.9422","Japan"
"5420","HawkEye 360","HAWK","1577245440","16.1","United States"
"5421","Guaranty Trust Bank","9JO.F","1576660743","2.67857","Nigeria"
"5422","Syngene International","SYNGENE.NS","1576634967","3.91707","India"
"5423","BASF India","BASF.NS","1576392765","36.4184","India"
"5424","Punjab &amp; Sind Bank","PSB.NS","1575236207","0.222002","India"
"5425","Hawaiian Electric Industries","HE","1574499456","9.1","United States"
"5426","Natco Pharma","NATCOPHARM.NS","1574236338","8.63163","India"
"5427","MM Group (Mayr-Melnhof AG)","MYM.F","1573752312","80.9919","Austria"
"5428","Metro Bank Holdings","MTRO.L","1573264261","2.33551","United Kingdom"
"5429","Astra Microwave","ASTRAMICRO.NS","1572789446","16.5653","India"
"5430","Tecnoglass","TGLS","1572281984","35.44","Colombia"
"5431","Borregaard","BRG.OL","1572147439","15.7775","Norway"
"5432","One Software Technologies","ONE.TA","1571792743","21.3415","Israel"
"5433","CenturyPly","CENTURYPLY.NS","1571690579","7.07417","India"
"5434","HomeCo Daily Needs REIT","HDN.AX","1570673243","0.750719","Australia"
"5435","Opera","OPRA","1569391744","17.65","Norway"
"5436","HIAG Immobilien","HIAG.SW","1567196679","154.905","Switzerland"
"5437","Marksans Pharma","MARKSANS.NS","1565230173","3.45401","India"
"5438","PAL GROUP Holdings","2726.T","1565214424","9.04453","Japan"
"5439","Wolverine World Wide","WWW","1565005056","19.07","United States"
"5440","EVT Limited","EVT.AX","1564836773","9.605","Australia"
"5441","Clariane","CLARI.PA","1564729266","4.37948","France"
"5442","Telkom SA","TKG.JO","1564031200","3.1658","South Africa"
"5443","ConnectOne Bancorp","CNOB","1562934016","31.06","United States"
"5444","Helix Energy Solutions","HLX","1562253952","10.6","United States"
"5445","Abu Dhabi Aviation","ADAVIATION.AE","1561804878","1.42","United Arab Emirates"
"5446","Huntsman Corporation","HUN","1560869632","8.9","United States"
"5447","Nakanishi","7716.T","1560062055","19.0699","Japan"
"5448","BlueNord ASA","BNOR.OL","1559766073","61.0065","Norway"
"5449","TPBank (Tien Phong Commercial Joint Stock Bank)","TPB.VN","1559297185","0.562101","Vietnam"
"5450","Atlas Energy Solutions","AESI","1557572608","12.47","United States"
"5451","PILLAR Corporation","6490.T","1556591173","68.0887","Japan"
"5452","Becamex (Investment and Industrial Development Corporation)","BCM.VN","1556046414","1.50343","Vietnam"
"5453","Pigeon","7956.T","1551729331","12.9904","Japan"
"5454","Volex plc","VLX.L","1550769081","8.47309","United Kingdom"
"5455","Kuwait Real Estate Company (AQARAT)","KRE.KW","1550751356","1206.11","Kuwait"
"5456","Aura Investments","AURA.TA","1550334479","5.45674","Israel"
"5457","Gens Aurea","OROX.MI","1548720166","15.3339","Italy"
"5458","Aluar Aluminio Argentino","ALUA.BA","1547392614","0.55264","Argentina"
"5459","Befesa","BFSA.DE","1547036699","38.6759","Luxembourg"
"5460","Machvision Inc.","3563.TW","1546677701","24.1816","Taiwan"
"5461","Safestore","SAFE.L","1546034994","7.0781","United Kingdom"
"5462","Landis+Gyr","LAND.SW","1544935382","58.0291","Switzerland"
"5463","Cloetta","CLA-B.ST","1543948657","5.37021","Sweden"
"5464","NCAB Group AB","NCAB.ST","1540833392","8.24102","Sweden"
"5465","AGI Inc (Agibank)","AGBK","1537673856","5.89","Brazil"
"5466","Kagome Co., Ltd.","2811.T","1537478264","16.9999","Japan"
"5467","Inabata &amp; Co.,Ltd.","8098.T","1536845136","28.7896","Japan"
"5468","M.Yochananof and Sons","YHNF.TA","1536290841","106.04","Israel"
"5469","Furuno Electric Co., Ltd.","6814.T","1536138750","48.5984","Japan"
"5470","Shibaura Mechatronics","6590.T","1534353323","23.3756","Japan"
"5471","Hokuriku Electric Power Company","9505.T","1534179570","7.3439","Japan"
"5472","Kinepolis Group","KIN.BR","1533534599","57.3314","Belgium"
"5473","Tsugami Corporation","6101.T","1533252367","33.1208","Japan"
"5474","Pathward Financial","CASH","1533074176","73.8","United States"
"5475","Osaka Soda","4046.T","1531952300","12.7069","Japan"
"5476","Kelt Exploration","KEL.TO","1531317964","7.54344","Canada"
"5477","Omnicell","OMCL","1530820096","33.66","United States"
"5478","Innovative Industrial Properties","IIPR","1530761216","55.52","United States"
"5479","National Company for Learning and Education","4291.SR","1530436697","35.5916","Saudi Arabia"
"5480","TF1","TFI.PA","1530116849","7.26311","France"
"5481","Virgin Australia","VGN.AX","1529618049","1.95047","Australia"
"5482","Nationwide Building Society","NBS.L","1529580469","167.674","United Kingdom"
"5483","Godawari Power &amp; Ispat","GPIL.NS","1528446821","2.34879","India"
"5484","Breedon Group","BREE.L","1525573216","4.39531","United Kingdom"
"5485","Arcos Dorados Holdings","ARCO","1525200512","7.24","Uruguay"
"5486","AnaptysBio","ANAB","1524657408","51","United States"
"5487","Peugeot Invest Société anonyme","PEUG.PA","1524572415","61.4265","France"
"5488","DCM Shriram","DCMSHRIRAM.NS","1523865650","9.84061","India"
"5489","Redcare Pharmacy","RDC.DE","1523034988","75.4749","Netherlands"
"5490","Sparebanken Vest","SVEG.OL","1522353635","13.8817","Norway"
"5491","Taysha Gene Therapies","TSHA","1521642624","4.67","United States"
"5492","Nazara Technologies","NAZARA.NS","1521511058","3.9551","India"
"5493","Nikkiso Co., Ltd.","6376.T","1521429039","23.2801","Japan"
"5494","Kennedy Wilson","KW","1521191808","10.92","United States"
"5495","Safety Insurance","SAFT","1519576704","103.51","United States"
"5496","Saudi Real Estate Company (Al Akaria)","4020.SR","1518501669","4.04934","Saudi Arabia"
"5497","Israel Canada (T.R) Ltd","ISCN.TA","1516802617","4.44683","Israel"
"5498","Derichebourg","DBG.PA","1516691337","9.58366","France"
"5499","Hornbach Holding","HBH.DE","1515999575","94.756","Germany"
"5500","Xanadu Quantum Technologies Limited","XNDU","1515878656","4.98","Canada"
"5501","Taikisha","1979.T","1515220169","24.1081","Japan"
"5502","Romande Energie","REHN.SW","1515131679","59.0513","Switzerland"
"5503","CIE Automotive India","CIEINDIA.NS","1515038704","3.99365","India"
"5504","Dom Development","DOM.WA","1514833693","58.7181","Poland"
"5505","Advanced Petrochemical","2330.SR","1512972473","5.85289","Saudi Arabia"
"5506","Atrium Ljungberg","ATRLJ-B.ST","1512658581","2.39903","Sweden"
"5507","Delta Galil Industries","DELG.TA","1511485963","57.5971","Israel"
"5508","Antin Infrastructure Partners","ANTIN.PA","1509212561","8.45183","France"
"5509","Nippon Shinyaku","4516.T","1508569038","22.382","Japan"
"5510","Robertet","CBE.PA","1508276477","718.917","France"
"5511","Implenia AG","IMPN.SW","1508160245","81.6616","Switzerland"
"5512","Deutsche EuroShop","DEQ.F","1507811856","19.9067","Germany"
"5513","United Parks &amp; Resorts","PRKS","1507598464","33.25","United States"
"5514","Nutex Health","NUTX","1507307392","220.11","United States"
"5515","Revolve Group","RVLV","1507011072","21.2","United States"
"5516","i-80 Gold","IAUX","1506668928","1.74","United States"
"5517","Energizer Holdings","ENR","1506640128","22","United States"
"5518","Oki Electric Industry Co., Ltd.","6703.T","1506162901","17.3629","Japan"
"5519","Savaria Corporation","SIS.TO","1505389691","20.9422","Canada"
"5520","Killam Apartment REIT","KMP-UN.TO","1505343041","12.2687","Canada"
"5521","Nohmi Bosai Ltd.","6744.T","1505305512","25.5731","Japan"
"5522","Adecoagro","AGRO","1505132160","10.43","Luxembourg"
"5523","Avio S.p.A.","AVIO.MI","1504971570","32.6015","Italy"
"5524","OCI Holdings Company","010060.KS","1504726211","168.079","South Korea"
"5525","TOMONY Holdings","8600.T","1504663201","7.82798","Japan"
"5526","M.P. Evans Group PLC","MPE.L","1504428548","28.9691","United Kingdom"
"5527","Action Construction Equipment","ACE.NS","1503999687","12.6357","India"
"5528","Atresmedia Corporación de Medios de Comunicación, S.A.","A3M.MC","1503580183","6.67728","Spain"
"5529","Deterra Royalties","DRR.AX","1503562016","2.82747","Australia"
"5530","PowerX, Inc.","485A.T","1502060458","12.9362","Japan"
"5531","Comer Industries","COM.MI","1501066048","52.44","Italy"
"5532","DeNA","2432.T","1499327165","16.2069","Japan"
"5533","AEON REIT Investment","3292.T","1498572984","712.734","Japan"
"5534","ICF International","ICFI","1498555264","83.56","United States"
"5535","Innoviva","INVA","1498371456","20.74","United States"
"5536","WEBTOON Entertainment","WBTN","1498250240","11.04","United States"
"5537","Atoss","AOF.F","1498167811","94.1872","Germany"
"5538","Bonesupport Holding AB","BONEX.ST","1497651490","22.9062","Sweden"
"5539","Tyra Biosciences","TYRA","1496129152","21.76","United States"
"5540","Keystone Infra","KSTN.TA","1495774689","6.94553","Israel"
"5541","Nerolac Paints","KANSAINER.NS","1495525716","1.84894","India"
"5542","Econergy Renewable Energy","ECNR.TA","1494473840","19.3706","Israel"
"5543","PetroVietnam Power","POW.VN","1494118986","0.487025","Vietnam"
"5544","Pearl Abyss","263750.KQ","1491537253","24.4579","South Korea"
"5545","Cymbria","CYB.TO","1491339074","68.4984","Canada"
"5546","Lyntris Inc.","LYNX","1491108992","12.86","United States"
"5547","Hokkaido Electric Power Company","9509.T","1491068116","7.2611","Japan"
"5548","Nipro Corporation","8086.T","1490706627","9.14007","Japan"
"5549","Kemper","KMPR","1490695552","25.32","United States"
"5550","Azenta","AZTA","1490361472","34.02","United States"
"5551","FMC Corporation","FMC","1490130688","9.58","United States"
"5552","B.Grimm Power","BGRIM.BK","1490100649","0.571599","Thailand"
"5553","Yoshinoya Holdings Co., Ltd.","9861.T","1489908408","23.2546","Japan"
"5554","JAPAN MATERIAL Co., Ltd.","6055.T","1489888580","14.4967","Japan"
"5555","Globant","GLOB","1489694720","34.5","Luxembourg"
"5556","Nishi-Nippon Railroad","9031.T","1489633221","19.7196","Japan"
"5557","Modern Times Group (MTG)","MTG-B.ST","1488972166","12.5773","Sweden"
"5558","Bittium","BITTI.HE","1488036577","41.861","Finland"
"5559","Ardent Health","ARDT","1486623872","10.54","United States"
"5560","Nomad Foods","NOMD","1485980160","10.63","United Kingdom"
"5561","Arvind","ARVIND.NS","1484520324","5.66309","India"
"5562","ADI Global Distribution","ADIG","1484298496","19.55","United States"
"5563","Pasqal Holding SA","PSQL","1483932928","6.99","France"
"5564","Comforia Residential REIT","3282.T","1482439439","606.366","Japan"
"5565","Seera Holding Group","1810.SR","1481605534","5.41599","Saudi Arabia"
"5566","Misto Holdings (Fila)","081660.KS","1481287262","28.1358","South Korea"
"5567","Telia Lietuva","ZWS.F","1481286110","2.46843","Lithuania"
"5568","Esquire Financial Holdings","ESQ","1480148352","122.28","United States"
"5569","Lakeland Financial Corp","LKFN","1479289984","59.51","United States"
"5570","Corbion","CRBN.AS","1478185485","25.6399","Netherlands"
"5571","Corsair Gaming","CRSR","1477697280","13.66","United States"
"5572","Amara Raja Energy &amp; Mobility","ARE&M.NS","1477607092","8.07324","India"
"5573","Infortar","INF1T.TL","1477154467","71.6642","Estonia"
"5574","Sanlorenzo","SL.MI","1476309384","41.6562","Italy"
"5575","Cardinal Energy","CJ.TO","1475956743","8.39808","Canada"
"5576","Alkami Technology","ALKT","1475799424","13.8","United States"
"5577","Goodyear","GT","1475481088","5.125","United States"
"5578","SÜSS MicroTec","SMHN.DE","1474273120","77.1243","Germany"
"5579","Capital Southwest Corporation","CSWC","1474164352","23.13","United States"
"5580","Top Glove","BVA.SI","1473576608","0.18378","Malaysia"
"5581","MPC Container Ships","MPCC.OL","1471319010","3.01456","Norway"
"5582","MasterBrand","MBC","1471236352","7.23","United States"
"5583","Wüstenrot &amp; Württembergische","WUW.F","1470542322","15.7206","Germany"
"5584","Pagaya Technologies","PGY","1469963392","17.62","Israel"
"5585","Triumph Financial","TFIN","1468319232","61.45","United States"
"5586","Crompton Greaves Consumer Electricals","CROMPTON.NS","1467742213","2.2794","India"
"5587","Glory Ltd.","6457.T","1467580812","28.7132","Japan"
"5588","Osotspa","OSP.BK","1466552490","0.488241","Thailand"
"5589","Grand City Properties","GYC.DE","1466545071","8.3267","Luxembourg"
"5590","Inhibrx Biosciences","INBX","1466026112","99.61","United States"
"5591","Stepan Company","SCL","1465690752","64.53","United States"
"5592","Ahlibank","ABOB.OM","1465297611","0.52741","Oman"
"5593","Ngern Tid Lor","TIDLOR.BK","1464602775","0.50908","Thailand"
"5594","NTN Corporation","6472.T","1463157682","2.46113","Japan"
"5595","Tokai Tokyo Financial Holdings","8616.T","1461456992","5.75792","Japan"
"5596","Fluence Energy","FLNC","1459388544","7.85","United States"
"5597","Wolfspeed","WOLF","1459295744","27.57","United States"
"5598","Companhia Siderúrgica Nacional","SID","1458703360","1.1","Brazil"
"5599","Mori Hills REIT Investment","3234.T","1458049142","775.791","Japan"
"5600","Sopharma","3JR.F","1457631955","2.70731","Bulgaria"
"5601","Thai Union Group","TU.BK","1457567386","0.378089","Thailand"
"5602","Flight Centre Travel Group Limited","FLT.AX","1457381523","7.17042","Australia"
"5603","Kailera Therapeutics","KLRA","1453953920","11.215","United States"
"5604","American Superconductor Corporation","AMSC","1453748736","30.01","United States"
"5605","Omeros Corporation","OMER","1453557504","20.08","United States"
"5606","KSB ltd","KSB.NS","1452744341","8.34722","India"
"5607","Pegasus Airlines","PGSUS.IS","1451654373","2.90331","Turkey"
"5608","Starts Corporation","8850.T","1450774588","30.6049","Japan"
"5609","Black Box","BBOX.NS","1448972044","8.15866","India"
"5610","National Industrialization Company (Saudi Arabia)","2060.SR","1448776128","2.16586","Saudi Arabia"
"5611","J&amp;J Snack Foods","JJSF","1448011520","77.51","United States"
"5612","EL.En. S.p.A. (Elen Group)","ELN.MI","1447985727","18.0526","Italy"
"5613","PORR","ABS2.F","1447634240","36.8559","Austria"
"5614","Maze Therapeutics","MAZE","1447055744","26.05","United States"
"5615","Nolato AB","NOLA-B.ST","1446633014","5.37021","Sweden"
"5616","Coursera","COUR","1446111104","5.05","United States"
"5617","Healthcare Services Group","HCSG","1444707712","21.05","United States"
"5618","KPIT Technologies","KPITTECH.NS","1443521919","5.30264","India"
"5619","Friedrich Vorwerk Group","VH2.DE","1443521816","72.1761","Germany"
"5620","Pharma Mar","PHM.MC","1442576413","83.4376","Spain"
"5621","Interroll","INRN.SW","1441718259","1727.04","Switzerland"
"5622","Qisda Corporation","2352.TW","1441296991","0.911921","Taiwan"
"5623","Tabcorp","TAH.AX","1440746822","0.627938","Australia"
"5624","Brim hf.","BRIM.IC","1440364030","0.748067","Iceland"
"5625","Wizz Air","WIZZ.L","1439309796","13.9044","Jersey"
"5626","Kumho Tire","073240.KS","1438963832","5.00927","South Korea"
"5627","Eramet","ERA.PA","1438942296","50.2104","France"
"5628","QNB Finans Finansal Kiralama (QNB Finansleasing)","QNBFK.IS","1438179168","0.71909","Turkey"
"5629","KalVista Pharmaceuticals","KALV","1437504000","27","United States"
"5630","P3 Health Partners","PIII","1436705920","7.05","United States"
"5631","Kuwait International Bank","KIB.KW","1435909324","822.497","Kuwait"
"5632","Vistance Networks","VISN","1434496256","6.22","United States"
"5633","Idorsia","IDIA.SW","1432193999","5.32304","Switzerland"
"5634","Tompkins Financial","TMP","1432105856","99.57","United States"
"5635","Savers Value Village","SVV","1431210752","9.34","United States"
"5636","Sylvamo","SLVM","1429778304","35.96","United States"
"5637","Ultragenyx Pharmaceutical","RARE","1429538688","14.5","United States"
"5638","EverCommerce","EVCM","1427455232","8.08","United States"
"5639","Dorchester Minerals","DMLP","1425614592","29.04","United States"
"5640","Diagnostyka S.A.","DIA.WA","1425194519","42.2199","Poland"
"5641","BinDawood","4161.SR","1425058021","1.24677","Saudi Arabia"
"5642","Frontier Airlines","ULCC","1425035648","6.19","United States"
"5643","Icade","ICAD.PA","1424488096","18.7806","France"
"5644","Pilot Corporation","7846.T","1424309276","13.5636","Japan"
"5645","Amprius Technologies","AMPX","1424286080","9.75","United States"
"5646","The Pennant Group","PNTG","1424058240","40.77","United States"
"5647","Boxabl Inc.","BXBL","1423095296","4.03","United States"
"5648","Amalgamated Financial","AMAL","1422649088","47.58","United States"
"5649","Bank of Sharjah","BOS.AE","1421258960","0.47","United Arab Emirates"
"5650","REX American Resources","REX","1421244416","42.84","United States"
"5651","Kontron AG","KTN.F","1420672557","23.16","Austria"
"5652","Ship Healthcare Holdings","3360.T","1419627551","15.5636","Japan"
"5653","Koh Young Technology","098460.KQ","1418641733","21.442","South Korea"
"5654","Dis-Chem Pharmacies","DCP.JO","1416046700","1.65405","South Africa"
"5655","Navigator Holdings","NVGS","1415571840","23.02","United Kingdom"
"5656","Serica Energy","SQZ.L","1415565647","3.61195","United Kingdom"
"5657","Richelieu Hardware","RCH.TO","1414517284","25.724","Canada"
"5658","SHIFT Inc.","3697.T","1411354415","5.52162","Japan"
"5659","Greenfire Resources","GFR","1411228416","5.87","Canada"
"5660","Okamura Corporation","7994.T","1411040408","14.9044","Japan"
"5661","Burke & Herbert Financial Services","BHRB","1409862272","69.84","United States"
"5662","Peoples Bancorp","PEBO","1409657728","39.22","United States"
"5663","Nextage Co Ltd","3186.T","1409549786","17.9808","Japan"
"5664","NSD Co., Ltd.","9759.T","1409070897","18.6305","Japan"
"5665","Perella Weinberg Partners","PWP","1408355584","14.47","United States"
"5666","JBM Auto","JBMA.NS","1406917956","5.94906","India"
"5667","Europris","EPR.OL","1406408851","8.5935","Norway"
"5668","Lapidoth Capital","LAPD.TA","1404903032","23.5764","Israel"
"5669","CATRION Catering Holding Company","6004.SR","1404640765","17.1298","Saudi Arabia"
"5670","TriMas","TRS","1404462080","39.15","United States"
"5671","NP3 Fastigheter AB","NP3.ST","1404391715","22.7858","Sweden"
"5672","Minera Valparaíso","MINERA.SN","1404026534","11.2322","Chile"
"5673","Newsmax","NMAX","1403976192","10.87","United States"
"5674","Londian Wason New Energy Tech Inc.","FOIL","1403288064","18.12","China"
"5675","Atlanticus","ATLC","1403228544","92.5","United States"
"5676","ArriVent BioPharma","AVBP","1402804864","28.45","United States"
"5677","Vizsla Silver","VZLA","1402474624","3.95","Canada"
"5678","Westamerica Bancorporation","WABC","1402153600","60.67","United States"
"5679","Salvatore Ferragamo","SFER.MI","1401979840","8.5087","Italy"
"5680","Playtech","PTEC.L","1400951533","5.04215","Isle of Man"
"5681","Fukuyama Transporting","9075.T","1399909795","39.745","Japan"
"5682","Colowide","7616.T","1399909691","13.1687","Japan"
"5683","Phibro Animal Health","PAHC","1398725248","34.45","United States"
"5684","V-Guard Industries","VGUARD.NS","1398424612","3.20085","India"
"5685","Intercos","ICOS.MI","1396439920","15.0154","Italy"
"5686","Hino Motors","7205.T","1394702921","2.42961","Japan"
"5687","Tsakos Energy Navigation","TEN","1392799104","46.23","Greece"
"5688","Trisura Group","TSU.TO","1392290777","29.4886","Canada"
"5689","Fox-Wizel","FOX.TA","1392024555","100.111","Israel"
"5690","Olaplex","OLPX","1391282176","2.07","United States"
"5691","Fresh Del Monte Produce","FDP","1390188416","29.22","Cayman Islands"
"5692","Ingersoll Rand India","INGERRAND.NS","1390057490","44.0338","India"
"5693","Certara","CERT","1389628288","9.11","United States"
"5694","Elang Mahkota Teknologi","EMTK.JK","1389118591","0.0227045","Indonesia"
"5695","Spin Master","TOY.TO","1387455111","13.872","Canada"
"5696","China Everbright Limited","0165.HK","1386773973","0.822887","Hong Kong"
"5697","Klöckner &amp; Co","KCO.DE","1386582857","13.9006","Germany"
"5698","LOTTE Corporation","004990.KS","1386468602","18.0584","South Korea"
"5699","SM Entertainment","041510.KQ","1385995406","60.5379","South Korea"
"5700","Heiwa Corporation","6412.T","1385165437","14.0445","Japan"
"5701","Kardigan, Inc.","KARD","1382919680","14.79","United States"
"5702","Adient","ADNT","1382427904","17.63","Ireland"
"5703","Arlo Technologies","ARLO","1381754880","12.84","United States"
"5704","Al Yah Satellite Communications Company","YAHSAT.AE","1381741539","0.57","United Arab Emirates"
"5705","CEAT","CEATLTD.NS","1379955360","34.115","India"
"5706","Perpetual Limited","PPT.AX","1379885529","11.9273","Australia"
"5707","PM Capital Global Opportunities Fund","PGF.AX","1379085092","2.26619","Australia"
"5708","MillerKnoll","MLKN","1378785280","20.06","United States"
"5709","Takuma Co., Ltd.","6013.T","1375219787","19.14","Japan"
"5710","freee K.K.","4478.T","1374534690","23.0572","Japan"
"5711","Arhaus","ARHS","1374354048","9.71","United States"
"5712","Barloworld","BAW.JO","1372922800","7.36393","South Africa"
"5713","Community Trust Bancorp","CTBI","1372770560","75.56","United States"
"5714","Aditya Birla Real Estate","ABREL.NS","1372575220","12.4128","India"
"5715","H&amp;K AG (Heckler &amp; Koch)","MLHK.PA","1372329153","38.6759","Germany"
"5716","Hillman Solutions","HLMN","1371542272","7.05","United States"
"5717","United Fire Group","UFCS","1370871168","53.33","United States"
"5718","Future Corporation","4722.T","1370232509","15.4521","Japan"
"5719","Exzeo Group","XZO","1370206848","15.21","United States"
"5720","Vedant Fashions","MANYAVAR.NS","1370180091","5.63913","India"
"5721","Megmilk Snow Brand","2270.T","1369840026","22.9935","Japan"
"5722","Dar Global","DAR.L","1368164224","7.6","United Kingdom"
"5723","Zug Estates Holding","ZUGN.SW","1367801910","2681.96","Switzerland"
"5724","Liquidity Services","LQDT","1366371840","43.61","United States"
"5725","Siam City Cement (INSEE)","SCCC.BK","1366240000","4.5847","Thailand"
"5726","ChemoMetec","CHEMM.CO","1366115017","79.4212","Denmark"
"5727","Industrie De Nora","DNR.MI","1365538062","6.87066","Italy"
"5728","PFISTERER Holding SE","PFSE.DE","1364707394","75.418","Germany"
"5729","ORIC Pharmaceuticals","ORIC","1364068992","13.16","United States"
"5730","Bradespar","BRAP3.SA","1363349624","3.46823","Brazil"
"5731","PCBL Limited","PCBL.NS","1363121009","3.46442","India"
"5732","Ingenia Communities Group","INA.AX","1361184579","3.33965","Australia"
"5733","Create SD Holdings","3148.T","1359930691","21.0508","Japan"
"5734","CONMED","CNMD","1359187712","45.38","United States"
"5735","Tessenderlo Group","TESB.BR","1358897816","23.0349","Belgium"
"5736","TS TECH","7313.T","1358724127","11.6337","Japan"
"5737","InterRent Real Estate Investment Trust","IIP-UN.TO","1358177845","9.5635","Canada"
"5738","Everforth","EFOR","1357920000","33.12","United States"
"5739","DFDS A/S","DFDS.CO","1357690782","25.1348","Denmark"
"5740","Norwegian Air Shuttle","NAS.OL","1357409112","1.28955","Norway"
"5741","Ramkrishna Forgings","RKFORGE.NS","1356607861","7.32472","India"
"5742","Kerry Logistics Network","0636.HK","1355975896","0.750223","Hong Kong"
"5743","SBS Holdings","2384.T","1355947318","34.1399","Japan"
"5744","Agilon Health","AGL","1355554432","80.73","United States"
"5745","EXEDY Corporation","7278.T","1354219286","37.8342","Japan"
"5746","Électricite de Strasbourg","ELEC.PA","1353791358","188.829","France"
"5747","Pursuit Attractions and Hospitality","PRSU","1352699648","49.28","United States"
"5748","Bilia AB","BILI-A.ST","1352564717","14.7455","Sweden"
"5749","Forestar Group","FOR","1351456896","26.49","United States"
"5750","Ricoh Leasing Company","8566.T","1350769381","43.8214","Japan"
"5751","Varroc","VARROC.NS","1350425158","8.8379","India"
"5752","Gallantt Ispat","GALLANTT.NS","1348674789","5.58964","India"
"5753","Noritsu Koki","7744.T","1348399664","12.8916","Japan"
"5754","POET Technologies","POET","1344661248","7.77","Canada"
"5755","Alpha Tau Medical","DRTS","1344632320","14.54","Israel"
"5756","Digital Turbine","APPS","1344490496","11.11","United States"
"5757","BigBear.ai","BBAI","1342584576","2.8","United States"
"5758","Sun Corp","6736.T","1342416621","62.3563","Japan"
"5759","Derayah Financial Company","4084.SR","1341754120","5.48792","Saudi Arabia"
"5760","Cham Swiss Properties AG","CHAM.SW","1341067663","27.421","Switzerland"
"5761","Great Eagle","0041.HK","1340944981","1.78855","Hong Kong"
"5762","ARKO Petroleum","APC","1340114688","16.23","United States"
"5763","AMN Healthcare Services","AMN","1338508544","34.56","United States"
"5764","GenusPlus Group Limited","GNP.AX","1338047589","6.58107","Australia"
"5765","Dürr","DUE.F","1336652521","19.3152","Germany"
"5766","Edelweiss Financial Services","EDELWEISS.NS","1335636118","1.41108","India"
"5767","Hays plc","HAS.L","1334955288","0.8503","United Kingdom"
"5768","SHIFT UP","462870.KS","1334633033","23.2074","South Korea"
"5769","National Medical Care Company","4005.SR","1334616237","29.8639","Saudi Arabia"
"5770","VIEL &amp; Cie","VIL.PA","1334382272","21.5675","France"
"5771","Rai Way","RWAY.MI","1333206378","4.96531","Italy"
"5772","Boost Run","BRUN","1333004416","16.77","United States"
"5773","Almoosa Health Company","4018.SR","1332518424","30.077","Saudi Arabia"
"5774","Toenec Corporation","1946.T","1331724199","14.2483","Japan"
"5775","Jamieson Wellness","JWEL.TO","1331648719","32.0949","Canada"
"5776","Bytes Technology","BYIT.L","1331598689","5.78707","United Kingdom"
"5777","Japan Display","6740.T","1331305209","0.3121","Japan"
"5778","Muninova Holdings","547A.T","1330198200","2.77705","Japan"
"5779","Beach Energy","BPT.AX","1328497117","0.582334","Australia"
"5780","Elementis","ELM.L","1327514410","2.34611","United Kingdom"
"5781","South Indian Bank","SOUTHBANK.NS","1327353485","0.506719","India"
"5782","Cheil Worldwide Inc.","030000.KS","1326811887","13.1006","South Korea"
"5783","Banpu Public Company","BANPU.BK","1324706267","0.434653","Thailand"
"5784","Gamma Communications","GAMA.L","1324573993","14.8587","United Kingdom"
"5785","First Mid Bancshares","FMBH","1322647040","49.72","United States"
"5786","FuelCell Energy","FCEL","1318444544","16.49","United States"
"5787","HBT Financial","HBT","1318253440","36.25","United States"
"5788","The Greenbrier Companies","GBX","1316174208","42.54","United States"
"5789","York Space Systems","YSS","1314512128","9.57","United States"
"5790","Betsson AB","BETS-B.ST","1313345353","9.70654","Sweden"
"5791","UMH Properties","UMH","1311559296","15.4","United States"
"5792","Aichi Steel","5482.T","1311526613","20.4139","Japan"
"5793","Nippon Soda","4041.T","1311058785","24.4584","Japan"
"5794","LuxExperience","LUXE","1310384384","9.38","Germany"
"5795","Canfor","CFP.TO","1310327922","11.1668","Canada"
"5796","East India Distilleries Parry","EIDPARRY.NS","1309686535","7.35962","India"
"5797","Okumura Corporation","1833.T","1308130972","36.4329","Japan"
"5798","Yodogawa Steel Works","5451.T","1307485739","9.12733","Japan"
"5799","Kato Sangyo","9869.T","1307242277","43.3118","Japan"
"5800","National Vision Holdings","EYE","1307015808","16.53","United States"
"5801","Spire Healthcare Group","SPI.L","1306227903","3.2607","United Kingdom"
"5802","Morinaga &amp; Company","2201.T","1305525724","15.5477","Japan"
"5803","Japan Securities Finance","8511.T","1304582555","16.1528","Japan"
"5804","Walker &amp; Dunlop","WD","1303691776","37.98","United States"
"5805","The Monogatari Corporation","3097.T","1303648673","33.9488","Japan"
"5806","Reit 1 Ltd","RIT1.TA","1302816781","6.43406","Israel"
"5807","Izumi Co., Ltd.","8273.T","1302723557","6.19741","Japan"
"5808","Isras Investment Company","ISRS.TA","1302319392","266.158","Israel"
"5809","PROG Holdings","PRG","1301697792","32.68","United States"
"5810","Ategrity Specialty Insurance Company","ASIC","1301216128","27.15","United States"
"5811","Herbalife","HLF","1301051136","12.55","United States"
"5812","Gulf Insurance Group","GINS.KW","1297968618","4561.12","Kuwait"
"5813","Preferred Bank","PFBC","1297679232","109.48","United States"
"5814","Dauch Corporation","DCH","1297321216","5.46","United States"
"5815","Domino's Pizza Enterprises (Australia)","DMP.AX","1296927915","13.6883","Australia"
"5816","CVR Partners","UAN","1296894592","122.7","United States"
"5817","Zigup","ZIG.L","1296616706","5.77912","United Kingdom"
"5818","Inox Wind","INOXWIND.NS","1296313408","0.750078","India"
"5819","Mitra Keluarga","MIKA.JK","1296251518","0.0932109","Indonesia"
"5820","Borr Drilling","BORR","1295753472","4.2","Bermuda"
"5821","Bega Cheese","BGA.AX","1294927674","4.2377","Australia"
"5822","RPC, Inc.","RES","1294476928","5.84","United States"
"5823","Xior Student Housing","XIOR.BR","1293397375","27.6988","Belgium"
"5824","Medartis Holding","MED.SW","1291831508","103.791","Switzerland"
"5825","Sipef","SIP.BR","1291012244","123.535","Belgium"
"5826","Adtran Networks","ADV.DE","1290852081","24.7981","Germany"
"5827","ProAssurance","PRA","1290193152","25","United States"
"5828","YONEX Co., Ltd.","7906.T","1289277179","15.07","Japan"
"5829","Laurentian Bank of Canada","LB.TO","1288988591","28.7329","Canada"
"5830","Cricut","CRCT","1288777600","6.14","United States"
"5831","Land and Houses","LH.BK","1287822635","0.10777","Thailand"
"5832","Noritake","5331.T","1287746172","23.4075","Japan"
"5833","VA Tech Wabag","WABAG.NS","1287199968","20.598","India"
"5834","u-blox","UBXN.SW","1284949029","166.427","Switzerland"
"5835","Oil-Dri Corporation Of America","ODC","1283666432","88.6","United States"
"5836","Oppenheimer Holdings","OPY","1282604800","119.78","United States"
"5837","Alma Media","ALMA.HE","1282309526","15.5841","Finland"
"5838","Edgewell Personal Care","EPC","1282193664","27.82","United States"
"5839","Pakistan Tobacco Company","PAKT.PK","1281937268","5.01749","Pakistan"
"5840","Musashi Seimitsu Industry","7220.T","1281587184","19.554","Japan"
"5841","Two Harbors Investment","TWO","1280541440","12.18","United States"
"5842","BJ's Restaurants","BJRI","1279191424","60.13","United States"
"5843","Redox Limited","RDX.AX","1278350268","2.43458","Australia"
"5844","Lightspeed Commerce","LSPD","1276187008","9.87","Canada"
"5845","WIN Semiconductors","3105.TWO","1275876477","15.7857","Taiwan"
"5846","NAPCO Security Technologies","NSSC","1275502464","35.66","United States"
"5847","Damora Therapeutics","DMRA","1275455872","20.66","United States"
"5848","F.C.C. Co., Ltd.","7296.T","1275311944","26.8788","Japan"
"5849","Qassim Cement Company","3040.SR","1274892543","11.6152","Saudi Arabia"
"5850","JSW Holdings","JSWHL.NS","1274834648","114.866","India"
"5851","Electrica","ECEA.F","1274627197","15.0154","Romania"
"5852","Immatics","IMTX","1274123776","8.37","Germany"
"5853","Suncrete, Inc.","RMIX","1274103424","13.05","United States"
"5854","Boubyan Petrochemical Company","BPCC.KW","1273243104","2272.43","Kuwait"
"5855","Freightways","FRW.NZ","1272830001","7.10243","New Zealand"
"5856","SJM Holdings","0880.HK","1272006205","0.17911","Hong Kong"
"5857","Bicara Therapeutics","BCAX","1271182080","19.21","United States"
"5858","Sun Art Retail Group Limited","6808.HK","1270959665","0.133217","China"
"5859","Old Second Bancorp","OSBC","1269349120","24.95","United States"
"5860","National Bank of Pakistan","NBP.PK","1268608359","0.596287","Pakistan"
"5861","Karnataka Bank","KTKBANK.NS","1268024935","3.35295","India"
"5862","Palfinger","PFI.F","1267933078","33.7277","Austria"
"5863","Asiana Airlines","020560.KS","1267684191","6.15677","South Korea"
"5864","Austal Limited","ASB.AX","1267436816","3.00288","Australia"
"5865","United Electronics Company (eXtra Saudi)","4003.SR","1266573992","16.3705","Saudi Arabia"
"5866","U.S. Physical Therapy, Inc.","USPH","1266041600","84.84","United States"
"5867","Takara Standard","7981.T","1263659551","19.9999","Japan"
"5868","Bristow Group","VTOL","1263341952","42.62","United States"
"5869","Alexander's, Inc.","ALX","1262113536","247.12","United States"
"5870","NHN Corp","181710.KS","1261185836","41.4865","South Korea"
"5871","Six Flags","FUN","1260536960","12.32","United States"
"5872","Red Violet","RDVT","1260489984","78.55","United States"
"5873","Valor Holdings","9956.T","1259457447","21.6878","Japan"
"5874","Kanadevia Corporation","7004.T","1259191861","7.48403","Japan"
"5875","Empire State Realty Trust","ESRT","1259081472","4.11","United States"
"5876","Vitrolife AB","VITR.ST","1258979622","9.29499","Sweden"
"5877","Shoals Technologies","SHLS","1257200640","7.47","United States"
"5878","Elkem","ELK.OL","1256899391","3.46685","Norway"
"5879","Leggett &amp; Platt","LEG","1256618752","9.2","United States"
"5880","Abacus Storage King","ASK.AX","1254637887","0.954749","Australia"
"5881","ARCS Company Limited","9948.T","1253946719","23.5349","Japan"
"5882","Integra LifeSciences","IART","1253692800","16.12","United States"
"5883","PVR INOX","PVRINOX.NS","1253202954","12.7617","India"
"5884","ISE Chemicals","4107.T","1252838980","24.5858","Japan"
"5885","Norconsult","NORCO.OL","1252726996","4.00224","Norway"
"5886","Moltiply Group (Gruppo Mutuionline)","MOL.MI","1252353071","33.7277","Italy"
"5887","SAN-A CO.,LTD.","2659.T","1251262891","21.0508","Japan"
"5888","Televisa","TV","1249132160","2.37","Mexico"
"5889","Wendy’s","WEN","1248888064","6.55","United States"
"5890","FirstGroup","FGP.L","1248610768","2.40443","United Kingdom"
"5891","Quantum Corporation","QMCO","1248508800","31.68","United States"
"5892","Celulosa Argentina","CELU.BA","1248115989","0.123647","Argentina"
"5893","IRSA Inversiones y Representaciones","IRS","1247842560","14.75","Argentina"
"5894","The Shikoku Bank","8387.T","1245839926","29.745","Japan"
"5895","Avalyn Pharma","AVLN","1244873344","28.08","United States"
"5896","Turning Point Brands","TPB","1244436608","62.07","United States"
"5897","Radware","RDWR","1243958272","29.56","Israel"
"5898","Sinarmas Land","A26.SI","1242348621","0.291963","Singapore"
"5899","Sanyo Denki","6516.T","1241887337","34.9679","Japan"
"5900","H.U. Group Holdings","4544.T","1241441841","22.7387","Japan"
"5901","Harrow, Inc.","HROW","1239723136","33.07","United States"
"5902","Société de la Tour Eiffel","EIFF.PA","1239426397","9.32772","France"
"5903","China Lesso Group","2128.HK","1239288274","0.402201","China"
"5904","Ryerson","RYZ","1237782912","23.85","United States"
"5905","Sarana Menara Nusantara","TOWR.JK","1237441518","0.0212577","Indonesia"
"5906","Seneca Foods","SENEA","1236691712","182.66","United States"
"5907","Nabors Industries","NBR","1235531520","81.33","Bermuda"
"5908","Sano Bruno's Enterprises","SANO1.TA","1235471753","109.917","Israel"
"5909","Umios (Maruha Nichiro Corporation)","1333.T","1234013676","8.16237","Japan"
"5910","Retal Urban Development Company","4322.SR","1233736401","2.47223","Saudi Arabia"
"5911","Unipar Carbocloro","UNIP6.SA","1233296464","11.0432","Brazil"
"5912","Shikoku Kasei Holdings Corp","4099.T","1233008101","14.2547","Japan"
"5913","Wacoal Holdings","3591.T","1230566066","24.8916","Japan"
"5914","Cronos Group","CRON","1230498944","3.34","Canada"
"5915","Ramsay Générale de Santé","GDS.PA","1230372046","11.1478","France"
"5916","New Pacific Metals","NEWP","1228618240","6.62","Canada"
"5917","Sawai Group Holdings","4887.T","1228406209","10.6369","Japan"
"5918","InnovAge","INNV","1228062848","9","United States"
"5919","Toagosei","4045.T","1227064295","11.6082","Japan"
"5920","Frey SA","FREY.PA","1226741569","38.9034","France"
"5921","Centuria Industrial REIT","CIP.AX","1226609548","1.9645","Australia"
"5922","BCI Minerals Limited","BCI.AX","1226310316","0.417456","Australia"
"5923","Dole PLC","DOLE","1226075264","12.98","Ireland"
"5924","Spinneys","SPINNEYS.AE","1225223172","0.34034","United Arab Emirates"
"5925","OPKO Health","OPK","1223978368","1.64","United States"
"5926","Toho Titanium","5727.T","1223631380","17.1892","Japan"
"5927","Bangkok Airways","BA.BK","1222719282","0.589461","Thailand"
"5928","thyssenkrupp nucera","NCH2.DE","1222055613","9.67467","Germany"
"5929","Pets at Home","PETS.L","1221318557","2.82594","United Kingdom"
"5930","Birchcliff Energy","BIR.TO","1221258798","4.44978","Canada"
"5931","ASRock Rack Incorporation","7711.TW","1221207675","17.0435","Taiwan"
"5932","Lanxess","LXS.F","1219907963","14.1281","Germany"
"5933","TF Bank AB","TFBANK.ST","1217506421","18.8323","Sweden"
"5934","AS LHV Group","LHV1T.TL","1217278947","3.73678","Estonia"
"5935","Trident","TRIDENT.NS","1217228390","0.238879","India"
"5936","Flowers Foods","FLO","1217209600","5.74","United States"
"5937","Vesuvius plc","VSVS.L","1214609602","4.93346","United Kingdom"
"5938","Whirlpool India","WHIRLPOOL.NS","1212612229","9.55412","India"
"5939","Italmobiliare","ITM.MI","1211923215","28.8363","Italy"
"5940","Fever-Tree Drinks","FEVR.L","1211564165","11.0955","United Kingdom"
"5941","MLP SE","MLP.DE","1211317723","11.0909","Germany"
"5942","Shin-Etsu Polymer","7970.T","1211199154","15.07","Japan"
"5943","Nestle Pakistan","NESTLE.PK","1204985293","26.571","Pakistan"
"5944","GELEX Group Joint Stock Company","GEX.VN","1203991079","0.920151","Vietnam"
"5945","Omada Health","OMDA","1203520384","19.66","United States"
"5946","Gibraltar Industries","ROCK","1203087488","40.56","United States"
"5947","Donnelley Financial Solutions","DFIN","1202716928","48.92","United States"
"5948","Champion Iron","CIA.AX","1202373876","2.14692","Australia"
"5949","Willdan Group","WLDN","1201811968","78.9","United States"
"5950","Clear Channel Outdoor","CCO","1201461504","2.36","United States"
"5951","Unusual Machines","UMAC","1201453824","24.05","United States"
"5952","Teekay","TK","1201371776","13.7","Canada"
"5953","Eximbank (Vietnam Export Import Commercial Joint Stock Bank)","EIB.VN","1201223135","0.644876","Vietnam"
"5954","J.S.B.Co.","3480.T","1201130990","56.9423","Japan"
"5955","Harmonic Inc.","HLIT","1200821632","11.01","United States"
"5956","GemLife Communities Group","GLF.AX","1200658139","3.15723","Australia"
"5957","Collective Mining","CNL","1200090496","12.94","Canada"
"5958","Gasco (National Gas and Industrialization Company)","2080.SR","1199816214","15.9975","Saudi Arabia"
"5959","Bitfarms","BITF","1199686528","1.98","Canada"
"5960","Kraken Robotics","PNG.V","1199339626","3.22913","Canada"
"5961","Orora Limited","ORA.AX","1199293632","0.978741","Australia"
"5962","BMV (Bolsa Mexicana de Valores)","BOLSAA.MX","1199231464","2.17413","Mexico"
"5963","Ominvest","OMVS.OM","1198994426","1.06781","Oman"
"5964","XPEL","XPEL","1198776064","43.48","United States"
"5965","Data#3 Limited","DTL.AX","1198742584","7.72469","Australia"
"5966","Nitta Corporation","5186.T","1198664535","43.694","Japan"
"5967","La-Z-Boy","LZB","1196776832","29.88","United States"
"5968","Banco do Estado do Rio Grande do Sul S.A.","BRSR6.SA","1196740639","2.9262","Brazil"
"5969","New Wave Group","NEWA-B.ST","1196697758","9.01895","Sweden"
"5970","Saudi Reinsurance Company","8200.SR","1195421583","7.14495","Saudi Arabia"
"5971","Newag","NWG.WA","1194886843","26.553","Poland"
"5972","Solaris Resources","SLSR","1194562048","7.15","Canada"
"5973","OCB (Orient Commercial Joint Stock Bank)","OCB.VN","1190858244","0.38885","Vietnam"
"5974","Celesc (Centrais Elétricas de Santa Catarina)","CLSC4.SA","1190361033","30.8611","Brazil"
"5975","Fiskars","FSKRS.HE","1189918238","14.7423","Finland"
"5976","Bajaj Mobility AG","BMAG.VI","1189856429","35.2065","Austria"
"5977","American Savings Bank","ASBH","1189463040","18.3","United States"
"5978","Creades AB","CRED-A.ST","1188320730","8.75295","Sweden"
"5979","naturenergie holding","NEAG.SW","1187864147","35.96","Switzerland"
"5980","Bonheur ASA","BONHR.OL","1187756736","27.9263","Norway"
"5981","Leon's Furniture","LNF.TO","1187294407","17.2694","Canada"
"5982","MONY Group plc","MONY.L","1186541780","2.32093","United Kingdom"
"5983","Yamama Saudi Cement Company","3020.SR","1185750093","5.85556","Saudi Arabia"
"5984","Advantage Energy","AAV.TO","1183805281","7.07021","Canada"
"5985","Happinet","7552.T","1183502023","27.3247","Japan"
"5986","NTT UD REIT Investment Corporation","8956.T","1182997045","805.727","Japan"
"5987","Imdex Limited","IMD.AX","1182709940","2.27321","Australia"
"5988","Afry AB","AFRY.ST","1182268124","10.4393","Sweden"
"5989","Indus Holding","INH.F","1182164198","44.1929","Germany"
"5990","PHC Holdings Corporation","6523.T","1180534138","9.33115","Japan"
"5991","MilDef Group","MILDEF.ST","1180402542","25.0643","Sweden"
"5992","Aamal Company","AHCS.QA","1180384599","0.187363","Qatar"
"5993","Myers Industries","MYE","1179702784","31.36","United States"
"5994","Columbia Financial","CLBK","1178979712","11.33","United States"
"5995","ProPetro","PUMP","1177881472","9.59","United States"
"5996","2G Energy AG","2GB.DE","1177497389","65.6353","Germany"
"5997","Sprinklr","CXM","1177108736","5.07","United States"
"5998","ACLEDA Bank","ABC.KH","1176201679","2.72","Cambodia"
"5999","Vistry Group","VTY.L","1176170835","3.70341","United Kingdom"
"6000","Iino Kaiun Kaisha","9119.T","1175953535","11.1146","Japan"
"6001","ScanSource","SCSC","1174325888","58.3","United States"
"6002","Arteris","AIP","1174243712","23.89","United States"
"6003","Blue Dart Express","BLUEDART.NS","1174061866","49.4802","India"
"6004","Cyient","CYIENT.NS","1173759925","11.2751","India"
"6005","Universal Insurance Holdings","UVE","1172771200","42.14","United States"
"6006","Hongkong and Shanghai Hotels","0045.HK","1171951357","0.703056","Hong Kong"
"6007","Sakata Seed","1377.T","1171611594","27.8024","Japan"
"6008","Avanos Medical","AVNS","1170726912","24.99","United States"
"6009","GasLog Partners LP","GLOP-PA","1170184832","25.5","Greece"
"6010","Cosmo Pharmaceuticals","C43.F","1169368130","68.0241","Ireland"
"6011","Prospect Capital","PSEC","1169058944","2.19","United States"
"6012","Heritage Financial","HFWA","1168957568","28.57","United States"
"6013","Kurabo Industries","3106.T","1168815166","74.3944","Japan"
"6014","National Healthcare Properties","NHP","1168665216","16.03","United States"
"6015","I.D.I. Insurance Company","IDIN.TA","1168258579","79.0005","Israel"
"6016","Kanamoto","9678.T","1166883953","34.3947","Japan"
"6017","Nippon Light Metal Holdings Company","5703.T","1166693712","18.9426","Japan"
"6018","Aegean Airlines","AEGN.AT","1166471786","12.9792","Greece"
"6019","Replimune","REPL","1164554624","12.36","United States"
"6020","Arçelik","ARCLK.IS","1164415874","1.7232","Turkey"
"6021","Saga","SAGA.L","1163409094","8.00196","United Kingdom"
"6022","Isracard","ISCD.TA","1162867450","3.5705","Israel"
"6023","G-III Apparel Group","GIII","1162810880","27.12","United States"
"6024","Univest Financial Corporation","UVSP","1162805120","42.16","United States"
"6025","Vossloh AG","VOS.DE","1162620356","60.1752","Germany"
"6026","LGI Homes","LGIH","1162181120","49.99","United States"
"6027","Kri-Kri Milk Industry","KRI.AT","1161922188","35.2065","Greece"
"6028","Lindsay Corporation","LNN","1161795072","114.25","United States"
"6029","Beta Bionics","BBNX","1160382976","21.51","United States"
"6030","Rusta AB","RUSTA.ST","1159915471","7.58354","Sweden"
"6031","Develop Global Limited","DVP.AX","1159915289","3.51505","Australia"
"6032","Amerant Bancorp","AMTB","1158844032","29.57","United States"
"6033","MarineMax","HZO","1158228352","52.44","United States"
"6034","Cracker Barrel","CBRL","1158079488","51.81","United States"
"6035","Monex Group","8698.T","1157546386","4.60507","Japan"
"6036","Norion Bank","NORION.ST","1156859925","6.6952","Sweden"
"6037","Towa Pharmaceutical","4553.T","1155436516","23.4712","Japan"
"6038","Tennant Company","TNC","1154919808","67.74","United States"
"6039","Lendlease","LLC.AX","1154515904","1.66982","Australia"
"6040","Saudi Research and Media Group","4210.SR","1154061389","14.4258","Saudi Arabia"
"6041","Fnac Darty","FNAC.PA","1152608444","39.2447","France"
"6042","YIT","YIT.HE","1152149284","4.99374","Finland"
"6043","Mission Produce","AVO","1152094208","13.14","United States"
"6044","Seaport Therapeutics","SPTX","1151977472","21.52","United States"
"6045","Ladder Capital","LADR","1151936896","9.08","United States"
"6046","Afya","AFYA","1150216832","13","Brazil"
"6047","Carter's","CRI","1149427200","31.31","United States"
"6048","Yurtec Corporation","1934.T","1149293599","16.7324","Japan"
"6049","Bank Islam Malaysia","5258.KL","1149056858","0.50698","Malaysia"
"6050","MATSUDA SANGYO","7456.T","1148887549","44.4583","Japan"
"6051","Willis Lease Finance Corporation","WLFC","1148759680","54.33","United States"
"6052","JOST Werke SE","JST.DE","1148474544","70.0717","Germany"
"6053","Fuji Seal International","7864.T","1148414712","21.5285","Japan"
"6054","Piedmont Realty Trust","PDM","1147468032","9.17","United States"
"6055","Lassonde Industries","LAS-A.TO","1146733739","168.103","Canada"
"6056","Kuwait Projects Company Holding","KPROJ.KW","1145709056","244.473","Kuwait"
"6057","Saudi Ground Services Company","4031.SR","1144918308","6.08999","Saudi Arabia"
"6058","Eos Energy Enterprises","EOSE","1144740352","3.165","United States"
"6059","United Real Estate Company","URC.KW","1144488458","812.744","Kuwait"
"6060","Aedas Homes","AEDAS.MC","1143328408","26.1631","Spain"
"6061","GoodRx","GDRX","1142836992","3.35","United States"
"6062","Sumitomo Osaka Cement","5232.T","1142694855","36.0571","Japan"
"6063","Komeri Co.,Ltd.","8218.T","1142644137","24.6495","Japan"
"6064","AS ONE Corporation","7476.T","1142502109","16.019","Japan"
"6065","Aker BioMarine","AKBM.OL","1140467294","13.0007","Norway"
"6066","Ameresco","AMRC","1139862272","21.48","United States"
"6067","J D Wetherspoon","JDW.L","1139365661","10.8093","United Kingdom"
"6068","Makhazen","MKHZN.KW","1138822294","455.137","Kuwait"
"6069","Clarivate","CLVT","1138601856","1.78","United Kingdom"
"6070","Scandi Standard AB","SCST.ST","1138591818","17.3051","Sweden"
"6071","Polestar","PSNY","1138461312","6.93","Sweden"
"6072","Gulf Cable and Electrical Industries Company - KPSC","CABLE.KW","1138057769","5487.65","Kuwait"
"6073","Genco Shipping &amp; Trading","GNK","1137174528","26.09","United States"
"6074","Latigo Biotherapeutics","LTGO","1137033856","17.15","United States"
"6075","Fortune REIT","0778.HK","1136861250","0.550079","Hong Kong"
"6076","McEwen Mining","MUX","1136256512","19.02","Canada"
"6077","Oakley Capital Investments","OCI.L","1136015425","6.94555","Bermuda"
"6078","Chugoku Marine Paints","4617.T","1135423223","22.8661","Japan"
"6079","Great Lakes Dredge &amp; Dock Corp.","GLDD","1135273600","17","United States"
"6080","Mersen","MRN.PA","1132361265","46.6386","France"
"6081","Totech Corporation","9960.T","1132234207","27.6113","Japan"
"6082","PagerDuty","PD","1130985216","14.38","United States"
"6083","Ceres Power","CWR.L","1130187272","5.28604","United Kingdom"
"6084","Cadre Holdings, Inc.","CDRE","1130039168","26.39","United States"
"6085","Ali Al-Ghanim Sons Automotive Company","ALG.KW","1127628431","2873.86","Kuwait"
"6086","CVS Group","CVSG.L","1127361292","16.6746","United Kingdom"
"6087","Orchid Island Capital","ORC","1127195776","5.71","United States"
"6088","Marcus &amp; Millichap","MMI","1126662400","29.75","United States"
"6089","Fuji Co., Ltd.","8278.T","1125292445","12.9872","Japan"
"6090","Lahav LR Real Estate","LAHAV.TA","1124938236","3.6324","Israel"
"6091","Ichibanya Co., Ltd.","7630.T","1124346144","7.04454","Japan"
"6092","GVS S.p.A.","GVS.MI","1123782018","5.99477","Italy"
"6093","Easterly Government Properties","DEA","1122723072","22.91","United States"
"6094","Jazeera Airways","JAZEERA.KW","1120684244","5110.53","Kuwait"
"6095","Okinawa Financial Group","7350.T","1120351500","52.4837","Japan"
"6096","Mezzan Holding Company","MEZZAN.KW","1119654335","3602.08","Kuwait"
"6097","Labrador Iron Ore Royalty Corp.","LIF.TO","1119254151","17.4883","Canada"
"6098","The National Agricultural Development Company","6010.SR","1118584005","3.70834","Saudi Arabia"
"6099","EPIC Suisse","EPIC.SW","1118513112","99.822","Switzerland"
"6100","Universal Technical Institute","UTI","1118433152","20.3","United States"
"6101","Jupiter Fund Management","JUP.L","1118283597","2.23143","United Kingdom"
"6102","Jefferson Capital","JCAP","1117500928","19.46","United States"
"6103","Afcon Holdings","AFHL.TA","1116840410","184.128","Israel"
"6104","Aktia Bank","AKTIA.HE","1116444769","15.1746","Finland"
"6105","Deluxe Corporation","DLX","1115683456","24.33","United States"
"6106","Northeast Bank","NBN","1114250112","130.24","United States"
"6107","Altareit","AREIT.PA","1113771198","637.015","France"
"6108","ARYZTA AG","ARYN.SW","1113627905","44.8598","Switzerland"
"6109","T1 Energy","TE","1113312384","3.78","United States"
"6110","Bowhead Specialty Holdings","BOW","1112155776","33.76","United States"
"6111","AEVEX Corp.","AVEX","1112005504","16.07","United States"
"6112","United Arab Bank","UAB.AE","1111917397","0.36","United Arab Emirates"
"6113","Amphastar Pharmaceuticals","AMPH","1111516416","26.13","United States"
"6114","Metropolitan Bank Holding","MCB","1110840832","89.6","United States"
"6115","Ecovyst","ECVT","1110009600","10.14","United States"
"6116","Saudi Cement Company","3030.SR","1109481298","7.25151","Saudi Arabia"
"6117","Suburban Propane Partners","SPH","1108759936","16.62","United States"
"6118","American Bitcoin Corp","ABTC","1108559488","9.1","United States"
"6119","Altri","ALTR.LS","1108378410","5.40325","Portugal"
"6120","Voltamp Transformers","VOLTAMP.NS","1108045473","109.522","India"
"6121","Nagarro","NA9.DE","1107955287","89.5234","Germany"
"6122","KITZ Corporation","6498.T","1107813020","12.7324","Japan"
"6123","Commercial Real Estate Company (Kuwait)","ALTIJARIA.KW","1107759614","594.928","Kuwait"
"6124","Arendals Fossekompani","AFK.OL","1107493655","20.1427","Norway"
"6125","Prosegur Cash","CASH.MC","1106876802","0.756455","Spain"
"6126","Teladoc Health","TDOC","1106455680","6.09","United States"
"6127","Strides Pharma","STAR.NS","1105611683","11.995","India"
"6128","Alerion Clean Power","ARN.MI","1103712257","20.5437","Italy"
"6129","IndiaMART","INDIAMART.NS","1103503556","18.3493","India"
"6130","Artivion","AORT","1103353216","22.63","United States"
"6131","Restar Corporation","3156.T","1103210816","39.2354","Japan"
"6132","Nichicon Corporation","6996.T","1103191197","16.4266","Japan"
"6133","Altus Group","AIF.TO","1103159494","32.2362","Canada"
"6134","Srisawad Corporation","SAWAD.BK","1103054624","0.663888","Thailand"
"6135","Allied Properties REIT","AP-UN.TO","1102527540","5.31148","Canada"
"6136","Japan Aviation Electronics Industry","6807.T","1102466236","16.3502","Japan"
"6137","BKS Bank","BKS.VI","1102406849","24.1156","Austria"
"6138","Abu Dhabi National Insurance Company","ADNIC.AE","1101884102","1.93","United Arab Emirates"
"6139","Plejd AB","PLEJD.ST","1101583091","97.2159","Sweden"
"6140","Caisse Régionale de Crédit Agricole Mutuel Sud Rhône Alpes","CRSU.PA","1100576395","242.293","France"
"6141","HTC Corporation","2498.TW","1099028097","1.31442","Taiwan"
"6142","TOCALO Co.,Ltd.","3433.T","1098080569","18.4648","Japan"
"6143","Biglari","BH","1098039808","344.81","United States"
"6144","Ryman Healthcare","RYM.NZ","1097947805","1.08093","New Zealand"
"6145","Tadano","6395.T","1097484801","8.66237","Japan"
"6146","Grocery Outlet","GO","1096865280","11.07","United States"
"6147","engcon AB","ENGCON-B.ST","1096815527","7.20713","Sweden"
"6148","IRadimed","IRMD","1096612352","85.76","United States"
"6149","Chesnara plc","CSN.L","1096246929","4.73861","United Kingdom"
"6150","Chiyoda Corporation","6366.T","1096157497","4.22927","Japan"
"6151","Vor Biopharma","VOR","1095685760","18.52","United States"
"6152","Castle Biosciences","CSTL","1093977984","35.81","United States"
"6153","Retail Estates NV","RET.BR","1093945686","72.8017","Belgium"
"6154","Tandem Diabetes Care","TNDM","1093777280","15.72","United States"
"6155","REE (Refrigeration Electrical Engineering Corporation)","REE.VN","1093576438","1.7556","Vietnam"
"6156","Terveystalo","TTALO.HE","1093408847","8.62245","Finland"
"6157","Develia","DVL.WA","1091859898","2.35652","Poland"
"6158","ZoomInfo","GTM","1091662720","3.75","United States"
"6159","Loma Negra","LOMA","1091113600","9.35","Argentina"
"6160","Tosei Corporation","8923.T","1090539282","11.242","Japan"
"6161","Chow Sang Sang Holdings","0116.HK","1089216902","1.62155","Hong Kong"
"6162","Smartgroup Corporation","SIQ.AX","1088392180","7.87203","Australia"
"6163","AMAG Austria Metall","AM8.F","1087082668","30.827","Austria"
"6164","Phoenix Power Company","PHPC.OM","1086786213","0.74305","Oman"
"6165","Fatima Fertilizer","FATIMA.PK","1086647320","0.517451","Pakistan"
"6166","Jasa Marga","JSMR.JK","1086459295","0.149694","Indonesia"
"6167","TeamViewer","TMV.DE","1085603701","6.91616","Germany"
"6168","Pacific Industrial","7250.T","1085177169","18.816","Japan"
"6169","Light S.A.","LIGT3.SA","1084310503","0.673199","Brazil"
"6170","LX International","001120.KS","1083418348","30.1218","South Korea"
"6171","KEC International","KEC.NS","1083075447","4.06865","India"
"6172","Daiseki","9793.T","1082741174","22.8979","Japan"
"6173","Gentherm","THRM","1082320896","35.21","United States"
"6174","Rhön-Klinikum","RHK.DE","1081249284","16.1529","Germany"
"6175","Aktis Oncology","AKTS","1080686848","19.43","United States"
"6176","Finnair","FIA1S.HE","1080291723","5.27357","Finland"
"6177","Ferretti","F3T1.F","1079632940","3.18963","Italy"
"6178","Mahanagar Gas","MGL.NS","1079259711","10.9261","India"
"6179","Mainstreet Equity","MEQ.TO","1078955216","116.146","Canada"
"6180","Sigma Lithium","SGML","1078404480","9.58","Canada"
"6181","BILDCO (Abu Dhabi National Building Materials Co.)","BILDCO.AE","1078196453","0.72","United Arab Emirates"
"6182","StorageVault Canada","SVI.TO","1077259247","2.94533","Canada"
"6183","Waha Capital Company","WAHA.AE","1076938173","0.57","United Arab Emirates"
"6184","Princes Group plc","PRN.L","1076843505","4.40061","United Kingdom"
"6185","Mitsubishi Pencil","7976.T","1076625076","21.5285","Japan"
"6186","Siam Global House","GLOBAL.BK","1075703368","0.192021","Thailand"
"6187","Five Star Bancorp","FSBC","1075439872","43.83","United States"
"6188","Superior Plus","SPB.TO","1074667333","5.00777","Canada"
"6189","The RealReal","REAL","1074355968","8.83","United States"
"6190","Anglo-Eastern Plantations","AEP.L","1074044417","2.82019","United Kingdom"
"6191","MannKind Corp","MNKD","1073958528","3.34","United States"
"6192","United Super Markets Holdings","3222.T","1073753408","5.18468","Japan"
"6193","Gielda Papierów Wartosciowych w Warszawie","GPW.WA","1073045505","25.5657","Poland"
"6194","Plazza AG","PLAN.SW","1072990277","518.353","Switzerland"
"6195","Rosetti Marino","YRM.MI","1072005430","282.107","Italy"
"6196","Capitol Federal Financial","CFFN","1070846848","8.68","United States"
"6197","Corticeira Amorim","COR.LS","1070484748","8.12194","Portugal"
"6198","Norbit ASA","NORBT.OL","1070033651","16.7242","Norway"
"6199","Aeva Technologies","AEVA","1069983424","15.35","United States"
"6200","Flotek Industries","FTK","1069589248","29.53","United States"
"6201","Lampsa Hellenic Hotels","LAMPS.AT","1069293566","50.0512","Greece"
"6202","Toyo Construction","1890.T","1067163763","11.3574","Japan"
"6203","Lufax","LU","1066027328","1.23","China"
"6204","Oaktree Specialty Lending Corporation","OCSL","1065834816","12.1","United States"
"6205","Enovis","ENOV","1064578816","18.46","United States"
"6206","Winmark","WINA","1064539328","296.35","United States"
"6207","Arriyadh Development Company","4150.SR","1063803402","4.54751","Saudi Arabia"
"6208","Hagar hf.","HAGA.IC","1062988726","0.976644","Iceland"
"6209","Invisio AB","IVSO.ST","1062436089","23.0066","Sweden"
"6210","LG Household &amp; Health Care","051905.KS","1062162582","72.4542","South Korea"
"6211","Country Garden","2007.HK","1061363354","0.0226916","China"
"6212","Danya Cebus","DNYA.TA","1060982440","32.2485","Israel"
"6213","Inwido AB","INWI.ST","1060832099","18.2989","Sweden"
"6214","Fujita Kanko","9722.T","1060557589","17.6942","Japan"
"6215","Amanat Holdings","AMANAT.AE","1060207030","0.424744","United Arab Emirates"
"6216","Aavas Financiers","AAVAS.NS","1059350479","13.3597","India"
"6217","Karat Packaging","KRT","1058175040","53.09","United States"
"6218","Universal Corporation","UVV","1057471424","42.47","United States"
"6219","Neo Performance Materials","NEO.TO","1056886019","22.8775","Canada"
"6220","JACCS Co., Ltd.","8584.T","1056698503","23.5986","Japan"
"6221","TOWA Corporation","6315.T","1055693555","14.07","Japan"
"6222","Supply Network Limited","SNL.AX","1055068893","24.0511","Australia"
"6223","Polar Capital Holdings","POLR.L","1053247725","11.1754","United Kingdom"
"6224","Mercialys","MERY.PA","1052314820","11.307","France"
"6225","Trustpilot Group","TRST.L","1051030918","2.73713","Denmark"
"6226","Marten Transport","MRTN","1050985728","12.87","United States"
"6227","Al Seer Marine Supplies &amp; Equipment Company","ASM.AE","1050977872","1.05","United Arab Emirates"
"6228","Caisse régionale de Crédit Agricole Mutuel Atlantique Vendée","CRAV.PA","1050291514","142.305","France"
"6229","Caisse Régionale de Crédit Agricole Mutuel Alpes Provence","CRAP.PA","1049844876","141.167","France"
"6230","Elecom","6750.T","1049047224","13.0254","Japan"
"6231","MeiraGTx","MGTX","1047829056","10.91","United States"
"6232","Green Plains","GPRE","1045822272","14.92","United States"
"6233","Abdullah Al-Othaim Markets Company","4001.SR","1045368565","1.16152","Saudi Arabia"
"6234","International General Insurance Holdings Ltd.","IGIC","1045105536","24.61","Jordan"
"6235","Exmar","EXM.BR","1044718542","13.1384","Belgium"
"6236","ARIAKE JAPAN","2815.T","1041972408","33.2482","Japan"
"6237","Saul Centers","BFS","1041870144","30","United States"
"6238","discoverIE Group plc","DSCV.L","1041644608","10.8361","United Kingdom"
"6239","Emirates Driving Company","DRIVE.AE","1041412702","0.97","United Arab Emirates"
"6240","Southern Cross Electrical Engineering","SXE.AX","1041068282","3.37473","Australia"
"6241","Noevir Holdings","4928.T","1040996262","30.4775","Japan"
"6242","Specialized Medical Company","4019.SR","1040972910","4.16389","Saudi Arabia"
"6243","Service Stream Limited","SSM.AX","1040656074","1.69789","Australia"
"6244","ASA Gold and Precious Metals","ASA","1040464320","56.68","United States"
"6245","Victrex","VCT.L","1040401068","11.9413","United Kingdom"
"6246","NorthWest Healthcare Properties REIT","NWH-UN.TO","1040374704","4.13335","Canada"
"6247","ARB Corporation Limited","ARB.AX","1040101434","12.4325","Australia"
"6248","RAIZNEXT Corporation","6379.T","1039656018","19.2674","Japan"
"6249","Alto Neuroscience","ANRO","1039523328","26.49","United States"
"6250","CJ Logistics Corporation","000120.KS","1038717077","52.0787","South Korea"
"6251","Growthpoint Properties Australia","GOZ.AX","1037699582","1.37515","Australia"
"6252","Mercantile Bank","MBWM","1037674240","60.03","United States"
"6253","Amerigo Resources","ARG.TO","1037660795","6.42746","Canada"
"6254","MBB SE","MBB.DE","1037620738","199.522","Germany"
"6255","Polenergia","PEP.WA","1037236035","13.4324","Poland"
"6256","Kissei Pharmaceutical","4547.T","1036796976","24.7769","Japan"
"6257","Sivers Semiconductors AB","SIVE.ST","1036295945","3.25023","Sweden"
"6258","Tuya Inc.","TUYA","1036157056","1.69","China"
"6259","GrainCorp","GNC.AX","1035732119","4.65867","Australia"
"6260","Mitsui High-tec","6966.T","1033632797","5.65601","Japan"
"6261","National Presto Industries","NPK","1032303488","144.66","United States"
"6262","Zensar","ZENSARTECH.NS","1031808836","4.54943","India"
"6263","Summerset Holdings","SUM.NZ","1031699582","4.22185","New Zealand"
"6264","Indian Energy Exchange","IEX.NS","1031603162","1.16002","India"
"6265","Precision Drilling Corporation","PDS","1030536192","81.87","Canada"
"6266","Bombay Burmah","BBTC.NS","1029024717","14.7484","India"
"6267","STAAR Surgical","STAA","1028453120","20.51","United States"
"6268","Riken Keiki","7734.T","1027815262","22.6113","Japan"
"6269","Savara","SVRA","1027300096","5","United States"
"6270","Riskified","RSKD","1027253632","7.78","Israel"
"6271","Life Healthcare Group","LHC.JO","1025986400","0.716957","South Africa"
"6272","Moonpig Group","MOON.L","1025230038","3.51254","United Kingdom"
"6273","MoonLake Immunotherapeutics","MLTX","1024684544","12.04","Switzerland"
"6274","Humansoft Holding Company","HUMANSOFT.KW","1024238364","7636.54","Kuwait"
"6275","Leejam Sports Company","1830.SR","1024069558","19.5807","Saudi Arabia"
"6276","Graham Corporation","GHM","1023586624","87.21","United States"
"6277","Dream Finders Homes","DFH","1023046848","11.3","United States"
"6278","DroneShield","DRO.AX","1022528623","1.10503","Australia"
"6279","Ituran","ITRN","1022435520","51.69","Israel"
"6280","Mips AB","MIPS.ST","1022166140","38.5852","Sweden"
"6281","Canaccord Genuity Group","CF.TO","1021614596","10.0155","Canada"
"6282","Gerresheimer","GXI.F","1021544733","29.5757","Germany"
"6283","Nippon Seiki","7287.T","1021496296","17.7706","Japan"
"6284","Basilea Pharmaceutica","BSLN.SW","1020881249","82.3832","Switzerland"
"6285","CEVA","CEVA","1019177408","36.2","United States"
"6286","Upwork","UPWK","1017962432","8.15","United States"
"6287","Whirlpool S.A.","WHRL3.SA","1017472190","0.677057","Brazil"
"6288","CRA International","CRAI","1017290752","162.07","United States"
"6289","Red Cat Holdings","RCAT","1017077696","6.66","United States"
"6290","Cibus Nordic Real Estate","CIBUS.ST","1014709054","12.3615","Sweden"
"6291","Raito Kogyo","1926.T","1014546812","24.7132","Japan"
"6292","edenor","EDN","1014281600","21.32","Argentina"
"6293","NexPoint Residential Trust","NXRT","1013498624","19.64","United States"
"6294","Helia Group","HLI.AX","1013106034","3.69747","Australia"
"6295","Tsuburaya Fields Holdings","2767.T","1013082592","16.2738","Japan"
"6296","Union Coop","UNIONCOOP.AE","1012324269","0.579939","United Arab Emirates"
"6297","Rackspace Technology","RXT","1011845184","3.97","United States"
"6298","Magazine Luíza","MGLU3.SA","1011461064","1.30396","Brazil"
"6299","RS Technologies","3445.T","1011334733","38.0252","Japan"
"6300","Mitsubishi Logisnext","7105.T","1010891788","9.45216","Japan"
"6301","Major Drilling Group International","MDI.TO","1010673390","12.2899","Canada"
"6302","Vivara","VIVA3.SA","1010533791","4.29767","Brazil"
"6303","ITOCHU-SHOKUHIN","2692.T","1010529522","79.6514","Japan"
"6304","Trupanion","TRUP","1010250112","23.16","United States"
"6305","Vitec Software Group","VIT-B.ST","1009906029","25.516","Sweden"
"6306","Asseco South Eastern Europe","ASE.WA","1009867600","19.4601","Poland"
"6307","CNB Financial Corp","CCNE","1009775936","34.09","United States"
"6308","Avino Silver &amp; Gold Mines","ASM","1008940288","5.94","Canada"
"6309","PureCycle Technologies","PCT","1008542144","5.02","United States"
"6310","Waypoint REIT","WPR.AX","1008042342","1.54353","Australia"
"6311","Middlesex Water Company","MSEX","1007585792","53.47","United States"
"6312","Genuit Group","GEN.L","1007049709","3.99502","United Kingdom"
"6313","MetroCity Bankshares","MCBS","1006767360","34.98","United States"
"6314","Dan Hotels","DANH.TA","1006257604","8.70472","Israel"
"6315","Auto Partner","APR.WA","1006231096","7.7035","Poland"
"6316","Grupa Pracuj","GPP.WA","1006022047","14.6016","Poland"
"6317","Elopak ASA","ELO.OL","1005518673","3.74454","Norway"
"6318","Ventyx Biosciences","VTYX","1004502016","14","United States"
"6319","Business First Bancshares","BFST","1004489472","30.86","United States"
"6320","Monte Rosa Therapeutics","GLUE","1004138752","11.77","United States"
"6321","Olectra Greentech","OLECTRA.NS","1003712640","12.2284","India"
"6322","Vincorion SE","V1NC.DE","1003298800","20.066","Germany"
"6323","Heineken Malaysia","3255.KL","1003293800","3.32109","Malaysia"
"6324","United Gulf Holding Company","UGH.BH","1001912726","0.591669","Bahrain"
"6325","Sonaecom","SNC.LS","1001723152","3.27608","Portugal"
"6326","SPIMACO (Saudi Pharmaceutical Industries and Medical Appliances Corporation)","2070.SR","1001593772","8.39172","Saudi Arabia"
"6327","Pacira Biosciences","PCRX","1001330688","25.12","United States"
"6328","Compagnie des Alpes","CDA.PA","1000119986","19.6792","France"
"6329","Adlai Nortye","ANL","1000099904","15.53","Cayman Islands"
"6330","Lithium Americas","LAC","998368128","2.75","Canada"
"6331","Frequentis","FQT.VI","998148224","75.1905","Austria"
"6332","Emerald Holding","EEX","997505920","5.04","United States"
"6333","Vetoquinol","VETO.PA","997038216","85.7695","France"
"6334","Frequency Electronics","FEIM","996896768","88.43","United States"
"6335","BKI Investment Company","BKI.AX","996671689","1.23483","Australia"
"6336","Janux Therapeutics","JANX","996529344","16.3","United States"
"6337","Precinct Properties","PCT.NZ","996215402","0.537634","New Zealand"
"6338","Equity Bancshares","EQBK","995852800","48.36","United States"
"6339","Versamet Royalties Corporation","VMET","995789952","9.15","Canada"
"6340","NPK International","NPKI","995144000","11.72","United States"
"6341","Sudarshan Chemical","SUDARSCHEM.NS","994982642","12.4971","India"
"6342","XPLR Infrastructure","XIFR","994865024","10.55","United States"
"6343","Sun Hung Kai &amp; Co.","0086.HK","994004963","0.509285","Hong Kong"
"6344","HSC (Ho Chi Minh City Securities Corporation)","HCM.VN","993723049","0.920151","Vietnam"
"6345","Pacific Century Regional Developments","P15.SI","993408235","0.375381","Singapore"
"6346","innoscripta SE","1INN.DE","993061057","99.3061","Germany"
"6347","Tamboran Resources","TBN","992912192","35.11","Australia"
"6348","Hyosung TNC Corporation","298020.KS","992873885","231.338","South Korea"
"6349","Heiwa Real Estate","8803.T","992730769","15.0254","Japan"
"6350","Konoike Transport","9025.T","991975648","18.6814","Japan"
"6351","ASTA Energy Solutions AG","1AST.F","991152342","69.6167","Austria"
"6352","Northwest Pipe Company","NWPX","990993472","102.83","United States"
"6353","Toyo Engineering Corporation","6330.T","990924679","16.9107","Japan"
"6354","NB Bancorp","NBBK","990297856","22.6","United States"
"6355","Horizon Bancorp","HBNC","989922368","19.28","United States"
"6356","Toshiba Tec Corporation","6588.T","989545614","18.675","Japan"
"6357","Dexco","DXCO3.SA","989442851","1.08985","Brazil"
"6358","Heritage Insurance","HRTG","989197504","33.27","United States"
"6359","Zeal Network","TIMA.F","988872701","46.8661","Germany"
"6360","Villar International","VILR.TA","988179982","56.0985","Israel"
"6361","Whitestone REIT","WSR","988012416","18.99","United States"
"6362","Neurones","NRO.PA","987220320","41.406","France"
"6363","Odyssey Therapeutics","ODTX","985680448","20.51","United States"
"6364","iQIYI","IQ","984325184","1.02","China"
"6365","Y.D. More Investments","MRIN.TA","983661035","13.4806","Israel"
"6366","Daio Paper Corporation","3880.T","982308524","6.36939","Japan"
"6367","SML MAHINDRA LIMITED","SMLMAH.NS","982289949","67.8769","India"
"6368","Ohsho Food Service","9936.T","982027076","18.6941","Japan"
"6369","Andersen Group","ANDG","981900096","52.96","United States"
"6370","RITES","RITES.NS","981885683","2.04303","India"
"6371","Marcopolo","POMO4.SA","981774702","0.790865","Brazil"
"6372","San-Ai Obbli","8097.T","981045921","15.8534","Japan"
"6373","Lumexa Imaging","LMRI","980925504","10.21","United States"
"6374","Sweetgreen","SG","980900352","8.24","United States"
"6375","Resolute Holdings Management","RHLD","980420800","125.38","United States"
"6376","Sichuan Xunyou Network Technology","300467.SZ","980137756","4.8234","China"
"6377","Colgate-Palmolive (Pakistan)","COLG.PK","979879314","4.03619","Pakistan"
"6378","Global Medical REIT","GMRE","979776256","35.98","United States"
"6379","OCI","OCI.AS","979612831","4.64339","Netherlands"
"6380","PROCEPT BioRobotics","PRCT","979004160","17.2","United States"
"6381","TripAdvisor","TRIP","978597376","8.41","United States"
"6382","Centerspace","CSR","978554752","55.29","United States"
"6383","Yelp","YELP","978373120","18.03","United States"
"6384","Montepino Logística","MLMTP.PA","978137140","11.3753","Spain"
"6385","Corvus Pharmaceuticals","CRVS","977485376","11.62","United States"
"6386","Yulon Motor Company","2201.TW","977245805","0.919782","Taiwan"
"6387","Camden National Corporation","CAC","976987328","57.82","United States"
"6388","Nippon Paper Industries","3863.T","976811049","8.47128","Japan"
"6389","Zehnder Group","ZEHN.SW","976804780","87.7953","Switzerland"
"6390","Finolex Industries","FINPIPE.NS","976586870","1.57944","India"
"6391","NCR Voyix Corporation","VYX","976154240","7.07","United States"
"6392","Pierre et Vacances","VAC.PA","975196533","2.11125","France"
"6393","Renew Holdings plc","RNWH.L","973751963","12.3005","United Kingdom"
"6394","Lindab International","LIAB.ST","972000281","12.6175","Sweden"
"6395","Bravura Solutions","BVS.AX","971898440","2.16796","Australia"
"6396","Navigator Global Investments","NGI.AX","971830457","1.59265","Australia"
"6397","Nextdoor","NXDR","970989504","2.51","United States"
"6398","Al Hammadi Holding Company","4007.SR","970988620","6.06868","Saudi Arabia"
"6399","DigiCo Infrastructure REIT","DGT.AX","968840288","1.73297","Australia"
"6400","Sify Technologies","SIFY","967002176","13.35","India"
"6401","Diversified Energy","DEC.L","964493238","13.9706","United States"
"6402","Afcons Infrastructure","AFCONS.NS","964194240","2.62163","India"
"6403","Elders Limited","ELD.AX","964179105","4.47625","Australia"
"6404","BrightView","BV","963966016","10.41","United States"
"6405","Al-Babtain Power and Telecommunications","2320.SR","962517985","15.0518","Saudi Arabia"
"6406","LegalZoom","LZ","962508224","5.62","United States"
"6407","Arbutus Biopharma","ABUS","960812864","4.85","United States"
"6408","Bestway Cement","BWCL.PK","960591320","1.61105","Pakistan"
"6409","Macquarie Technology Group","MAQ.AX","960389306","37.2623","Australia"
"6410","B2 Impact ASA","B2I.OL","959634067","2.58752","Norway"
"6411","Kura Oncology","KURA","957216256","10.76","United States"
"6412","Trustco Bank","TRST","956958976","56.2","United States"
"6413","HighPeak Energy","HPK","955983168","7.56","United States"
"6414","X-FAB","XFAB.PA","954737864","7.30861","Belgium"
"6415","Ibotta","IBTA","953660672","41.06","United States"
"6416","BTS Group","BTS.BK","953458437","0.0592438","Thailand"
"6417","Vishay Precision Group","VPG","952750592","71.63","United States"
"6418","Elco Ltd.","ELCO.TA","952040582","36.4217","Israel"
"6419","Hanmi Financial","HAFC","951741056","32.1","United States"
"6420","BlackSky Technology","BKSY","951502720","23.25","United States"
"6421","Galliford Try","GFRD.L","951292242","9.42421","United Kingdom"
"6422","SAKURA Internet","3778.T","950898198","23.7578","Japan"
"6423","Morgan Advanced Materials","MGAM.L","950766628","3.43964","United Kingdom"
"6424","Regis Healthcare","REG.AX","950705562","3.1432","Australia"
"6425","Placoplatre","MLPLC.PA","950550309","728.017","France"
"6426","Forum Energy Technologies","FET","950283648","82.83","United States"
"6427","The Hub Power Company","HUBC.PK","949860254","0.732265","Pakistan"
"6428","Formosa Taffeta","1434.TW","949667390","0.564448","Taiwan"
"6429","Compass Minerals","CMP","949607360","22.62","United States"
"6430","Kronos Worldwide","KRO","949554560","8.25","United States"
"6431","Astec Industries","ASTE","949135744","41.28","United States"
"6432","Shochiku","9601.T","948920964","69.0441","Japan"
"6433","Central Pacific Financial","CPF","948792832","36.85","United States"
"6434","Jastrzebska Spólka Weglowa","JSW.WA","948712807","8.08023","Poland"
"6435","Satellogic","SATL","948575232","6.17","United States"
"6436","BLS International","BLS.NS","948400381","2.30462","India"
"6437","Kaken Pharmaceutical Co., Ltd.","4521.T","944289853","24.9361","Japan"
"6438","Rockhopper Exploration","RKH.L","944094660","0.882774","United Kingdom"
"6439","Is Yatirim Menkul Degerler Anonim Sirketi","ISMEN.IS","943881614","0.629254","Turkey"
"6440","Time Technoplast","TIMETECHNO.NS","943353242","1.91103","India"
"6441","Bioventus","BVS","943294080","13.81","United States"
"6442","BayWa","BYW.F","942705195","9.39597","Germany"
"6443","USA TODAY Co.","TDAY","942571136","6.42","United States"
"6444","Metalla Royalty & Streaming","MTA","941503424","10.07","Canada"
"6445","Postal Realty Trust","PSTL","941280768","23.65","United States"
"6446","Scanfil","SCANFL.HE","941146000","14.3101","Finland"
"6447","The Foschini Group","TFG.JO","940653300","2.98337","South Africa"
"6448","Engro Corporation","ENGRO.PK","940211563","1.75208","Pakistan"
"6449","Taboola.com","TBLA","940140800","3.48","United States"
"6450","Black Diamond Group","BDI.TO","938416493","13.7378","Canada"
"6451","Upbound Group","UPBD","938037440","16.09","United States"
"6452","Arzan Financial Group for Financing and Investment","ARZAN.KW","937517009","975.293","Kuwait"
"6453","Troax Group AB","TROAX.ST","937114412","15.6589","Sweden"
"6454","SIMPAR","SIMH3.SA","936861470","1.60488","Brazil"
"6455","Qt Group","QTCOM.HE","935815385","36.8559","Finland"
"6456","Shin Nippon Air Technologies","1952.T","935666706","20.5413","Japan"
"6457","Engro Fertilizers","EFERT.PK","934894150","0.700138","Pakistan"
"6458","Africa Israel Residences","AFRE.TA","934427406","73.7555","Israel"
"6459","Babcock &amp; Wilcox","BW","934011008","6.27","United States"
"6460","Cobram Estate Olives","CBO.AX","933866194","1.95047","Australia"
"6461","Cargojet","CJT.TO","931916592","62.9679","Canada"
"6462","Phoenix Education Partners","PXED","931824704","25.85","United States"
"6463","Sequent Scientific","SEQUENT.NS","931273369","2.13731","India"
"6464","Star Asia Investment Corporation","3468.T","931031003","346.495","Japan"
"6465","Eastman Kodak Company","KODK","931028992","9.51","United States"
"6466","Phoenix Group","PHX.AE","930512207","0.15","United Arab Emirates"
"6467","Prodea Real Estate Investment Company","PRODEA.AT","930182133","3.50358","Greece"
"6468","Unitil Corporation","UTL","929705664","50.98","United States"
"6469","JYP Entertainment","035900.KQ","928568022","28.0254","South Korea"
"6470","NTG Nordic Transport Group A/S","NTG.CO","928360555","42.9818","Denmark"
"6471","Hanza AB","HANZA.ST","928301567","14.7957","Sweden"
"6472","Kopin Corporation","KOPN","927504256","4.99","United States"
"6473","Toyobo Co., Ltd.","3101.T","927407240","10.5095","Japan"
"6474","CTT - Correios De Portugal","CTT.LS","927310105","7.06973","Portugal"
"6475","Kuwait Cement Company","KCEM.KW","927143953","1300.39","Kuwait"
"6476","AOKI Holdings","8214.T","927010583","11.0063","Japan"
"6477","Southside Bancshares","SBSI","926730112","31.09","United States"
"6478","Safe Bulkers","SB","926604480","8.14","Monaco"
"6479","Emirates Stallions Group (ESG)","ESG.AE","925724227","3.7","United Arab Emirates"
"6480","Mitani Sekisan","5273.T","925662825","13.2101","Japan"
"6481","Kforce","KFRC","923388096","51.56","United States"
"6482","Harvia Oyj","HARVIA.HE","922703066","49.3687","Finland"
"6483","McMillan Shakespeare","MMS.AX","922514759","13.2463","Australia"
"6484","Sinclair, Inc.","SBGI","922276160","12.78","United States"
"6485","Helus Pharma","HELP","921288768","12.61","Canada"
"6486","Mani, Inc.","7730.T","921024722","9.35026","Japan"
"6487","Canon Electronics Inc.","7739.T","920553236","22.5062","Japan"
"6488","Mid Penn Bancorp","MPB","919921728","36.31","United States"
"6489","BellRing Brands","BRBR","919760512","7.91","United States"
"6490","Kingsgate Consolidated Limited","KCN.AX","919618527","3.4519","Australia"
"6491","Jumia","JMIA","919345792","6.88","Germany"
"6492","Orient Corporation","8585.T","919164054","5.36939","Japan"
"6493","Alumis","ALMS","918990208","7.1","United States"
"6494","JCU Corporation","4975.T","918921426","37.3246","Japan"
"6495","Investcorp Capital","ICAP.AE","918893765","0.42","United Arab Emirates"
"6496","Yellow Hat","9882.T","917671659","10.9299","Japan"
"6497","Almunajem Foods Company","4162.SR","917494734","15.2916","Saudi Arabia"
"6498","Douglas Dynamics","PLOW","917081856","39.74","United States"
"6499","Jade Biosciences","JBIO","917074368","14.42","United States"
"6500","Voyageurs du Monde","ALVDM.PA","916271616","204.186","France"
"6501","Costain Group","COST.L","913076665","3.47765","United Kingdom"
"6502","Bank Nizwa","BKNZ.OM","912449007","0.407898","Oman"
"6503","NANO Nuclear Energy","NNE","912331456","16.99","United States"
"6504","Adastria","2685.T","912274679","19.7769","Japan"
"6505","Vamos Locação de Caminhões, Máquinas e Equipamentos S.A.","VAMO3.SA","912028057","0.746499","Brazil"
"6506","Aussie Broadband Limited","ABB.AX","911708534","2.91868","Australia"
"6507","Bank ABC (Arab Banking Corporation)","ABC.BH","911471800","0.86","Bahrain"
"6508","Juventus Turin","JUVE.MI","911298239","2.18519","Italy"
"6509","JVCKENWOOD Corporation","6632.T","910656117","6.44263","Japan"
"6510","Tejas Networks","TEJASNET.NS","910213234","5.11616","India"
"6511","Cullinan Therapeutics","CGEM","910193728","14.81","United States"
"6512","The Ehime Bank","8541.T","909688736","23.2801","Japan"
"6513","Sanyo Chemical Industries","4471.T","909578850","41.2099","Japan"
"6514","CeriBell","CBLL","909177216","23.69","United States"
"6515","Barings BDC","BBDC","907808640","8.67","United States"
"6516","Douglas Group","DOU.DE","907746461","8.42907","Germany"
"6517","Manitou Group","MTU.PA","907579454","23.7174","France"
"6518","Superloop Limited","SLC.AX","907280756","1.76103","Australia"
"6519","Lenzing","LEN.F","907138421","23.4899","Austria"
"6520","ITM Power","ITM.L","906985281","1.31409","United Kingdom"
"6521","Scandinavian Tobacco Group","STG.CO","905950822","11.5024","Denmark"
"6522","SpyGlass Pharma","SGP","905436800","27.07","United States"
"6523","Daily Journal","DJCO","905121536","656.86","United States"
"6524","Quanex Building Products","NX","904609344","19.74","United States"
"6525","PageGroup","PAGE.L","903005513","2.90016","United Kingdom"
"6526","Mader Group Limited","MAD.AX","902180693","4.43415","Australia"
"6527","Crédit Agricole Mutuel de la Touraine et du Poitou","CRTO.PA","902085544","144.466","France"
"6528","Kingfa Science & Technology","KINGFA.NS","901260749","66.5069","India"
"6529","Deyaar Development","DEYAAR.AE","900711463","0.205837","United Arab Emirates"
"6530","O-I Glass","OI","900446144","5.86","United States"
"6531","Tetra Technologies","TTI","900282496","6.08","United States"
"6532","Rigel Pharmaceuticals","RIGL","899995840","48.18","United States"
"6533","Trican Well Service","TCW.TO","898960615","4.29439","Canada"
"6534","Yubico","YUBICO.ST","898844490","10.4794","Sweden"
"6535","Accel Entertainment","ACEL","898811712","11.07","United States"
"6536","First Financial","THFF","898551616","75.56","United States"
"6537","Total Energy Services","TOT.TO","898044960","24.6716","Canada"
"6538","Renta 4 Banco","R4.MC","898018548","22.068","Spain"
"6539","Mattr Corp.","MATR.TO","897292854","14.6348","Canada"
"6540","Forbright, Inc.","FRBT","897006592","17.67","United States"
"6541","Angel Studios","ANGX","896430400","4.8","United States"
"6542","Fuji Kyuko","9010.T","896410268","16.8024","Japan"
"6543","Japan Pulp and Paper Company","8032.T","893135263","8.13371","Japan"
"6544","Riverstone Holdings","AP4.SI","892523173","0.602174","Singapore"
"6545","Diagnosticos da America (DASA)","DASA3.SA","892010162","0.713707","Brazil"
"6546","HealthStream","HSTM","890340352","29.1","United States"
"6547","Beazer Homes USA","BZH","890299008","33.37","United States"
"6548","Caisse Régionale de Crédit Agricole Mutuel Loire Haute-Loire","CRLO.PA","890091969","110.34","France"
"6549","Allied Group Limited","0373.HK","889134423","0.253049","Hong Kong"
"6550","Sukoon Insurance","SUKOON.AE","889086214","1.92496","United Arab Emirates"
"6551","Lesha Bank","QFBQ.QA","888923051","0.793681","Qatar"
"6552","Qfin Holdings","QFIN","887554752","7.3","China"
"6553","Lectra SA","LSS.PA","887019154","23.9449","France"
"6554","Dakota Gold","DC","886883520","6.61","United States"
"6555","Eckert &amp; Ziegler","EUZ.F","886221902","14.1622","Germany"
"6556","Sedlmayr Grund und Immobilien AG","SPB.F","885370704","1205.78","Germany"
"6557","ESAB India","ESABINDIA.NS","884950314","57.4904","India"
"6558","BML, Inc.","4694.T","884559494","23.5986","Japan"
"6559","Sri Trang Gloves","STGT.BK","884191773","0.321524","Thailand"
"6560","Theravance Biopharma","TBPH","884176384","17.03","Cayman Islands"
"6561","Sanken Electric Co., Ltd.","6707.T","883910295","44.2163","Japan"
"6562","Krosaki Harima","5352.T","883732789","26.2423","Japan"
"6563","Ardelyx","ARDX","883001472","3.42","United States"
"6564","RAK Properties","RAKPROP.AE","882160734","0.29","United Arab Emirates"
"6565","CryoPort","CYRX","881800832","17.41","United States"
"6566","Sana Biotechnology","SANA","881617088","2.945","United States"
"6567","MMTC","MMTC.NS","881341874","0.587561","India"
"6568","Sabre","SABR","879811392","2.18","United States"
"6569","Riley Exploration Permian","REPX","879770688","40.55","United States"
"6570","AG Barr","BAG.L","879638439","7.92641","United Kingdom"
"6571","BitGo","BTGO","879241280","7.48","United States"
"6572","Apnimed, Inc.","APMD","877993152","21.09","United States"
"6573","LEM Holding","LEHN.SW","877706154","770.914","Switzerland"
"6574","Oxford Lane Capital","OXLC","876390400","8.94","United States"
"6575","Hartalega","5168.KL","876275922","0.257164","Malaysia"
"6576","International Financial Advisors Holding","IFA.KW","875985148","1540.96","Kuwait"
"6577","Republic Airways","RJET","875524672","18.7","United States"
"6578","Koppers Holdings","KOP","875038272","46.27","United States"
"6579","Heartland Express","HTLD","873858496","11.3","United States"
"6580","Senshu Electric","9824.T","873560109","51.2736","Japan"
"6581","National Real Estate Company - K.P.S.C.","NRE.KW","873148529","419.376","Kuwait"
"6582","PeptiDream","4587.T","872944721","6.78977","Japan"
"6583","Sun Frontier Fudousan","8934.T","872687901","15.261","Japan"
"6584","ATRenew","RERE","872674048","3.94","China"
"6585","Eurowag (W.A.G payment solutions)","EWG.L","872409299","1.25391","United Kingdom"
"6586","Kura Sushi,Inc.","2695.T","872318272","10.9745","Japan"
"6587","Mitsuuroko Group Holdings","8131.T","871543898","15.9298","Japan"
"6588","Talkspace","TALK","870574976","5.25","United States"
"6589","Eagle Bancorp","EGBN","870012608","28.54","United States"
"6590","Cybozu","4776.T","869613625","19.2992","Japan"
"6591","Miramar Hotel and Investment","0071.HK","869388724","1.25823","Hong Kong"
"6592","Dor Alon Energy In Israel","DRAL.TA","868775618","54.8931","Israel"
"6593","Safehold","SAFE","868207616","12.26","United States"
"6594","HSBC Oman","HBMO.OM","867893564","0.433879","Oman"
"6595","Autoneum Holding","AUTN.SW","867067659","149.372","Switzerland"
"6596","HIVE Digital Technologies","HIVE","866716416","3.16","Canada"
"6597","Groupon","GRPN","866170752","21.3","United States"
"6598","Marcus Corporation","MCS","866075392","28.09","United States"
"6599","Webjet Limited","WEB.AX","866046580","2.39248","Australia"
"6600","SP Group A/S","SPG.CO","865068020","73.6396","Denmark"
"6601","Chimera Investment Corporation","CIM","864899840","10.34","United States"
"6602","Virtus Investment Partners","VRTS","864790848","130.58","United States"
"6603","Kiwi Property","KPG.NZ","864035660","0.523486","New Zealand"
"6604","Takara Bio","4974.T","863722455","7.17286","Japan"
"6605","EuroTeleSites","ETS.VI","863600513","5.1985","Austria"
"6606","Trainline","TRN.L","863139462","2.55156","United Kingdom"
"6607","Einhell Germany","EIN.DE","861701077","75.8731","Germany"
"6608","Morguard","MRC.TO","861698040","80.6964","Canada"
"6609","Evolv Technologies","EVLV","861584064","4.79","United States"
"6610","Yuasa Trading","8074.T","861088573","40.8915","Japan"
"6611","Beijing Airport","0694.HK","861040942","0.188034","China"
"6612","SmartFinancial (SmartBank)","SMBK","860395136","50.32","United States"
"6613","Bunka Shutter","5930.T","860186572","12.2292","Japan"
"6614","Reliance Power","RPOWER.NS","859985238","0.207938","India"
"6615","Great Southern Bancorp","GSBC","859922304","78.91","United States"
"6616","ODDITY Tech","ODD","859761600","18.64","Israel"
"6617","ProSiebenSat.1 Media","PSM.F","859637114","3.69241","Germany"
"6618","Vietcap Securities","VCI.VN","859376298","0.748826","Vietnam"
"6619","Hexatronic Group AB","HTRO.ST","858304982","3.88563","Sweden"
"6620","Ryoyo Ryosan Holdings","167A.T","858205790","21.4011","Japan"
"6621","Hibiya Engineering","1982.T","858149647","20.796","Japan"
"6622","Gr. Sarantis S.A.","SAR.AT","856482688","13.4456","Greece"
"6623","Navient","NAVI","855308480","9.12","United States"
"6624","Recticel","RECT.BR","855029274","15.0609","Belgium"
"6625","Delta Israel Brands","DLTI.TA","854485955","34.1413","Israel"
"6626","Skellerup Holdings","SKL.NZ","854414942","4.35767","New Zealand"
"6627","Vitasoy","0345.HK","854351804","0.843922","Hong Kong"
"6628","National Corporation for Tourism &amp; Hotels","NCTH.AE","853513401","0.39","United Arab Emirates"
"6629","Service Properties Trust","SVC","853467520","6.59","United States"
"6630","Capital City Bank Group","CCBG","853268928","49.86","United States"
"6631","New Era Energy & Digital","NUAI","852827392","7.06","United States"
"6632","NCC Limited","NCC.NS","852194261","1.35733","India"
"6633","B Communications","BCOM.TA","850162312","8.08819","Israel"
"6634","Alkhorayef Water and Power Technologies Company","2081.SR","849894762","24.2827","Saudi Arabia"
"6635","Employers Holdings","EIG","849531904","47.3","United States"
"6636","GL Events SA","GLO.PA","849175942","28.9501","France"
"6637","Boozt","BOOZT.ST","849169541","14.5648","Sweden"
"6638","Simply Good Foods","SMPL","849035648","9.6","United States"
"6639","Zad Holding Company","ZHCD.QA","848042033","2.95055","Qatar"
"6640","Zhongsheng Group","0881.HK","847905797","0.358221","China"
"6641","Gulf International Services","GISS.QA","847516037","0.456044","Qatar"
"6642","PubMatic","PUBM","847231104","18.6","United States"
"6643","REVO Insurance S.p.A.","REVO.MI","846725946","29.1207","Italy"
"6644","Pick n Pay Stores","PIK.JO","846721200","1.15297","South Africa"
"6645","Channel Infrastructure NZ Limited","CHI.NZ","846601509","2.04301","New Zealand"
"6646","Hilton Food Group plc","HFG.L","846569058","9.41095","United Kingdom"
"6647","Compass Diversified Holdings","CODI","846404608","11.25","United States"
"6648","Alpha &amp; Omega Semiconductor","AOSL","845141056","27.93","United States"
"6649","NewPrinces S.p.A.","NWL.MI","845037747","20.2821","Italy"
"6650","Stingray Group","RAY-A.TO","843548063","12.3987","Canada"
"6651","DoubleUGames","192080.KS","842958861","43.3254","South Korea"
"6652","Standard Motor Products","SMP","842005568","37.69","United States"
"6653","Religare","RELIGARE.NS","841525288","2.44109","India"
"6654","GAG Immobilien","GWK3.HM","841206410","52.0987","Germany"
"6655","IP Group","IPO.L","840757446","0.951699","United Kingdom"
"6656","Sparebanken Sør","SOR.OL","840479500","20.1631","Norway"
"6657","Phnom Penh Water Supply Authority","PWSA.KH","840258702","1.76","Cambodia"
"6658","Kohnan Shoji","7516.T","839870855","29.0762","Japan"
"6659","ProFrac","ACDC","838675328","4.605","United States"
"6660","Tokyo Electron Device Limited","2760.T","838460693","28.4712","Japan"
"6661","Vital Healthcare Property Trust","VHP.NZ","838270136","1.03565","New Zealand"
"6662","Astra Agro Lestari","AALI.JK","838101647","0.435448","Indonesia"
"6663","The Japan Wool Textile Co., Ltd. (Nikke Group)","3201.T","837597355","12.8598","Japan"
"6664","Al-Dawaa Medical Services Company","4163.SR","837387065","9.85161","Saudi Arabia"
"6665","Solstad Offshore","SOFF.OL","837340497","7.70996","Norway"
"6666","Standard Chartered Bank (Pakistan)","SCBPL.PK","837258840","0.216257","Pakistan"
"6667","Nick Scali Limited","NCK.AX","837124220","9.78741","Australia"
"6668","Pet Valu","PET.TO","837000043","12.4523","Canada"
"6669","Bata India","BATAINDIA.NS","836453315","6.50797","India"
"6670","Furukawa Co.,Ltd.","5715.T","834719007","26.2737","Japan"
"6671","UP Fintech (Tiger Brokers)","TIGR","834482432","4.64","China"
"6672","Silex Systems Limited","SLX.AX","834162339","2.99586","Australia"
"6673","ASGN","ASGN","833931008","19.53","United States"
"6674","SI-BONE","SIBN","833177344","18.59","United States"
"6675","Heiwado","8276.T","832222498","16.8279","Japan"
"6676","Yalla Group","YALA","832022848","5.48","United Arab Emirates"
"6677","Menicon Co., Ltd.","7780.T","831945277","11.2038","Japan"
"6678","Ridgepost Capital","RPC","831197824","7.54","United States"
"6679","Ubisoft","UBI.PA","830087184","5.97202","France"
"6680","Avalo Therapeutics","AVTX","829655936","15.47","United States"
"6681","Tokyu Construction","1720.T","829196383","7.8025","Japan"
"6682","GungHo Online Entertainment","3765.T","828859052","15.8279","Japan"
"6683","Heritage Commerce","HTBK","828429632","13.45","United States"
"6684","R&S Group","RSGN.SW","828408806","22.2976","Switzerland"
"6685","PSI Software","PSAN.DE","828001269","51.3025","Germany"
"6686","Prashkovsky Investments and Construction","PRSK.TA","827963318","38.7021","Israel"
"6687","Himalaya Shipping","HSHP","827361856","17.54","Bermuda"
"6688","MFA Financial","MFA","825888448","8.17","United States"
"6689","Cantaloupe","CTLP","825815936","11.2","United States"
"6690","KOMEDA Holdings","3543.T","825555610","18.14","Japan"
"6691","Jensen-Group","JEN.BR","824680418","88.4996","Belgium"
"6692","QuinStreet","QNST","824589056","14.41","United States"
"6693","Covenant Logistics","CVLG","824016512","32.47","United States"
"6694","Sakata INX Corporation","4633.T","823795750","16.898","Japan"
"6695","MNTN, Inc.","MNTN","823582784","11.01","United States"
"6696","Banca IFIS","IF.MI","823335333","13.4797","Italy"
"6697","RFA Financial Inc.","RFA.TO","823070572","18.0181","Canada"
"6698","Sustained Infrastructure Holding Company (sisco)","2190.SR","822520556","10.1127","Saudi Arabia"
"6699","everplay group plc","EVPL.L","822236605","5.70622","United Kingdom"
"6700","Orrstown Financial Services","ORRF","821600256","41.77","United States"
"6701","Yokorei Co.,Ltd.","2874.T","821151108","13.8725","Japan"
"6702","Transcat","TRNS","821136448","87.73","United States"
"6703","InMode","INMD","820579904","14.26","Israel"
"6704","Deep Yellow","DYL.AX","820244349","0.841928","Australia"
"6705","Kuros Biosciences","KURN.SW","820203524","20.674","Switzerland"
"6706","Compañía de Acero del Pacífico","CAP.SN","820196513","5.48817","Chile"
"6707","CrossAmerica Partners","CAPL","819961536","21.48","United States"
"6708","Takasago International Corporation","4914.T","819706716","8.40759","Japan"
"6709","Cogna Educação","COGN3.SA","819596015","0.408935","Brazil"
"6710","Nufarm","NUF.AX","819576913","2.13288","Australia"
"6711","Wavestone SA","WAVE.PA","819179665","33.3864","France"
"6712","China Resources Building Materials Technology","1313.HK","818974052","0.117282","Hong Kong"
"6713","Telecom Plus PLC","TEP.L","818972812","10.6171","United Kingdom"
"6714","Lightwave Logic","LWLG","818628096","5.31","United States"
"6715","Daktronics","DAKT","818536896","17.02","United States"
"6716","Royal holdings","8179.T","818403101","8.30568","Japan"
"6717","Raymond","RAYMOND.NS","818078536","12.2924","India"
"6718","Agrana","AGR.VI","817453318","13.0816","Austria"
"6719","Wiit S.p.A.","WIIT.MI","817280778","32.8177","Italy"
"6720","Bliss GVS Pharma","BLISSGVS.NS","817112974","7.68465","India"
"6721","Sky Harbour Group","SKYH","817111360","10.01","United States"
"6722","Arbor Realty Trust","ABR","816994944","4.03","United States"
"6723","FACC AG","FACC.VI","816729814","17.8364","Austria"
"6724","Backblaze","BLZE","816460992","13.19","United States"
"6725","Savencia Fromage &amp; Dairy","SAVE.PA","815892231","63.2465","France"
"6726","WELL Health Technologies","WELL.TO","815313725","3.18548","Canada"
"6727","Marimaca Copper","MARI.TO","815256497","6.03193","Canada"
"6728","Vesuvius India","VESUVIUS.NS","814887932","4.015","India"
"6729","CEWE","CWC.F","814142587","120.805","Germany"
"6730","Advanced Medical Solutions Group","AMS.L","813756121","3.73787","United Kingdom"
"6731","Aisan Industry","7283.T","813538597","14.1974","Japan"
"6732","JBG SMITH","JBGS","813236032","10.53","United States"
"6733","ADS-TEC Energy","ADSE","812760512","10.81","Ireland"
"6734","Playtika","PLTK","812420736","2.13","Israel"
"6735","Showa Sangyo","2004.T","812415778","24.9998","Japan"
"6736","SunCoke Energy","SXC","812252288","9.57","United States"
"6737","Ottogi","007310.KS","812092806","236.12","South Korea"
"6738","Mishra Dhatu Nigam","MIDHANI.NS","811891225","4.33378","India"
"6739","Attovia Therapeutics","ATTO","811679488","17.78","United States"
"6740","Viant Technology","DSP","810925312","12.19","United States"
"6741","Abacus Global Management","ABX","810697728","8.29","United States"
"6742","IQE plc","IQE.L","810239362","0.608703","United Kingdom"
"6743","South Plains Financial","SPFI","810081472","43","United States"
"6744","XPS Pensions Group","XPS.L","810033307","3.98971","United Kingdom"
"6745","NEUCA","NEU.WA","809636682","179.012","Poland"
"6746","Geron","GERN","809516480","1.26","United States"
"6747","Pexip","PEXIP.OL","809367151","7.74152","Norway"
"6748","Galaxy Surfactants","GALAXYSURF.NS","809154300","22.8222","India"
"6749","Yanlord","Z25.SI","808142223","0.418394","Singapore"
"6750","Mahindra Lifespaces","MAHLIFE.NS","807922470","3.78269","India"
"6751","Hippo Holdings","HIPO","807778944","30.61","United States"
"6752","Budget Saudi (United International Transportation Company)","4260.SR","807662980","7.72571","Saudi Arabia"
"6753","PEXA Group","PXA.AX","807284674","4.58851","Australia"
"6754","Kirloskar Ferrous Industries","KIRLFER.NS","806830687","4.8854","India"
"6755","Abraj Energy Services","ABRJ.OM","806418802","1.04703","Oman"
"6756","Melco International Development","0200.HK","806220149","0.354396","Hong Kong"
"6757","Basellandschaftliche Kantonalbank","BLKB.SW","806129498","1431.18","Switzerland"
"6758","Egypt Kuwait Holding Company","EKHOLDING.KW","805906644","685.921","Egypt"
"6759","Oxford Biomedica","OXB.L","805244505","6.65225","United Kingdom"
"6760","Harworth Group","HWG.L","803485107","2.47362","United Kingdom"
"6761","ASOS","ASC.L","803272436","6.71359","United Kingdom"
"6762","Nissan Shatai","7222.T","803220552","5.9299","Japan"
"6763","Basler Aktiengesellschaft","BSL.DE","802963590","26.1062","Germany"
"6764","MedCap","MCAP.ST","802721278","53.6018","Sweden"
"6765","Topsports International","6110.HK","802393626","0.129393","Hong Kong"
"6766","Apollo Commercial Real Estate Finance","ARI","802116736","6.24","United States"
"6767","Alerus Financial","ALRS","801918464","32.17","United States"
"6768","World Acceptance Corporation","WRLD","801544448","171.99","United States"
"6769","FRoSTA AG","NLM.F","801488482","117.734","Germany"
"6770","Safilo Group","SFL.MI","801358094","2.06006","Italy"
"6771","Montrose Environmental","MEG","800798912","22.14","United States"
"6772","Oman Cables Industry","OCAI.OM","800518309","8.9244","Oman"
"6773","Autobacs Seven","9832.T","800281782","10.191","Japan"
"6774","Energy Vault","NRGV","800094144","4.4","United States"
"6775","4D Molecular Therapeutics","FDMT","799383744","14.47","United States"
"6776","Burford Capital","BUR","799287616","3.64","Guernsey"
"6777","Lexicon Pharmaceuticals","LXRX","798695872","1.795","United States"
"6778","The Manitowoc Company","MTW","798411968","22.14","United States"
"6779","Peapack-Gladstone Financial","PGC","798289664","45.03","United States"
"6780","Criteo","CRTO","797680320","16.28","France"
"6781","GCM Grosvenor","GCMG","797086528","13.04","United States"
"6782","Mitek Systems","MITK","796861184","17.66","United States"
"6783","Inventiva Pharma","IVA","796063552","3.37","France"
"6784","Kvutzat Acro","ACRO.TA","795963819","12.6205","Israel"
"6785","Southern Missouri Bancorp","SMBC","795819584","72.26","United States"
"6786","Pharmanutra","PHN.MI","795118112","83.0395","Italy"
"6787","TXO Partners, L.P.","TXO","794547008","14.33","United States"
"6788","Obsidian Therapeutics","OBX","794399168","12.86","United States"
"6789","Paul Hartmann","PHH2.F","793899775","223.524","Germany"
"6790","Surge Energy","SGY.TO","793058197","7.99548","Canada"
"6791","Financial Institutions","FISI","792786880","40.23","United States"
"6792","Minto Apartment Real Estate Investment Trust","MI-UN.TO","792740503","12.7066","Canada"
"6793","Dynavox Group","DYVOX.ST","791574760","7.46309","Sweden"
"6794","Volaris","VLRS","790865408","6.88","Mexico"
"6795","Ålandsbanken","ALBAV.HE","789946205","51.1887","Finland"
"6796","Westrock Coffee","WEST","789805568","8.09","United States"
"6797","Northern Dynasty Minerals","NAK","786970304","1.4","Canada"
"6798","John B. Sanfilippo & Son","JBSS","786269632","67.24","United States"
"6799","LSI Industries","LYTS","785841600","21.09","United States"
"6800","Logistea AB","LOGI-A.ST","785361302","1.53824","Sweden"
"6801","Immix Biopharma","IMMX","784786240","10.97","United States"
"6802","Tinexta","TNXT.MI","784090762","17.0857","Italy"
"6803","Close Brothers Group","CBG.L","783926102","5.20121","United Kingdom"
"6804","Varex Imaging","VREX","783450624","18.45","United States"
"6805","Rapid7","RPD","783195456","11.62","United States"
"6806","Hosiden Corporation","6804.T","783013992","15.9044","Japan"
"6807","Minerva S.A.","BEEF3.SA","782401152","0.788936","Brazil"
"6808","EIZO Corporation","6737.T","782164377","19.8725","Japan"
"6809","Solid Biosciences","SLDB","781672000","7.29","United States"
"6810","Noor Financial Investment Company","NOOR.KW","781592063","1537.71","Kuwait"
"6811","Archicom","ARH.WA","781183362","13.3545","Poland"
"6812","Gilat Satellite Networks","GILT","781080768","10.14","Israel"
"6813","Metallus","MTUS","780904512","18.84","United States"
"6814","Peakstone Realty Trust","PKST","780562688","20.99","United States"
"6815","Fox Factory Holding","FOXF","779675008","18.55","United States"
"6816","Sakai Moving Service Co.,Ltd.","9039.T","779546398","19.3629","Japan"
"6817","Itoki Corporation","7972.T","779524587","15.7579","Japan"
"6818","Gyre Therapeutics","GYRE","779348096","7.35","United States"
"6819","Pantoro Limited","PNR.AX","779290007","1.99958","Australia"
"6820","The Shibusawa Warehouse","9304.T","778929602","14.2419","Japan"
"6821","Power Mech Projects","POWERMECH.NS","778731162","24.6307","India"
"6822","SKF India","SKFINDIA.NS","778626106","15.7496","India"
"6823","PRA Group","PRAA","777431360","20.65","United States"
"6824","HiteJinro","000080.KS","777142153","11.1366","South Korea"
"6825","Thurgauer Kantonalbank","TKBP.SW","776927863","194.232","Switzerland"
"6826","CTO Realty Growth","CTO","776698624","20.72","United States"
"6827","Daqo New Energy","DQ","776130624","11.47","China"
"6828","Achieve Life Sciences","ACHV","775884736","7.54","Canada"
"6829","JM AB","JM.ST","775687659","12.0253","Sweden"
"6830","Apogee Enterprises","APOG","775257152","37.15","United States"
"6831","Pason Systems","PSI.TO","774867424","9.98022","Canada"
"6832","Carlyle Secured Lending","CGBD","774051584","11.25","United States"
"6833","Anan Investment Holding","ANAN.AE","772107757","0.31","United Arab Emirates"
"6834","Pakistan Oilfields Limited","POL.PK","770974837","2.71609","Pakistan"
"6835","Festi hf.","FESTI.IC","770184606","2.49356","Iceland"
"6836","Cathay Real Estate Development","2501.TW","769370042","0.663501","Taiwan"
"6837","Shore Bancshares","SHBI","767896064","23.01","United States"
"6838","Shen Zhen Shengxunda Technology (gamexun)","300518.SZ","767746261","3.85006","China"
"6839","Nachi-Fujikoshi","6474.T","767722391","35.2227","Japan"
"6840","Winnebago Industries","WGO","767500416","27.15","United States"
"6841","Arafura Rare Earths","ARU.AX","767040695","0.126289","Australia"
"6842","World Co., Ltd.","3612.T","766856706","10.0636","Japan"
"6843","Worldline","WLN.PA","766370457","13.5502","France"
"6844","Ghitha","GHITHA.AE","765689379","3.17","United Arab Emirates"
"6845","Olema Pharmaceuticals","OLMA","765604096","8.75","United States"
"6846","Zee Entertainment","ZEEL.NS","765493644","0.796958","India"
"6847","Al Majed for Oud Company","4165.SR","765244946","30.6098","Saudi Arabia"
"6848","Aeon Hokkaido Corporation","7512.T","764747671","5.49678","Japan"
"6849","Baladna","BLDN.QA","763889349","0.341483","Qatar"
"6850","HomeTrust Bancshares","HTB","763691840","46.19","United States"
"6851","IDOM Inc.","7599.T","763601685","7.60505","Japan"
"6852","Prima Meat Packers","2281.T","763214472","15.1846","Japan"
"6853","Synektik Spólka Akcyjna","SNT.WA","763187405","89.4801","Poland"
"6854","Nissin Corporation","9066.T","762935226","51.9081","Japan"
"6855","Piaggio","PIA.MI","762687928","2.16813","Italy"
"6856","American Public Education","APEI","762533824","41.665","United States"
"6857","Hunting PLC","HTG.L","762358550","5.25555","United Kingdom"
"6858","WhiteFiber","WYFI","762200128","19.62","United States"
"6859","WH Smith","SMWH.L","762035768","5.06336","United Kingdom"
"6860","Fidus Investment Corporation","FDUS","761607040","19.15","United States"
"6861","Westlake Chemical Partners","WLKP","761311040","21.6","United States"
"6862","Movado Group","MOV","761293760","34.12","United States"
"6863","Karoon Energy","KAR.AX","761112444","1.091","Australia"
"6864","TXT e-solutions","TXT.MI","760558623","60.2889","Italy"
"6865","Ferroglobe","GSM","760522304","4.07","United Kingdom"
"6866","Saudi Automotive Services Company","4050.SR","760476309","10.8639","Saudi Arabia"
"6867","Generation Development Group","GDG.AX","760123953","1.89434","Australia"
"6868","Arjo AB","ARJO-B.ST","760048171","2.7905","Sweden"
"6869","Iguatemi","IGTI3.SA","759796394","0.630763","Brazil"
"6870","United Development Company","UDCD.QA","759728998","0.21456","Qatar"
"6871","Dubai Refreshment","DRC.AE","759638445","8.44043","United Arab Emirates"
"6872","Mitsuboshi Belting","5192.T","759090688","27.2928","Japan"
"6873","VersaBank","VBNK","758930688","23.41","Canada"
"6874","Xvivo Perfusion AB","XVIVO.ST","758843561","24.0907","Sweden"
"6875","Design Therapeutics","DSGN","758489600","12.12","United States"
"6876","Aclaris Therapeutics","ACRS","758074304","5.15","United States"
"6877","Paisalo Digital","PAISALO.NS","758060934","0.829253","India"
"6878","Arclands Corporation","9842.T","757872801","12.0636","Japan"
"6879","Strawberry Fields REIT","STRW","757359872","13.4","United States"
"6880","Eve Holding, Inc.","EVEX","756215360","2.17","United States"
"6881","Clairvest Group","CVG.TO","756091619","56.5052","Canada"
"6882","N-Able","NABL","755622080","4","United States"
"6883","Rain Industries","RAIN.NS","754929386","2.2445","India"
"6884","Barrett Business Services","BBSI","754683520","31.14","United States"
"6885","Wacom Co., Ltd.","6727.T","754278519","5.68149","Japan"
"6886","Relaxo Footwear","RELAXO.NS","754025356","3.02896","India"
"6887","Ferrari Group PLC","046.F","753996129","8.25845","United Kingdom"
"6888","Golden Entertainment","GDEN","753686080","28.55","United States"
"6889","Hyliion","HYLN","753680192","4.22","United States"
"6890","AdaptHealth","AHCO","752427648","5.64","United States"
"6891","JK Paper","JKPAPER.NS","752079041","4.14783","India"
"6892","Kakao Games","293490.KQ","752066972","7.06888","South Korea"
"6893","TaskUs","TASK","751833600","8.2","United States"
"6894","Senvest Capital","SEC.TO","751065553","310.778","Canada"
"6895","Synsam","SYNSAM.ST","751027646","5.33006","Sweden"
"6896","GO (Etihad Atheeb Telecommunication Company)","7040.SR","750883590","22.0849","Saudi Arabia"
"6897","QuidelOrtho","QDEL","750215104","10.94","United States"
"6898","Mesa Laboratories","MLAB","750070272","134.04","United States"
"6899","Kelsian Group","KLS.AX","749659843","2.75731","Australia"
"6900","Halfords Group","HFD.L","749270379","3.45952","United Kingdom"
"6901","Ballard Power Systems","BLDP","747823296","2.13","Canada"
"6902","ATHEX  (Athens Stock Exchange)","EXAE.AT","747555433","12.9223","Greece"
"6903","Viridien","VIRI.PA","746094157","103.344","France"
"6904","Caisse régionale de Crédit Agricole Mutuel d'Ille-et-Vilaine","CIV.PA","745584254","123.99","France"
"6905","Wave Life Sciences","WVE","744842112","3.78","Singapore"
"6906","Aubay","AUB.PA","744803892","58.4689","France"
"6907","Sanofi India Limited","SANOFI.NS","744614413","32.3315","India"
"6908","Saudi Steel Pipes","1320.SR","744595948","14.7321","Saudi Arabia"
"6909","Sable Offshore","SOC","744453952","3.88","United States"
"6910","Evli","EVLI.HE","744144017","28.0969","Finland"
"6911","First Milling Company","2283.SR","743706219","13.4001","Saudi Arabia"
"6912","Canada Goose","GOOS","743197248","7.61","Canada"
"6913","Olvi plc","OLVAS.HE","742917891","36.0027","Finland"
"6914","Al Meera Consumer Goods Company","MERS.QA","741939530","3.60165","Qatar"
"6915","Safari Industries India","SAFARI.NS","741773967","15.1391","India"
"6916","IFA Hotels and Resorts","IFAHR.KW","741525326","2038.36","Kuwait"
"6917","Washington Trust Bancorp","WASH","741228096","38.86","United States"
"6918","Südwestdeutsche Salzwerke","SSH.F","741059044","70.5267","Germany"
"6919","Pharming Group","PHAR","740339200","10.46","Netherlands"
"6920","Nine Entertainment Co. Holdings","NEC.AX","739866626","0.466568","Australia"
"6921","2CRSI","AL2SI.PA","738261274","32.6925","France"
"6922","Independent Bank Corporation","IBCP","738188928","35.83","United States"
"6923","Rosenbauer International","ROS.VI","737936505","72.3467","Austria"
"6924","Bowman Consulting Group","BWMN","737897792","42.57","United States"
"6925","Burelle","BUR.PA","737848415","420.885","France"
"6926","Tata Teleservices","TTML.NS","737043789","0.377018","India"
"6927","Judo Capital Holdings","JDO.AX","736266542","0.656002","Australia"
"6928","GFT Technologies","GFT.DE","735740660","28.7794","Germany"
"6929","Anteris Technologies","AVR.AX","734864317","7.54929","Australia"
"6930","Latham Group","SWIM","734699776","6.245","United States"
"6931","Cytek Biosciences","CTKB","734405440","5.65","United States"
"6932","Root Insurance","ROOT","734380160","47.4","United States"
"6933","Lifenet Insurance Company","7157.T","734316047","9.14007","Japan"
"6934","International Tower Hill Mines","THM","733675648","2.76","Canada"
"6935","DocMorris","DOCM.SW","733316223","14.384","Switzerland"
"6936","Canadian Solar","CSIQ","733284928","10.8","Canada"
"6937","DRI Healthcare Trust","DHT-UN.TO","733213992","13.0315","Canada"
"6938","National Investments Company (Kuwait)","NINV.KW","732802153","920.026","Kuwait"
"6939","EPC Groupe","EXPL.PA","732309951","342.396","France"
"6940","Gold Royalty Corp","GROY","732111104","3.16","Canada"
"6941","Axial Retailing","8255.T","731788440","8.4267","Japan"
"6942","CIR S.p.A. - Compagnie Industriali Riunite","CIR.MI","731126996","0.886133","Italy"
"6943","Reformation Inc.","REF","730811200","12.37","United States"
"6944","Mochida Pharmaceutical","4534.T","730675953","20.7642","Japan"
"6945","Asseco Business Solutions","ABS.WA","729799988","22.2401","Poland"
"6946","Ardmore Shipping","ASC","729205952","17.85","Bermuda"
"6947","Thermador Groupe","THEP.PA","729192217","79.5131","France"
"6948","APG|SGA","APGN.SW","728275996","242.94","Switzerland"
"6949","Geopark","GPRK","726832384","11.2","Chile"
"6950","DBV Technologies","DBVT","726528640","11.56","France"
"6951","PennyMac Mortgage Investment Trust","PMT","726395648","8.33","United States"
"6952","Community West Bancshares","CWBC","726298944","26.77","United States"
"6953","Ponsse","PON1V.HE","726058030","25.9356","Finland"
"6954","Pollen Street Group","POLN.L","725467866","12.2912","United Kingdom"
"6955","Agthia Group","AGTHIA.AE","724161120","0.87","United Arab Emirates"
"6956","Sto SE &amp; Co. KGaA","STO3.DE","723665110","112.615","Germany"
"6957","Stratasys","SSYS","723468672","8.26","Israel"
"6958","IDEC Corporation","6652.T","723061877","24.3947","Japan"
"6959","Air New Zealand","AIR.NZ","722839342","0.223543","New Zealand"
"6960","Daiichi Jitsugyo","8059.T","722202453","22.9616","Japan"
"6961","Cancom","COK.F","720862753","25.0825","Germany"
"6962","Third Coast Bancshares","TCBX","720327424","43.25","United States"
"6963","Warteck Invest","WARN.SW","719969959","2327.18","Switzerland"
"6964","Shibaura Machine","6104.T","719195904","30.4138","Japan"
"6965","IMC Rare Earths","IMC","718760000","6.8","Brazil"
"6966","Bain Capital Specialty Finance","BCSF","718743040","11.08","United States"
"6967","Gemini Space Station","GEMI","718273152","5.54","United States"
"6968","VP Bank","VPBN.SW","718146511","114.254","Liechtenstein"
"6969","Ginkgo Bioworks","DNA","717847360","10.66","United States"
"6970","Hello Group Inc.","MOMO","716742016","4.99","China"
"6971","Kossan Rubber Industries","7153.KL","716001872","0.284105","Malaysia"
"6972","Sheela Foam","SFL.NS","715925002","6.55589","India"
"6973","Nxera Pharma","4565.T","715732119","7.8025","Japan"
"6974","Paysign","PAYS","715375552","12.67","United States"
"6975","Core Lithium Ltd","CXO.AX","715352871","0.221006","Australia"
"6976","Fujibo Holdings","3104.T","715154038","21.2101","Japan"
"6977","River City Bank","RCBC","714858240","51.08","United States"
"6978","MLP Group S.A.","MLG.WA","713820956","29.7488","Poland"
"6979","Obsidian Energy","OBE","713296320","10.69","Canada"
"6980","SF Urban Properties (SFP)","SFPN.SW","713073956","122.071","Switzerland"
"6981","Aspen Group","APZ.AX","712486903","3.10812","Australia"
"6982","Lincoln Educational Services","LINC","712464384","22.46","United States"
"6983","LSB Industries","LXU","712055360","9.89","United States"
"6984","Lucky Strike Entertainment","LUCK","710268992","5.21","United States"
"6985","XOMA Royalty","XOMA","710155008","40.17","United States"
"6986","IperionX","IPX","710144960","19.61","United States"
"6987","SOPHiA GENETICS","SOPH","709966080","8.34","Switzerland"
"6988","Arabian Contracting Services Company","4071.SR","709459971","12.8993","Saudi Arabia"
"6989","Doshisha Co.","7483.T","708713289","19.7451","Japan"
"6990","Enhabit","EHAB","706913408","13.8","United States"
"6991","Bally's Corporation","BALY","706573312","14","United States"
"6992","PVA TePla AG","TPE.DE","706229897","34.5808","Germany"
"6993","Genomma Lab Internacional","LABB.MX","705657028","0.721713","Mexico"
"6994","Funai Soken Holdings Incorporated","9757.T","705321667","7.55409","Japan"
"6995","Vitesse Energy","VTS","705247296","16.75","United States"
"6996","Uchida Yoko Co., Ltd.","8057.T","704933253","14.2929","Japan"
"6997","Waga Energy","WAGA.PA","704199894","26.3338","France"
"6998","Digital Garage","4819.T","704013512","15.2674","Japan"
"6999","Mutares","MUX.DE","703756604","27.4713","Germany"
"7000","Avon Protection","AVON.L","703460423","23.8853","United Kingdom"
"7001","DATAGROUP SE","D6H.DE","703390793","84.8","Germany"
"7002","Middle East Healthcare Company","4009.SR","703228048","7.64046","Saudi Arabia"
"7003","Allied Bank (Pakistan)","ABL.PK","702715572","0.613686","Pakistan"
"7004","Five Point Holdings","FPH","702536832","4.75","United States"
"7005","Shoei Co., Ltd.","7839.T","702157540","13.7133","Japan"
"7006","Carter Bankshares","CARE","702098752","30.31","United States"
"7007","Ethos Watches","ETHOSLTD.NS","701960838","26.234","India"
"7008","Salhia Real Estate Company","SRE.KW","701196950","1167.1","Kuwait"
"7009","Verastem Oncology","VSTM","700961024","7.74","United States"
"7010","Viña Concha y Toro","CONCHATORO.SN","700829754","0.948336","Chile"
"7011","American Woodmark","AMWD","700651840","48.09","United States"
"7012","LINK Mobility Group","LINK.OL","700217304","2.48023","Norway"
"7013","Movida Participações","MOVI3.SA","700084621","1.74569","Brazil"
"7014","indie Semiconductor","INDI","700062784","3.02","United States"
"7015","Bergman &amp; Beving","BERG-B.ST","699800820","26.1986","Sweden"
"7016","Auction Technology Group","ATG.L","699150322","5.77382","United Kingdom"
"7017","LightPath Technologies","LPTH","698961792","9.98","United States"
"7018","Fundamenta Real Estate AG","FREN.SW","698878931","20.4455","Switzerland"
"7019","Peoples Financial Services","PFIS","698723648","69.8","United States"
"7020","Collegium Pharmaceutical","COLL","698411840","22.53","United States"
"7021","Catapult Group International","CAT.AX","698325225","2.21006","Australia"
"7022","Green Dot","GDOT","698068480","12.25","United States"
"7023","Cera Sanitaryware","CERA.NS","698013291","54.1306","India"
"7024","Arrow Financial","AROW","697418240","37.65","United States"
"7025","Legacy Housing Corporation","LEGH","696843008","29.3","United States"
"7026","ParkOhio Holdings Corp.","PKOH","696100096","48.04","United States"
"7027","California BanCorp","BCAL","695737664","21.64","United States"
"7028","Karnov Group","KAR.ST","695492611","7.23724","Sweden"
"7029","Propel Holdings","PRL.TO","694962125","17.6508","Canada"
"7030","Silence Therapeutics","SLN","694882752","11.18","United Kingdom"
"7031","Caisse Régionale de Crédit Agricole du Morbihan","CMO.PA","694217903","132.408","France"
"7032","Mühlbauer Holding","MUB.DE","694174878","48.9137","Germany"
"7033","Hallador Energy Company","HNRG","693950208","14.72","United States"
"7034","PennantPark Floating Rate Capital Ltd.","PFLT","693533056","6.99","United States"
"7035","Borosil","BORORENEW.NS","693445519","4.71143","India"
"7036","SNP Schneider-Neureither &amp; Partner","SHF.DE","693203848","95.0973","Germany"
"7037","Transport Corporation of India","TCI.NS","692232678","9.00979","India"
"7038","Osisko Development","ODV","691717504","2.27","Canada"
"7039","Cass Information Systems","CASS","691564864","54.13","United States"
"7040","Pakuwon Jati Tbk","PWON.JK","691440001","0.0143573","Indonesia"
"7041","Suprajit Engineering","SUPRAJIT.NS","691112945","5.03802","India"
"7042","FleetPartners Group","FPR.AX","690972656","3.23441","Australia"
"7043","Synergie SE","SDG.PA","690437382","30.372","France"
"7044","Super Hi International","9658.HK","690423464","1.17346","Singapore"
"7045","Midland States Bancorp","MSBI","690215232","33.26","United States"
"7046","Annexon","ANNX","690068096","3.64","United States"
"7047","Pinewood Technologies Group","PINE.L","690067368","5.91253","United Kingdom"
"7048","Doman Building Materials Group","DBM.TO","689100778","7.84009","Canada"
"7049","Japan Lifeline","7575.T","689028770","9.82159","Japan"
"7050","Hutchison Telecommunications Hong Kong Holdings","0215.HK","688062319","0.142778","Hong Kong"
"7051","Cicor Technologies","CICN.SW","687449019","157.55","Switzerland"
"7052","Seika Corporation","8061.T","687021952","19.554","Japan"
"7053","Dometic Group","DOM.ST","686954670","2.15009","Sweden"
"7054","Hovnanian Enterprises","HOV","686281344","115.15","United States"
"7055","Zuken Inc.","6947.T","685964460","32.5476","Japan"
"7056","Seco S.p.A.","IOT.MI","685795544","5.17575","Italy"
"7057","SPARC","SPARC.NS","685792369","2.11324","India"
"7058","MISTRAS Group","MG","685634816","21.52","United States"
"7059","Funding Circle","FCH.L","685634475","2.43359","United Kingdom"
"7060","Creotech Instruments","CRI.WA","685591518","195.64","Poland"
"7061","Coastal Financial Corporation","CCB","685133184","44.82","United States"
"7062","Barco NV","BAR.BR","685102545","8.4177","Belgium"
"7063","Natural Grocers by Vitamin Cottage","NGVC","684692224","29.71","United States"
"7064","Grupo Supervielle","SUPV","684239424","7.24","Argentina"
"7065","TANLA","TANLA.NS","684121497","5.18075","India"
"7066","Sturm, Ruger &amp; Co","RGR","684029184","42.81","United States"
"7067","Entravision Communications","EVC","683856320","7.41","United States"
"7068","SmarTone Telecommunications","0315.HK","683504379","0.620831","Hong Kong"
"7069","Tron Inc.","TRON","683110208","1.44","United States"
"7070","Once Upon A Farm","OFRM","682768000","16.26","United States"
"7071","Cannae Holdings","CNNE","682710336","15.74","United States"
"7072","NIPPON KANZAI Holdings","9347.T","682459298","18.7897","Japan"
"7073","Ironwood Pharmaceuticals","IRWD","682441024","4.13","United States"
"7074","Maxvalu Tokai","8198.T","682397519","21.4011","Japan"
"7075","Skipper Limited","SKIPPER.NS","681689200","5.58027","India"
"7076","Liberty Financial Group","LFG.AX","681624920","2.24514","Australia"
"7077","MiMedx Group","MDXG","681513216","4.67","United States"
"7078","RE/MAX Holdings","RMAX","681161536","12.36","United States"
"7079","ES-CON JAPAN","8892.T","680991739","7.10187","Japan"
"7080","Aoyama Trading","8219.T","680802229","4.79615","Japan"
"7081","Ecclesiastical Insurance Office plc","ELLA.L","679526012","1.93775","United Kingdom"
"7082","GOLDCREST Co.,Ltd.","8871.T","679514945","20.4457","Japan"
"7083","Okamoto Industries","5122.T","679508892","40.1271","Japan"
"7084","Indian Metals &amp; Ferro Alloys","IMFA.NS","678880844","12.5826","India"
"7085","Atal S.A.","1AT.WA","678879009","15.6928","Poland"
"7086","Starling Oncology","STLN","678761280","6.66","United States"
"7087","Patrizia Immobilien","P1Z.VI","678603316","7.83756","Germany"
"7088","Udemy","UDMY","677283328","4.63","United States"
"7089","Filtronic","FTC.L","677011009","3.07812","United Kingdom"
"7090","Truecaller","TRUE-B.ST","675878663","2.2043","Sweden"
"7091","Credit Corp Group","CCP.AX","674795963","9.9137","Australia"
"7092","Factorial Energy","FAC","674572480","6.28","United States"
"7093","Bloomin' Brands","BLMN","674264768","7.875","United States"
"7094","Calian Group","CGY.TO","673640198","58.4617","Canada"
"7095","United States Antimony Corporation","UAMY","673512192","4.5","United States"
"7096","Information Services Corporation","ISC.TO","673233180","36.0008","Canada"
"7097","Metals Exploration","MTL.L","672963546","0.220031","United Kingdom"
"7098","New Found Gold","NFGC","672625664","1.75","Canada"
"7099","Iress Limited","IRE.AX","672300579","3.59924","Australia"
"7100","Interfor","IFP.TO","672162611","10.2204","Canada"
"7101","Campus Activewear","CAMPUS.NS","672055898","2.19856","India"
"7102","Village Super Market","VLGEA","671906560","45.37","United States"
"7103","Donegal Group","DGICA","671487808","18.09","United States"
"7104","OmniAb","OABI","670249792","4.61","United States"
"7105","AO World","AO.L","669947163","1.20884","United Kingdom"
"7106","Climb Bio","CLYM","669706752","11.66","United States"
"7107","ACICO Industries Company","ACICO.KW","669309251","2025.36","Kuwait"
"7108","Similarweb","SMWB","668925184","7.58","Israel"
"7109","Momentum Group AB","MMGR-B.ST","668923640","13.5309","Sweden"
"7110","Shenzhen Bingchuan Network","300533.SZ","668881249","2.03774","China"
"7111","Southern Province Cement Company","3050.SR","668726870","4.77662","Saudi Arabia"
"7112","Kornit Digital","KRNT","668559296","15.56","Israel"
"7113","Artea Bankas","ROE1L.VS","667911072","1.03401","Lithuania"
"7114","Séché Environnement","SCHP.PA","667786508","85.997","France"
"7115","Helen of Troy","HELE","666851648","28.63","United States"
"7116","Bloomsbury Publishing","BMY.L","666513199","8.24453","United Kingdom"
"7117","Riyadh Cement Company","3092.SR","665583288","5.54653","Saudi Arabia"
"7118","Ridley Corporation","RIC.AX","665388552","1.77506","Australia"
"7119","BASSAC","BASS.PA","665064670","41.406","France"
"7120","Red River Bancshares","RRBI","664994688","101","United States"
"7121","Construtora Tenda S.A.","TEND3.SA","663819105","5.4126","Brazil"
"7122","EnQuest","ENQ.L","662346039","0.355893","United Kingdom"
"7123","KDH (Khang Dien House Trading and Investment)","KDH.VN","661041341","0.589051","Vietnam"
"7124","Betterware de Mexico","BWMX","660979776","16.74","Mexico"
"7125","Earth Corporation","4985.T","660363528","30.1272","Japan"
"7126","MA Financial Group","MAF.AX","660262804","3.31158","Australia"
"7127","Nuvectis Pharma","NVCT","660062976","20.22","United States"
"7128","New Mountain Finance Corporation","NMFC","659277696","6.98","United States"
"7129","Morita Holdings Corporation","6455.T","658500252","16.0317","Japan"
"7130","Mativ Holdings","MATV","657865920","11.92","United States"
"7131","JBCC Holdings","9889.T","657849122","10.9044","Japan"
"7132","Shizuoka Gas","9543.T","657518001","8.71969","Japan"
"7133","Hingham Institution for Savings","HIFS","657373248","299.18","United States"
"7134","EverQuote","EVER","656868928","18.64","United States"
"7135","OneSpan","OSPN","656337152","17.81","United States"
"7136","Grendene","GRND3.SA","656059454","0.72721","Brazil"
"7137","Tuas Limited","TUA.AX","656013111","1.19624","Australia"
"7138","Keihanshin Building","8818.T","655674969","6.87257","Japan"
"7139","Zevra Therapeutics","ZVRA","655596928","11.04","United States"
"7140","Park Aerospace","PKE","654929024","30.11","United States"
"7141","Lycopodium","LYL.AX","654669483","16.4737","Australia"
"7142","Chatham Lodging Trust","CLDT","653678208","13.35","United States"
"7143","Kimball Electronics","KE","653579968","27.27","United States"
"7144","Bar Harbor Bankshares","BHB","653206464","38.96","United States"
"7145","Johnson Service Group PLC","JSG.L","652487262","1.81592","United Kingdom"
"7146","Jahez International Company for Information Systems Technology","6017.SR","652471412","3.19685","Saudi Arabia"
"7147","ENCE Energía y Celulosa","ENC.MC","651668570","2.69139","Spain"
"7148","Ascopiave","ASC.MI","651209337","3.00876","Italy"
"7149","Shentel","SHEN","651088640","11.76","United States"
"7150","Voltalia","VLTSA.PA","651048518","4.97099","France"
"7151","Arabi Group Holding","AGHC.KW","650721123","1254.07","Kuwait"
"7152","Mannai Corporation","MCCS.QA","650324236","1.42555","Qatar"
"7153","Petco","WOOF","650171968","2.27","United States"
"7154","Oma Säästöpankki","OMASP.HE","650023178","19.5655","Finland"
"7155","Zignago Vetro","ZV.MI","649614833","7.3598","Italy"
"7156","OTC Markets Group","OTCM","648904960","54.15","United States"
"7157","Oeneo","SBT.PA","648445638","10.3515","France"
"7158","Litgrid AB","LGD1L.VS","648270331","1.28541","Lithuania"
"7159","Bank Alfalah","BAFL.PK","648216325","0.2055","Pakistan"
"7160","ACNB Corporation","ACNB","648129664","63.73","United States"
"7161","Armada Hoffler Properties","AHH","647902656","6.25","United States"
"7162","Mensch und Maschine","MUM.F","646295948","38.7897","Germany"
"7163","RWS Holdings","RWS.L","645959167","1.74036","United Kingdom"
"7164","Property For Industry","PFI.NZ","645515750","1.28466","New Zealand"
"7165","Consensus Cloud Solutions","CCSI","645403776","35.22","United States"
"7166","Maharah for Human Resources Company","1831.SR","645072189","1.13222","Saudi Arabia"
"7167","DoubleDown Interactive","DDI","644194688","13","United States"
"7168","RAK Ceramics","RAKCEC.AE","643927080","0.65","United Arab Emirates"
"7169","Evertz Technologies","ET.TO","643908676","8.50403","Canada"
"7170","Papa John's Pizza","PZZA","643618944","19.55","United States"
"7171","Tronox","TROX","643591168","4.03","United States"
"7172","Collins Foods Limited","CKF.AX","643184508","5.43044","Australia"
"7173","Reitir fasteignafélag","REITIR.IC","642914111","0.947552","Iceland"
"7174","Forward Industries","FWDI","642346816","8.42","United States"
"7175","Carlton Investments","CIN.AX","641864679","24.3668","Australia"
"7176","Algoma Central Corporation","ALC.TO","641841401","15.8214","Canada"
"7177","Priority Technology Holdings","PRTH","641633920","7.78","United States"
"7178","Mediterranean Towers","MDTR.TA","641498857","4.21879","Israel"
"7179","Glass House Brands","GLAS","640849024","6.8","United States"
"7180","SLR Investment","SLRC","640471360","11.74","United States"
"7181","Yext","YEXT","640392192","6.47","United States"
"7182","AngioDynamics","ANGO","640238656","15.49","United States"
"7183","Bank Jago","ARTO.JK","640228412","0.0461881","Indonesia"
"7184","Sembcorp Salalah Power & Water Company","SSPW.OM","639853366","0.670304","Oman"
"7185","Foresight Group","FSG.L","639593184","5.79238","United Kingdom"
"7186","Smith &amp; Wesson","SWBI","639413824","14.26","United States"
"7187","Northfield Bancorp","NFBK","639406784","15.31","United States"
"7188","mobilezone Holding","MOZN.SW","639207177","14.817","Switzerland"
"7189","Integral Corporation","5842.T","639056221","18.7451","Japan"
"7190","Al-Ahleia Insurance","AINS.KW","638992631","2600.78","Kuwait"
"7191","ProKidney","PROK","638692096","1.6","United States"
"7192","Tiptree","TIPT","638660672","17.15","United States"
"7193","Enghouse Systems","ENGH.TO","637309010","11.8237","Canada"
"7194","CJ CGV Co., Ltd.","079160.KS","637005706","3.84706","South Korea"
"7195","BellSystem24","6183.T","636903252","8.56682","Japan"
"7196","Bit Digital","BTBT","634714944","1.76","United States"
"7197","Cromwell Property Group","CMW.AX","633907943","0.242054","Australia"
"7198","Bahnhof AB","3B7.F","633815621","5.89239","Sweden"
"7199","Systems Limited (Pakistan)","SYS.PK","633758925","0.430132","Pakistan"
"7200","Schweiter Technologies","SWTQ.SW","633695732","442.584","Switzerland"
"7201","Hudson Pacific Properties","HPP","632230784","11.65","United States"
"7202","Rashtriya Chemicals and Fertilizers","RCF.NS","631921114","1.14543","India"
"7203","GDI Integrated Facility Services","GDI.TO","631553405","26.8246","Canada"
"7204","Phreesia","PHR","630020032","10.15","United States"
"7205","Enovix","ENVX","629817280","2.87","United States"
"7206","Gladstone Investment","GAIN","629585344","15.81","United States"
"7207","Mama's Creations","MAMA","629418688","13.35","United States"
"7208","Cognyte Software","CGNT","629161472","8.52","Israel"
"7209","Grid Dynamics","GDYN","628733312","7.75","United States"
"7210","Roland Corporation","7944.T","628244363","23.7897","Japan"
"7211","Nichiha Corporation","7943.T","628053079","19.2992","Japan"
"7212","Vulcan Energy Resources","VUL.AX","628005017","1.312","Australia"
"7213","BlossomHill Therapeutics","BLSM","627751936","19.75","United States"
"7214","Merida Industry","9914.TW","627094484","2.09742","Taiwan"
"7215","Nerdy, Inc,","NRDY","626237696","8.67","United States"
"7216","First Watch Restaurant","FWRG","625764096","10.14","United States"
"7217","Reservoir Media","RSVR","625682752","9.49","United States"
"7218","Tri Chemical Laboratories","4369.T","625091925","19.2355","Japan"
"7219","WhiteHawk Minerals Corp","WHK","624868544","26.26","United States"
"7220","Sveafastigheter AB","SVEAF.ST","624000529","3.1619","Sweden"
"7221","F.I.L.A. - Fabbrica Italiana Lapis ed Affini","FILA.MI","623950914","12.3649","Italy"
"7222","Klaveness Combination Carriers","KCC.OL","623927142","10.5184","Norway"
"7223","Forge Global","FRGE","623007296","45","United States"
"7224","Aura Biosciences","AURA","622228864","6","United States"
"7225","Onward Holdings Co., Ltd.","8016.T","621506356","4.56048","Japan"
"7226","Wheels India","WHEELS.NS","621319220","24.2088","India"
"7227","Direct Finance of Direct Group","DIFI.TA","620906020","207.877","Israel"
"7228","Wakita & Co.,LTD.","8125.T","620814058","12.484","Japan"
"7229","Sumitomo Seika Chemicals Company","4008.T","620399243","9.68147","Japan"
"7230","Contango Ore","CTGO","620324800","18.55","United States"
"7231","Hertz","HTZ","620225408","1.74","United States"
"7232","Array Technologies","ARRY","619920384","4.03","United States"
"7233","Summit Hotel Properties","INN","619078848","5.74","United States"
"7234","Arnoldo Mondadori Editore","MN.MI","618672789","2.37174","Italy"
"7235","Floridienne S.A.","FLOB.BR","617915578","63.1327","Belgium"
"7236","Yanbu Cement Company","3060.SR","616791408","3.91614","Saudi Arabia"
"7237","Northern Data AG","NB2.DE","616699935","9.60642","Germany"
"7238","oOh!media Limited","OML.AX","615190873","1.16467","Australia"
"7239","Citycon","CTY1S.HE","614959246","3.35002","Finland"
"7240","ECN Capital","ECN.TO","614662284","2.18172","Canada"
"7241","Basler Kantonalbank","BSKP.SW","614556578","120.508","Switzerland"
"7242","DIP Corporation","2379.T","614249439","11.7324","Japan"
"7243","Solowin Holdings","SWIN","614008064","3.28","Hong Kong"
"7244","Limbach Holdings","LMB","613898624","51.48","United States"
"7245","Vinci Compass Investments","VINP","613839360","9.35","Brazil"
"7246","Braskem","BAK","613665664","1.54","Brazil"
"7247","Miller Industries","MLR","613472064","54.04","United States"
"7248","COVER Corporation","5253.T","613328393","9.61777","Japan"
"7249","Maxell, Ltd.","6810.T","613254248","16.6368","Japan"
"7250","IsoEnergy","ISO.TO","613017759","9.39398","Canada"
"7251","Nanosonics Limited","NAN.AX","612902220","2.04869","Australia"
"7252","Rogers Sugar (Lantic)","RSI.TO","612848198","4.76762","Canada"
"7253","Vaalco Energy","EGY","612216128","5.82","United States"
"7254","EagleRock Land","EROK","611881344","25.02","United States"
"7255","CorMedix","CRMD","611862912","7.85","United States"
"7256","Fulgent Genetics","FLGT","610839488","22.2","United States"
"7257","G City","GCT.TA","610345937","3.68126","Israel"
"7258","Gladstone Commercial","GOOD","610321728","12.5","United States"
"7259","Energy Absolute","EA.BK","610240222","0.0821673","Thailand"
"7260","ADENTRA Inc.","ADEN.TO","609990484","25.1589","Canada"
"7261","Shattuck Labs","STTK","609204992","6.07","United States"
"7262","MCAN Mortgage Corporation","MKP.TO","608311738","14.8679","Canada"
"7263","PNE AG","PNE3.DE","608225777","7.93994","Germany"
"7264","Alfa Financial Software","ALFA.L","608141533","2.0439","United Kingdom"
"7265","Qatari Investors Group","QIGD.QA","607971640","0.489011","Qatar"
"7266","Arena REIT","ARF.AX","607881725","1.48741","Australia"
"7267","Bank AL Habib","BAHL.PK","607805435","0.54687","Pakistan"
"7268","Aeon Kyushu","2653.T","607416833","17.7706","Japan"
"7269","Tian An China Investments Company","0028.HK","607410175","0.414312","Hong Kong"
"7270","IPH Limited","IPH.AX","607097542","2.36441","Australia"
"7271","AGNT, Inc","AGNT","606638144","3.63","United States"
"7272","A'ayan Leasing and Investment Company","AAYAN.KW","606615361","913.524","Kuwait"
"7273","Al-Maidan Clinic for Oral Health Services","MIDAN.KW","606315023","2994.15","Kuwait"
"7274","Kempower","KEMPOWR.HE","606108740","10.9316","Finland"
"7275","Velocity Financial","VEL","606040384","15.35","United States"
"7276","Wickes Group","WIX.L","605847996","2.76318","United Kingdom"
"7277","Shinagawa Refractories","5351.T","604852962","13.2547","Japan"
"7278","Phu Nhuan Jewelry (PNJ)","PNJ.VN","604832355","1.18195","Vietnam"
"7279","Civmec Limited","CVL.AX","604270146","1.18572","Australia"
"7280","K-Electric","KEL.PK","604077066","0.0218748","Pakistan"
"7281","Hayat Communications Company","DIGITUS.KW","603989509","5624.19","Kuwait"
"7282","TINC NV","TINC.BR","603371868","12.4445","Belgium"
"7283","Aditya Birla Fashion and Retail","ABFRL.NS","603254788","0.495781","India"
"7284","Weebit Nano","WBT.AX","602999845","2.50474","Australia"
"7285","Yesway, Inc.","YSWY","602505024","19.32","United States"
"7286","Duniec Bros.","DUNI.TA","602298650","78.0232","Israel"
"7287","Saibu Gas Holdings","9536.T","602223764","16.7324","Japan"
"7288","Pakistan State Oil Company","PSO.PK","602010936","1.28231","Pakistan"
"7289","ME Group International","MEGP.L","601859533","1.60649","United Kingdom"
"7290","Latitude Group Holdings","LFS.AX","601823930","0.578825","Australia"
"7291","Ooma","OOMA","600852032","21.77","United States"
"7292","Acast AB","ACAST.ST","600747257","3.29239","Sweden"
"7293","Mavi Giyim Sanayi ve Ticaret","MAVI.IS","600599361","0.766457","Turkey"
"7294","Bluelinx","BXC","600127552","76.35","United States"
"7295","Saudi Paper Manufacturing Company","2300.SR","600037072","16.2373","Saudi Arabia"
"7296","NETGEAR","NTGR","599840960","22.07","United States"
"7297","Tidewater Renewables","LCFS.TO","598697002","16.3865","Canada"
"7298","The Elmet Group","ELMT","598224512","19.64","United States"
"7299","Care Property Invest NV","CPINV.BR","598197594","14.1508","Belgium"
"7300","MyState Limited","MYS.AX","597729824","3.494","Australia"
"7301","ProCredit","PCZ.DE","597627739","10.1467","Germany"
"7302","Aurelia Metals","AMI.AX","597516087","0.347295","Australia"
"7303","GMR Solutions Inc.","GMRS","597480128","11.06","United States"
"7304","Lumibird","LBIRD.PA","597385855","27.0731","France"
"7305","Praj Industries","PRAJIND.NS","597359049","3.24982","India"
"7306","Fiera Milano","FM.MI","596997167","8.36082","Italy"
"7307","VTEX","VTEX","596848960","3.61","United Kingdom"
"7308","Wellneo Sugar","2117.T","596171533","18.2101","Japan"
"7309","Alpha HPA Limited","A4N.AX","595957240","0.41044","Australia"
"7310","Saudi Ceramic Company","2040.SR","595897165","5.9781","Saudi Arabia"
"7311","Scholastic","SCHL","595545472","32.35","United States"
"7312","Altimmune","ALT","595224128","3.06","United States"
"7313","CJ ENM CO., Ltd.","035760.KQ","594985641","28.6507","South Korea"
"7314","Centiel","CNTL.SW","594725300","7.28821","Switzerland"
"7315","Nilfisk Holding","NLFSK.CO","594716482","21.9239","Denmark"
"7316","Avalon Pharma (Middle East Pharmaceutical)","4016.SR","593947277","16.9699","Saudi Arabia"
"7317","3D Systems","DDD","593144896","3.57","United States"
"7318","Bannerman Energy","BMN.AX","593133391","2.48369","Australia"
"7319","Patriot Battery Metals","PMET.TO","592316756","3.18548","Canada"
"7320","India Tourism Development Corp","ITDC.NS","591959873","6.90176","India"
"7321","Teamshares","TMS","591945600","8","United States"
"7322","Matthews International Corporation","MATW","591489664","18.95","United States"
"7323","Weave Communications","WEAV","591310784","7.35","United States"
"7324","Kearny Financial","KRNY","591301824","9.36","United States"
"7325","IBEX","IBEX","591297536","44.53","United States"
"7326","Endúr ASA","ENDUR.OL","591190513","11.5702","Norway"
"7327","Zojirushi","7965.T","590866542","9.30567","Japan"
"7328","Climb Global Solutions","CLMB","590609280","31.65","United States"
"7329","Phathom Pharmaceuticals","PHAT","590576832","7.3","United States"
"7330","SMASCO (Saudi Manpower Solutions Company)","1834.SR","590350851","1.47588","Saudi Arabia"
"7331","First Business Financial Services","FBIZ","590217600","70.53","United States"
"7332","Autohellas","OTOEL.AT","589755761","12.2625","Greece"
"7333","Hemnet Group AB","HEM.ST","589367310","6.5898","Sweden"
"7334","OrthoPediatrics","KIDS","588775680","22.55","United States"
"7335","CytomX Therapeutics","CTMX","588328064","2.7","United States"
"7336","Aquestive Therapeutics","AQST","587394496","4.68","United States"
"7337","Capital Bancorp","CBNK","587270912","36.05","United States"
"7338","Hankyu Hanshin REIT","8977.T","587152407","844.581","Japan"
"7339","Greene County Bancorp","GCBC","586698176","34.46","United States"
"7340","Malam - Team","MLTM.TA","586655697","26.7938","Israel"
"7341","Chaince Digital Holdings","CD","586320256","5.33","United States"
"7342","Groupe CRIT","CEN.PA","586004579","55.6251","France"
"7343","Granite Ridge Resources","GRNT","585637056","4.44","United States"
"7344","Credit Agricole Mutuel Toulouse 31","CAT31.PA","585358245","129.701","France"
"7345","Gulf Keystone Petroleum","GKP.L","585083074","2.69074","Bermuda"
"7346","Transport International Holdings","0062.HK","584309725","1.08932","Hong Kong"
"7347","Cars.com","CARS","583506560","10.9","United States"
"7348","Marshalls plc","MSLH.L","583248983","2.30635","United Kingdom"
"7349","Opthea","OPT","583100736","3.41","Australia"
"7350","FDC India","FDC.NS","582785157","3.57954","India"
"7351","NEC Capital Solutions","8793.T","582530114","27.038","Japan"
"7352","Valneva SE","VALN","582216000","6.14","France"
"7353","Lotus Technology","LOT","582139840","0.8999","China"
"7354","YG Entertainment","122870.KQ","581858049","31.3723","South Korea"
"7355","PAR Technology","PAR","581559680","14.06","United States"
"7356","MapLight Therapeutics","MPLT","581322048","10.46","United States"
"7357","Ricegrowers Limited","SGLLV.AX","581081787","8.39122","Australia"
"7358","ADTRAN","ADTN","580962432","7.13","United States"
"7359","Sparebanken Møre","MORG.OL","580840361","11.7154","Norway"
"7360","Tilray Brands","TLRY","579945216","4.13","Canada"
"7361","Rayonier Advanced Materials","RYAM","579710848","8.57","United States"
"7362","TV TOKYO Holdings","9413.T","579459855","21.6878","Japan"
"7363","Bridgewater Bancshares","BWB","579147008","20.77","United States"
"7364","Unilever Pakistan Foods","UPFL.PK","579104573","90.9122","Pakistan"
"7365","Iwaki Co.","6237.T","579010029","26.0189","Japan"
"7366","Franklin BSP Realty Trust","FBRT","578826560","6.97","United States"
"7367","Equasens","EQS.PA","578819231","38.5053","France"
"7368","Gaotu Techedu","GOTU","578237312","2.46","China"
"7369","Medgulf (The Mediterranean and Gulf Cooperative Insurance and Reinsurance Company)","8030.SR","578218932","4.1852","Saudi Arabia"
"7370","Greenlam Industries","GREENLAM.NS","578155811","2.26597","India"
"7371","Sprout Social","SPT","578049728","9.54","United States"
"7372","Cineplex","CGX.TO","577607514","9.16796","Canada"
"7373","Arata Corporation","2733.T","574644347","17.1655","Japan"
"7374","Ramaco Resources","METC","574423168","9.02","United States"
"7375","Janus International Group","JBI","574394688","4.21","United States"
"7376","Sagimet Biosciences","SGMT","574345920","9.24","United States"
"7377","Southern First Bancshares","SFST","574177792","60.62","United States"
"7378","Alpen Co.,Ltd.","3028.T","573948240","14.8853","Japan"
"7379","Hapvida","HAPV3.SA","573675913","1.20752","Brazil"
"7380","Gulf Oil Lubricants","GULFOILLUB.NS","573303636","11.5689","India"
"7381","Trilogy Metals","TMQ","572503424","3.2","Canada"
"7382","Cardinal Infrastructure Group","CDNL","572409664","28.02","United States"
"7383","Kelly Services","KELYA","572382400","16.48","United States"
"7384","Monopar Therapeutics","MNPR","572112000","85.235","United States"
"7385","init innovation in traffic systems","IXX.DE","571987444","52.3262","Germany"
"7386","CSB Bank","CSBBANK.NS","571605070","3.37275","India"
"7387","Italtile","ITE.JO","571601900","0.488917","South Africa"
"7388","BFF Bank","BFF.MI","571575277","3.02582","Italy"
"7389","Al-Saif Stores for Development &amp; Investment","4192.SR","571569391","1.63306","Saudi Arabia"
"7390","Insteel Industries","IIIN","570681152","29.48","United States"
"7391","Integral Diagnostics Limited","IDX.AX","570606227","1.5295","Australia"
"7392","Allogene Therapeutics","ALLO","570059968","1.65","United States"
"7393","Docebo","DCBO","569803072","22.84","Canada"
"7394","Weathernews Inc.","4825.T","569455922","12.8216","Japan"
"7395","Energy Resources of Australia","ERA.AX","568857441","0.00140321","Australia"
"7396","Audax Renovables","ADX.MC","568722104","1.27858","Spain"
"7397","Fujimori Kogyo","7917.T","568285622","7.93625","Japan"
"7398","SIG (Semen Indonesia)","SMGR.JK","567854728","0.0843072","Indonesia"
"7399","The Honest Company","HNST","567534336","5.29","United States"
"7400","Wild Bunch","WBAH.F","566923642","23.6783","Germany"
"7401","AH Realty Trust","AHRT","566823360","5.91","United States"
"7402","Neurogene","NGNE","566522240","28.31","United States"
"7403","BMC Minerals","BMC.AX","566506015","2.06272","Canada"
"7404","Modern Mills for Food Products","2284.SR","566320937","6.99044","Saudi Arabia"
"7405","Zeria Pharmaceutical","4559.T","565448025","12.8279","Japan"
"7406","IDI","IDIP.PA","564894262","79.1719","France"
"7407","Ackerstein Group","ACKR.TA","564763911","1.95758","Israel"
"7408","Kyokuto Kaihatsu Kogyo","7226.T","564103032","14.6496","Japan"
"7409","Obrascón Huarte Lain","OHLA.MC","563924252","0.407917","Spain"
"7410","Unity Bancorp","UNTY","562886464","56.05","United States"
"7411","Gulf Investment House Company","GIH.KW","562823735","1391.42","Kuwait"
"7412","Civista Bancshares","CIVB","562692096","27.06","United States"
"7413","Tallink Grupp","T5N.F","562163943","0.750768","Estonia"
"7414","XMax Inc.","XMAX","561999040","8.71","United States"
"7415","Hindustan Construction Company","HCC.NS","560788284","0.214085","India"
"7416","THG (The Hut Group)","THG.L","560754142","0.353375","United Kingdom"
"7417","Sekisui Jushi Corporation","4212.T","560385662","18.6878","Japan"
"7418","ARGO GRAPHICS","7595.T","560200952","8.15281","Japan"
"7419","Viaplay Group","VPLAY-B.ST","559380572","0.123465","Sweden"
"7420","Ashtead Technology","AT.L","558939095","6.94555","United Kingdom"
"7421","Blackline Safety","BLN.TO","558917642","6.39215","Canada"
"7422","AvenuesAI Limited","CCAVENUE.NS","558834374","0.160538","India"
"7423","Bawan Company","1302.SR","558808639","9.31348","Saudi Arabia"
"7424","The Star Entertainment Group","SGR.AX","558720493","0.0841928","Australia"
"7425","Nueva Expresión Textil","NXT.MC","558330058","1.20805","Spain"
"7426","Integra Resources","ITRG","557900928","2.75","Canada"
"7427","Plus Alpha Consulting","4071.T","556642360","13.2674","Japan"
"7428","Musti Group","MUSTI.HE","556401468","16.6648","Finland"
"7429","Grupo Empresarial San José","GSJ.MC","556246327","8.5542","Spain"
"7430","Figeac Aero","FGA.PA","556176984","12.5583","France"
"7431","Northrim BanCorp","NRIM","555674240","24.98","United States"
"7432","Meeza QSTP LLC (Public)","MEZA.QA","555377074","0.855769","Qatar"
"7433","Hyster-Yale Materials Handling","HY","555304128","30.97","United States"
"7434","Norma Group","NOEJ.F","555205663","19.3607","Germany"
"7435","eMudhra","EMUDHRA.NS","554919897","6.76373","India"
"7436","Evotec","EVO","554406976","1.56","Germany"
"7437","Vadilal Industries","VADILALIND.NS","553932444","77.0653","India"
"7438","Titan Machinery","TITN","552787712","23.49","United States"
"7439","Lumax Industries","LUMAXIND.NS","552742262","59.1312","India"
"7440","Kyoei Steel","5440.T","551952026","12.7006","Japan"
"7441","Miquel y Costas &amp; Miquel","MCM.MC","551370686","14.7879","Spain"
"7442","W&amp;T Offshore","WTI","550941760","3.65","United States"
"7443","Ryobi Limited","5851.T","550539985","17.4139","Japan"
"7444","S Foods Inc.","2292.T","550143276","17.3693","Japan"
"7445","Unitika Ltd.","3103.T","550094959","9.54134","Japan"
"7446","Grenke","GLJ.F","549773598","12.4445","Germany"
"7447","Nyab AB","NYAB.ST","548680457","0.770902","Sweden"
"7448","Hollywood Bowl Group","BOWL.L","547212506","3.28452","United Kingdom"
"7449","PZ Cussons plc","PZC.L","547129159","1.3003","United Kingdom"
"7450","Hypoport","HYQ.F","547071089","82.6413","Germany"
"7451","West Holdings","1407.T","546888620","13.7897","Japan"
"7452","Fourth Milling","2286.SR","546660626","1.01233","Saudi Arabia"
"7453","AS Merko Ehitus","MRK1T.TL","546644289","30.8839","Estonia"
"7454","Snt Dynamics","003570.KS","546208785","21.9201","South Korea"
"7455","Singapore Post","S08.SI","546063348","0.242434","Singapore"
"7456","Invictus Investment Company","INVICTUS.AE","545880298","0.49","United Arab Emirates"
"7457","Australian Agricultural Company","AAC.AX","545547620","0.905073","Australia"
"7458","AmRest","EAT.MC","545385183","2.54237","Spain"
"7459","Solid Power","SLDP","545353152","2.39","United States"
"7460","Tadiran Group","TDRN.TA","545156218","63.4936","Israel"
"7461","Eastern Province Cement Company","3080.SR","543900665","6.32443","Saudi Arabia"
"7462","NerdWallet","NRDS","543347008","8.5","United States"
"7463","Garofalo Health Care","GHC.MI","543164949","6.14265","Italy"
"7464","United International Holding Company","4083.SR","543064166","7.24086","Saudi Arabia"
"7465","Ecora Resources","ECOR.L","542261464","2.1738","United Kingdom"
"7466","Samhällsbyggnadsbolaget i Norden","SBB-B.ST","541566577","0.277444","Sweden"
"7467","Peet Limited","PPC.AX","541426124","1.15063","Australia"
"7468","Delcath Systems","DCTH","541301248","15.6","United States"
"7469","Arabian Cement Company","3010.SR","541066128","5.41066","Saudi Arabia"
"7470","BAVARIA Industries Group AG","B8A.MU","540770136","120.578","Germany"
"7471","Investors Title Company","ITIC","540080128","286.06","United States"
"7472","Heimar","HEIMAR.IC","540069850","0.278447","Iceland"
"7473","Enviri Corporation","NVRI","539840768","19.15","United States"
"7474","FrontView REIT","FVR","539779584","17.86","United States"
"7475","SMCP S.A.","SMCP.PA","539359311","6.90479","France"
"7476","Galiano Gold","GAU","538879040","2.06","Canada"
"7477","Zephyrus Wing Energies","ZPRS.TA","538112132","7.90005","Israel"
"7478","Schoeller-Bleckmann Oilfield Equipment","SBO.VI","537804485","34.1258","Austria"
"7479","Arabian Mills for Food Products","2285.SR","537798014","10.4803","Saudi Arabia"
"7480","SD BioSensor","137310.KS","537612475","4.49437","South Korea"
"7481","Vastned Belgium NV","VASTB.BR","537435963","32.1351","Belgium"
"7482","Universal Health Realty Income Trust","UHT","537184128","38.65","United States"
"7483","GAMCO Investors","GAMI","536938944","25","United States"
"7484","Ethan Allen","ETD","536602048","21.29","United States"
"7485","Porvair plc","PRV.L","536175551","11.6113","United Kingdom"
"7486","Qatar General Insurance & Reinsurance Company","QGRI.QA","535858341","0.612363","Qatar"
"7487","BrainsWay","BWAY","535602816","13.31","Israel"
"7488","TomTom","TOM2.AS","535272514","4.31578","Netherlands"
"7489","OppFi","OPFI","535107808","6.28","United States"
"7490","Duc Giang Chemicals Group","DGC.VN","534415192","1.40718","Vietnam"
"7491","Amper, S.A.","AMP.MC","534408357","5.41463","Spain"
"7492","Restore plc","RST.L","534346931","4.06262","United Kingdom"
"7493","TRE Holdings Corporation","9247.T","534336939","11.363","Japan"
"7494","Asia Financial Holdings","0662.HK","533680217","0.577487","Hong Kong"
"7495","Addiko Bank","ZYE1.F","533133344","27.6419","Austria"
"7496","Ooredoo Oman","ORDS.OM","532729100","0.818394","Oman"
"7497","Costamare Bulkers Holdings Limited","CMDB","532202624","21.9","Monaco"
"7498","Home Bancorp","HBCP","532062688","67.6","United States"
"7499","Bank7","BSVN","532019040","55.85","United States"
"7500","RaySearch Laboratories AB","RAY-B.ST","531916327","17.8472","Sweden"
"7501","E7 Group PJSC","E7.AE","531556977","0.25","United Arab Emirates"
"7502","Northpointe Bancshares","NPB","531522880","15.37","United States"
"7503","Oman Cement Company","OCOI.OM","531253138","1.60561","Oman"
"7504","Wabash National","WNC","530805344","13.03","United States"
"7505","Quess","QUESS.NS","530530881","3.55141","India"
"7506","Avax S.A.","AVAX.AT","530444303","3.61165","Greece"
"7507","Bankwell Financial Group","BWFG","529976736","66.48","United States"
"7508","Inghams Group","ING.AX","529368997","1.42426","Australia"
"7509","Kameda Seika","2220.T","528952899","8.363","Japan"
"7510","Senseonics Holdings","SENS","528740512","10","United States"
"7511","SEALSQ","LAES","528586784","2.35","Switzerland"
"7512","Pepper Money Limited","PPM.AX","528110954","1.17519","Australia"
"7513","Cerus Corporation","CERS","527995200","2.62","United States"
"7514","AMTD Digital","HKD","527989312","1.68","Hong Kong"
"7515","NVE Corporation","NVEC","527880032","109.13","United States"
"7516","Wajax Corporation","WJX.TO","527807620","24.2336","Canada"
"7517","Sinko Industries","6458.T","527745239","7.85982","Japan"
"7518","Evolus","EOLS","526421984","7.97","United States"
"7519","Bukalapak.com","BUKA.JK","526369864","0.00573178","Indonesia"
"7520","Prime Medicine","PRME","525992928","2.9","United States"
"7521","Nichols plc","NICL.L","525517368","14.3683","United Kingdom"
"7522","Huya","HUYA","525242016","2.3","China"
"7523","Daiwa Industries","6459.T","525185021","10.6942","Japan"
"7524","Tatton Asset Management","TAM.L","524918163","8.64217","United Kingdom"
"7525","WA1 Resources","WA1.AX","524805343","7.05816","Australia"
"7526","Western Copper and Gold","WRN","524726976","2.32","Canada"
"7527","Pangaea Logistics Solutions","PANL","524444928","8.01","United States"
"7528","Flushing Financial Corp","FFIC","524179680","15.47","United States"
"7529","Chrysos Corporation Limited","C79.AX","523584031","4.49028","Australia"
"7530","RCS MediaGroup","RCS.MI","523212252","1.01126","Italy"
"7531","VRL Logistics","VRLLOG.NS","523043210","2.98989","India"
"7532","WashTec AG","WSU.DE","522771438","39.3584","Germany"
"7533","BEWi ASA","BEWI.OL","522443847","2.20886","Norway"
"7534","Texmaco Rail &amp; Engineering","TEXRAIL.NS","521942978","1.28284","India"
"7535","Elior Group","ELIOR.PA","521458313","2.07712","France"
"7536","Group Five Pipe Saudi Company","9523.SR","521405544","18.6216","Saudi Arabia"
"7537","Shofu Inc.","7979.T","521142164","14.6432","Japan"
"7538","MSTC Limited","MSTCLTD.NS","521014284","7.40077","India"
"7539","Tamdeen Real Estate Company","TAM.KW","520798506","1297.14","Kuwait"
"7540","Crescent Biopharma","CBIO","519684160","13.99","United States"
"7541","NRJ Group","NRG.PA","519585161","6.71141","France"
"7542","Chiron Real Estate","XRN","519112128","35.85","United States"
"7543","Puravankara","PURVA.NS","518794277","2.18762","India"
"7544","Amotiv Limited","AOV.AX","518383340","3.87287","Australia"
"7545","MTY Food Group","MTY.TO","518359190","22.6939","Canada"
"7546","RVRC Holding","RVRC.ST","518237500","4.95465","Sweden"
"7547","Air Astana","7YH.F","518191845","5.85826","Kazakhstan"
"7548","Agomab Therapeutics","AGMB","517596224","10.51","Belgium"
"7549","i3 Verticals","IIIV","517572704","14.88","United States"
"7550","BrightSpire Capital","BRSP","517483904","4.09","United States"
"7551","Abacus Group","ABG.AX","517271861","0.578825","Australia"
"7552","Sierra Bancorp","BSRR","517239552","39.9","United States"
"7553","Methode Electronics","MEI","517209728","14.51","United States"
"7554","Hokkaido Gas","9534.T","517061739","5.85347","Japan"
"7555","Veradigm","MDRX","516615808","4.74","United States"
"7556","Nextensa","NEXTA.BR","516285168","51.0863","Belgium"
"7557","Strike Company","6196.T","516269677","8.96173","Japan"
"7558","H.I.S. Co., Ltd.","9603.T","516193237","6.98722","Japan"
"7559","Birla Carbon (Thailand)","BCT.BK","515778524","1.71926","Thailand"
"7560","NioCorp Developments","NB","515378112","3.54","United States"
"7561","Kappa Create","7421.T","515209838","10.4394","Japan"
"7562","Tactile Medical","TCMD","514886464","22.73","United States"
"7563","Oculis Holding AG","OCS","514744224","9.27","Switzerland"
"7564","Faysal Bank","FABL.PK","514644241","0.339096","Pakistan"
"7565","PDS Multinational","PDSL.NS","514246005","3.641","India"
"7566","SandRidge Energy","SD","514234336","13.87","United States"
"7567","NIPPON PARKING DEVELOPMENT","2353.T","513347239","1.65604","Japan"
"7568","Aurelius Group","AR4.DE","513292829","19.24","Germany"
"7569","MOIL","MOIL.NS","513111765","2.52162","India"
"7570","Eslead Corporation","8877.T","512997229","33.2482","Japan"
"7571","Gokaldas Exports","GOKEX.NS","512882365","6.99917","India"
"7572","IFB Industries","IFBIND.NS","512531736","12.6492","India"
"7573","Zion Oil &amp; Gas","ZNOG","512509760","0.43","United States"
"7574","Filatex India","FILATEX.NS","512339460","1.15377","India"
"7575","Ion Beam Applications","IBAB.BR","512027395","17.6317","Belgium"
"7576","Medmix","MEDX.SW","511621709","12.2673","Switzerland"
"7577","Nat Games (Nexon Games)","225570.KQ","511619151","8.13546","South Korea"
"7578","SiteMinder","SDR.AX","510438548","1.80313","Australia"
"7579","CARE's Ratings","CARERATING.NS","510406416","16.9643","India"
"7580","Teikoku Sen-i Co., Ltd.","3302.T","510059868","19.9043","Japan"
"7581","GlobalData","DATA.L","509769741","0.778061","United Kingdom"
"7582","Martinrea International","MRE.TO","509563371","7.2821","Canada"
"7583","NetDragon Websoft","0777.HK","509378308","0.968215","China"
"7584","RPG Life Sciences","RPGLIFE.NS","509161870","30.7855","India"
"7585","Jindal Worldwide","JINDWORLD.NS","508560165","0.50724","India"
"7586","Bright Minds Biosciences","DRUG","508264768","51.8","United States"
"7587","Carriage Services","CSV","507280544","31.94","United States"
"7588","Orange County Bancorp","OBT","507089152","37.82","United States"
"7589","Belships ASA","BELCO.OL","506976420","2.00572","Norway"
"7590","Argosy Property","ARG.NZ","506972045","0.580079","New Zealand"
"7591","Premium Water Holdings","2588.T","506585387","23.3756","Japan"
"7592","Jinko Solar","JKS","506419712","9.67","China"
"7593","Société Fermière du Casino Municipal de Cannes","FCMC.PA","505758694","3207.83","France"
"7594","Kid ASA","KID.OL","505329412","12.4327","Norway"
"7595","Bouvet","BOUV.OL","504430212","4.92785","Norway"
"7596","eGuarantee","8771.T","504390571","11.3375","Japan"
"7597","Alujain Corporation","2170.SR","504385537","7.28881","Saudi Arabia"
"7598","Puma Biotechnology","PBYI","504328064","9.77","United States"
"7599","Charming Medical","MCTA","504260192","29.355","Hong Kong"
"7600","TOKAI Corp.","9729.T","504184102","16.3247","Japan"
"7601","Phoenix Mecano","PMN.SW","503857280","548.42","Switzerland"
"7602","TPG Real Estate Finance Trust","TRTX","503604704","6.56","United States"
"7603","Pacific Biosciences","PACB","503545824","1.62","United States"
"7604","Kamada","KMDA","503233856","8.72","Israel"
"7605","York Water","YORW","502761440","30.98","United States"
"7606","Mastek","MASTEK.NS","502581771","16.209","India"
"7607","Smartoptics Group","SMOP.OL","502232698","5.12244","Norway"
"7608","AMC Networks","AMCX","501599648","12.16","United States"
"7609","Krispy Kreme","DNUT","501415008","2.89","United States"
"7610","MasterCraft Boat","MCFT","501147680","20.59","United States"
"7611","Alpha Teknova","TKNO","500911360","9.33","United States"
"7612","Hamilton Beach Brands","HBB","500861280","37.26","United States"
"7613","HEG","HEG.NS","499582462","2.58881","India"
"7614","Oil States International","OIS","499471264","8.28","United States"
"7615","Yamae Group Holdings","7130.T","499073736","17.9744","Japan"
"7616","Surya Roshni","SURYAROSNI.NS","499027652","2.29295","India"
"7617","SThree","STEM.L","498621530","4.12889","United Kingdom"
"7618","IVU Traffic Technologies","IVU.DE","498552815","28.8932","Germany"
"7619","PayPoint","PAY.L","498385530","8.47346","United Kingdom"
"7620","Plastika Kritis","PLAKR.AT","498313261","18.2004","Greece"
"7621","Simona","SIM0.F","498236819","83.0395","Germany"
"7622","Mitsubishi Research Institute","3636.T","497872181","31.5922","Japan"
"7623","The Pack Corporation","3950.T","497585515","9.17828","Japan"
"7624","West Bancorporation","WTBA","497506912","29.19","United States"
"7625","Hangzhou Electronic Soul Network Technology","603258.SS","497228172","2.04819","China"
"7626","Ellaktor","ELLAKTOR.AT","497128194","1.43101","Greece"
"7627","West Coast Paper Mills","WSTCSTPAPR.NS","497035380","7.52526","India"
"7628","Foseco India","FOSECOIND.NS","496980164","65.611","India"
"7629","Almawarid Manpower Company","1833.SR","496843095","24.8422","Saudi Arabia"
"7630","Sligro Food","SLIGR.AS","496760327","11.2615","Netherlands"
"7631","Forward Air","FWRD","496240864","14.69","United States"
"7632","Boohoo Group","DEBS.L","496230098","0.315466","United Kingdom"
"7633","PostNL","PNL.AS","495973595","0.960073","Netherlands"
"7634","Osaka Steel","5449.T","495653676","16.5668","Japan"
"7635","Nexxen","NEXN","495477440","8.7","Israel"
"7636","Grenevia","GEA.WA","495293297","0.861864","Poland"
"7637","Aeris Resources","AIS.AX","494870828","0.329755","Australia"
"7638","ChoiceOne Financial Services","COFS","494429504","33.06","United States"
"7639","Wall Financial Corporation","WFC.TO","494198579","15.5248","Canada"
"7640","Chorus Aviation","CHR.TO","494036477","21.8887","Canada"
"7641","Interloop","ILP.PK","493984040","0.352415","Pakistan"
"7642","Brandywine Realty Trust","BDN","493967424","2.86","United States"
"7643","Laurent-Perrier","LPE.PA","493965178","85.997","France"
"7644","Eiken Chemical","4549.T","493850509","14.9808","Japan"
"7645","Private Bancorp of America","PBAM","493841280","86.25","United States"
"7646","Autolus Therapeutics","AUTL","493731520","1.855","United Kingdom"
"7647","American Integrity Insurance Group","AII","493558464","25.19","United States"
"7648","One Liberty Properties","OLP","492541216","22.49","United States"
"7649","Verra Mobility","VRRM","492424288","3.24","United States"
"7650","Concrete Pumping Holdings","BBCP","492343744","9.77","United States"
"7651","Ponce Financial Group","PDLB","491981888","20.34","United States"
"7652","Sight Sciences","SGHT","491935776","8.93","United States"
"7653","Industrial Logistics Properties Trust","ILPT","491917120","7.37","United States"
"7654","Euroseas","ESEA","491760032","69.7","Greece"
"7655","Onterris","ONT","491643936","14","United States"
"7656","Sygnity","SGN.WA","491329664","21.5906","Poland"
"7657","MediaAlpha","MAX","491084864","9.27","United States"
"7658","Mitsubishi Kakoki Kaisha","6331.T","490443232","21.5285","Japan"
"7659","Eightco Holdings","ORBS","489946240","1.14","United States"
"7660","Atos","ATO.PA","489766484","24.7981","France"
"7661","Arvinas","ARVN","489715904","7.59","United States"
"7662","First Foundation","FFWM","489265120","5.9","United States"
"7663","Calfrac Well Services","CFW.TO","489098921","4.84532","Canada"
"7664","REGENXBIO","RGNX","488497632","7.4","United States"
"7665","National Cement Company P.S.C.","NCC.AE","488455666","1.36136","United Arab Emirates"
"7666","TAT Technologies","TATT","488340000","37.57","Israel"
"7667","Deutsche Pfandbriefbank","PBB.DE","488277980","3.63099","Germany"
"7668","AlTi Global","ALTI","488102944","3.13","United States"
"7669","Abu Dhabi Ship Building","ADSB.AE","487729353","2.3","United Arab Emirates"
"7670","Eshraq Investments","ESHRAQ.AE","487662198","0.18","United Arab Emirates"
"7671","OBOOK Holdings Inc. (OwlTing)","OWLS","487600416","5.52","Taiwan"
"7672","Kodiak AI","KDK","487502176","2.43","United States"
"7673","Medistim","MEDI.OL","486533385","26.6115","Norway"
"7674","Materialise NV","MTLS","486511872","8.43","Belgium"
"7675","Shamal Az-Zour Al-Oula Power and Water Company","AZNOULA.KW","486345917","442.133","Kuwait"
"7676","Vital KSK Holdings","3151.T","486082299","10.2038","Japan"
"7677","Capricor Therapeutics","CAPR","486041920","8.36","United States"
"7678","Greenlight Re","GLRE","486029632","14.89","Cayman Islands"
"7679","Columbus McKinnon","CMCO","485785216","16.83","United States"
"7680","goeasy","GSY.TO","485738582","30.2938","Canada"
"7681","NAGAWA Co., Ltd.","9663.T","485686163","31.3374","Japan"
"7682","Dingdong Maicai","DDL","485418816","2.22","China"
"7683","Quad","QUAD","485280128","9.43","United States"
"7684","AIC Mines Limited","A1M.AX","485199253","0.60689","Australia"
"7685","Kintetsu Department Store","8244.T","484206969","12.0063","Japan"
"7686","Sea1 Offshore","SEA1.OL","483701256","3.15025","Norway"
"7687","Heidelberger Druckmaschinen","HDD.DE","483628497","1.58913","Germany"
"7688","Virgin Galactic","SPCE","483590944","3.19","United States"
"7689","Oula Fuel Marketing Company","OULAFUEL.KW","483219519","1085.83","Kuwait"
"7690","Craneware","CRW.L","482852526","14.1032","United Kingdom"
"7691","NeuroPace","NPCE","482599264","14.06","United States"
"7692","Quadient","QDT.PA","482267032","14.1508","France"
"7693","Assembly Biosciences","ASMB","481935296","23.67","United States"
"7694","Armah Sports","9590.SR","481459396","14.6522","Saudi Arabia"
"7695","RENOVA, Inc.","9519.T","481335874","5.32481","Japan"
"7696","Farmers &amp; Merchants Bancorp","FMAO","481096544","34.93","United States"
"7697","Idaho Strategic Resources","IDR","480957312","30.39","United States"
"7698","Happiest Minds Technologies","HAPPSTMNDS.NS","480810031","3.19981","India"
"7699","Wing On Company International","0289.HK","480593389","1.66872","Hong Kong"
"7700","MapmyIndia","MAPMYINDIA.NS","480374675","9.02281","India"
"7701","ARKO Corp.","ARKO","480154912","4.28","United States"
"7702","Novavest Real Estate AG","NREN.SW","479506253","47.1448","Switzerland"
"7703","Kvika banki","KVIKA.IC","478296068","0.104314","Iceland"
"7704","Dawood Hercules Corporation","DAWH.PK","478245086","0.993679","Pakistan"
"7705","PTC India","PTC.NS","477609868","1.6135","India"
"7706","Farmland Partners","FPI","477011744","10.86","United States"
"7707","Core Laboratories","CLB","476740416","10.39","Netherlands"
"7708","Subros","SUBROS.NS","475930803","7.29555","India"
"7709","Bourrelier Group","ALBOU.PA","475837111","76.6693","France"
"7710","Kaufman &amp; Broad","KOF.PA","475593043","24.2293","France"
"7711","Jacquet Metals","JCQ.PA","475351560","23.4331","France"
"7712","Entera Bio","ENTX","475274272","2.745","Israel"
"7713","Coor Service Management Holding AB","COOR.ST","475167739","5.00082","Sweden"
"7714","JM Holdings Co.,Ltd.","3539.T","474521113","9.31204","Japan"
"7715","Malibu Boats","MBUU","474038624","24.09","United States"
"7716","Malteries Franco-Belges","MALT.PA","473923954","955.523","France"
"7717","Shoe Carnival","SCVL","473247296","17.43","United States"
"7718","908 Devices","MASS","472857568","11.44","United States"
"7719","Voltamp Energy","VOES.OM","472850086","0.47285","Oman"
"7720","Kura Sushi USA","KRUS","472750112","38.91","United States"
"7721","Contineum Therapeutics","CTNM","472521440","12.56","United States"
"7722","Spire Global","SPIR","472509792","12.08","United States"
"7723","Gray Media","GTN","471668480","4.58","United States"
"7724","Strata Critical Medical","SRTA","471528064","5.33","United States"
"7725","Dutch Lady Milk Industries","3026.KL","470242448","7.34754","Malaysia"
"7726","The Tinplate Company Of India","TINPLATE.NS","469796190","4.48484","India"
"7727","Komax Holding","KOMN.SW","469673339","91.6438","Switzerland"
"7728","Metall Zug AG","METN.SW","469543219","1051.14","Switzerland"
"7729","Fauji Cement Company","FCCL.PK","469353352","0.19135","Pakistan"
"7730","Ovid Therapeutics","OVID","468714880","2.4","United States"
"7731","Redwood Trust","RWT","467278240","3.72","United States"
"7732","Foster Electric Company","6794.T","467241550","20.796","Japan"
"7733","MBM Resources","5983.KL","467188756","1.1952","Malaysia"
"7734","Al-Yamamah Steel Industries Company","1304.SR","466899341","9.19093","Saudi Arabia"
"7735","Cenomi Retail (Fawaz Abdulaziz Al Hokair &amp; Company)","4240.SR","466868344","4.06799","Saudi Arabia"
"7736","GPI S.p.A.","GPI.MI","466633007","16.1529","Italy"
"7737","Calavo Growers","CVGW","466334752","26.09","United States"
"7738","CompX International","CIX","466325632","37.8","United States"
"7739","Electrosteel Castings","ELECTCAST.NS","465940770","0.753724","India"
"7740","Luxfer","LXFR","465632768","17.25","United Kingdom"
"7741","Johnson Outdoors","JOUT","465611744","44.43","United States"
"7742","Eagle Point Credit Company","ECC","465537632","3.5","United States"
"7743","DigiPowerX","DGXX","465410816","4.59","United States"
"7744","MPS Limited","MPSLTD.NS","465407936","27.4164","India"
"7745","Acinque","AC5.MI","464702888","2.36606","Italy"
"7746","Immobiliare Grande Distribuzione SIIQ","IGD.MI","464412518","4.20885","Italy"
"7747","Gujarat Alkalies and Chemicals","GUJALKALI.NS","463771925","6.31524","India"
"7748","Sunlight REIT","0435.HK","463716570","0.263885","Hong Kong"
"7749","Samty Residential Investment Corporation","3459.T","463293397","543.309","Japan"
"7750","One REIT, Inc.","3290.T","463265481","475.793","Japan"
"7751","The Rank Group","RNK.L","462889215","0.994115","United Kingdom"
"7752","Tectonic Therapeutic","TECX","462733504","23.67","United States"
"7753","Combined Group Contracting Company","CGC.KW","462685734","2708.06","Kuwait"
"7754","Gravity Co.","GRVY","462171360","66.51","South Korea"
"7755","Union Properties","UPP.AE","461432743","0.161457","United Arab Emirates"
"7756","Bank of Jerusalem","JBNK.TA","461066901","6.53831","Israel"
"7757","Qualitas Limited","QAL.AX","461029587","1.5295","Australia"
"7758","Caledonia Mining","CMCL","460948320","23.84","Jersey"
"7759","Citizens &amp; Northern Corp","CZNC","460926112","25.7","United States"
"7760","Vetropack","VETN.SW","460624029","23.2357","Switzerland"
"7761","Gree","3632.T","459698071","2.67514","Japan"
"7762","Standard Lithium","SLI","459018528","1.86","Canada"
"7763","Intrepid Potash","IPI","458065184","34.04","United States"
"7764","Deutsche Rohstoff","DR0.DE","457699289","95.5523","Germany"
"7765","Sappi","SAP.JO","457033100","0.752835","South Africa"
"7766","Soft-World International","5478.TWO","457008123","3.05022","Taiwan"
"7767","Bénéteau","BEN.PA","456609483","5.75589","France"
"7768","Titan International","TWI","456314432","7.07","United States"
"7769","Groupe SAMSE","SAMS.PA","455935121","135.366","France"
"7770","Medley, Inc.","4480.T","455812688","15.0827","Japan"
"7771","Jaguar Mining","JAG.TO","455644387","5.33974","Canada"
"7772","The Westaim Corporation","WED.V","455298621","13.6954","Canada"
"7773","Boss Energy","BOE.AX","454412033","1.09451","Australia"
"7774","Lubawa","LBW.WA","454062207","3.02164","Poland"
"7775","EMX Royalty","EMX","453291424","4.16","Canada"
"7776","Weyco Group","WEYS","453098624","47.44","United States"
"7777","Stabilus","STM.DE","452922331","18.3369","Luxembourg"
"7778","Valhi","VHI","452855840","15.99","United States"
"7779","Ibstock plc","IBST.L","452380419","1.14522","United Kingdom"
"7780","ClearPoint Neuro","CLPT","452377696","14.83","United States"
"7781","Bank of Marin Bancorp","BMRC","451981472","27.91","United States"
"7782","Nederman Holding","NMAN.ST","451639512","12.8885","Sweden"
"7783","eDreams ODIGEO","EDR.MC","451561157","4.51598","Spain"
"7784","Tokmanni","TOKMAN.HE","451261286","7.76362","Finland"
"7785","PolyNovo","PNV.AX","450770414","0.652494","Australia"
"7786","Algoma Steel","ASTL","450117888","4.26","Canada"
"7787","Slate Grocery REIT","SGR-UN.TO","449979044","7.59288","Canada"
"7788","Meier Tobler Group","MTG.SW","449868423","41.6727","Switzerland"
"7789","Everspin Technologies","MRAM","449744640","18.47","United States"
"7790","RBB Bancorp","RBB","449626336","26.58","United States"
"7791","Ur-Energy","URG","449585984","1.13","United States"
"7792","Global Dominion Access","DOM.MC","448657969","2.9917","Spain"
"7793","Aston Martin","AML.L","448479672","0.441887","United Kingdom"
"7794","ASP Isotopes","ASPI","448429920","2.925","United States"
"7795","Panoro Energy ASA","PEN.OL","448240475","3.20284","United Kingdom"
"7796","29Metals","29M.AX","448170900","0.256086","Australia"
"7797","Esprinet","PRT.MI","447687777","9.05471","Italy"
"7798","Aduro Clean Technologies","ADUR","447650464","12.63","Canada"
"7799","Fiducial Real Estate","ORIA.PA","447596375","185.417","France"
"7800","Avacta Group","AVCT.L","447283256","0.954615","United Kingdom"
"7801","DFS Furniture","DFS.L","447184088","1.93157","United Kingdom"
"7802","Wirtualna Polska (WP Holding)","WPL.WA","447143875","15.0173","Poland"
"7803","Djurslands Bank A/S","DJUR.CO","447130865","169.645","Denmark"
"7804","GB Group (GBG)","GBG.L","446552266","1.95112","United Kingdom"
"7805","Consolidated Water","CWCO","446118432","27.86","Cayman Islands"
"7806","Ataa Educational Company","4292.SR","444675653","10.5656","Saudi Arabia"
"7807","Semperit","SEM.VI","444653874","21.613","Austria"
"7808","Tejon Ranch","TRC","444502784","16.45","United States"
"7809","Gooch &amp; Housego","GHH.L","444424192","16.2372","United Kingdom"
"7810","Qatar National Cement Company","QNCD.QA","444363767","0.679945","Qatar"
"7811","American Coastal Insurance Corporation","ACIC","444333440","9.4","United States"
"7812","Marimekko","MEKKO.HE","444285607","10.9658","Finland"
"7813","ShaMaran Petroleum","SNM.OL","443428698","0.153568","Bermuda"
"7814","Pareto Bank","PARB.OL","443386476","5.77458","Norway"
"7815","Nuix Limited","NXL.AX","442291638","1.28745","Australia"
"7816","Jadwa Investment - Jadwa Reit Saudi Fund","4342.SR","441716721","2.36833","Saudi Arabia"
"7817","ATN International","ATNI","440844096","28.62","United States"
"7818","Advantage Solutions","ADV","440339648","33.12","United States"
"7819","National Petroleum Services Company","NAPESCO.KW","440246410","4873.21","Kuwait"
"7820","Universal Logistics Holdings","ULH","440078656","16.69","United States"
"7821","Hampiðjan","HAMP.IC","440055306","0.702352","Iceland"
"7822","Commercial Bancgroup","CBK","439673760","32.09","United States"
"7823","kneat.com","FOBK.F","439412478","4.55011","Ireland"
"7824","BSR Real Estate Investment Trust","HOM-UN.TO","439166127","11.301","Canada"
"7825","Shui On Land","0272.HK","439057112","0.0548167","China"
"7826","Colony Bankcorp","CBAN","438860704","20.68","United States"
"7827","VIP Industries","VIPIND.NS","438419737","3.08626","India"
"7828","Mayville Engineering Company","MEC","437585696","17.16","United States"
"7829","Gladstone Capital Corporation","GLAD","437401824","19.36","United States"
"7830","Hexagon Composites","HEX.OL","437101361","1.31269","Norway"
"7831","Mears Group plc","MER.L","436983187","5.56704","United Kingdom"
"7832","Gloo Holdings","GLOO","436603072","4.77","United States"
"7833","Mahindra Logistics","MAHLOG.NS","436245516","4.39421","India"
"7834","Xerox","XRX","435964160","3.32","United States"
"7835","Havertys","HVT","435841856","27.95","United States"
"7836","AMERISAFE","AMSF","435782720","23.51","United States"
"7837","Vitru","VTRU3.SA","435757081","2.91848","Brazil"
"7838","IPD Group Limited","IPG.AX","435530260","4.18859","Australia"
"7839","Emeco Holdings","EHL.AX","434615769","0.83842","Australia"
"7840","Patrimoine et Commerce SA","PAT.PA","434488533","26.7319","France"
"7841","Nouveau Monde Graphite","NMG","434487040","1.32","Canada"
"7842","Kalyani Steels","KSL.NS","434151943","9.92135","India"
"7843","EVgo","EVGO","434031680","1.38","United States"
"7844","Perfect Presentation for Commercial Services CompanyPerfect Presentation for Commercial Services","7204.SR","433971795","1.44657","Saudi Arabia"
"7845","Plumas Bancorp","PLBC","433477120","62.29","United States"
"7846","Aspen Aerogels","ASPN","433201440","5.22","United States"
"7847","Luceco plc","LUCE.L","433119087","2.94258","United Kingdom"
"7848","NRC Health","NRC","432879904","19.57","United States"
"7849","Topy Industries","7231.T","432863782","20.191","Japan"
"7850","Kaiser (China) Culture","002425.SZ","432731503","0.452333","China"
"7851","Independent Petroleum Group K.S.C.P.","IPG.KW","432334212","2392.72","Kuwait"
"7852","Phnom Penh Autonomous Port","PPAP.KH","432273019","3.78","Cambodia"
"7853","Caleres","CAL","432002304","12.52","United States"
"7854","Gulf Medical Projects Company","GMPC.AE","431970024","0.62","United Arab Emirates"
"7855","Electra Consumer Products","ECP.TA","431832938","18.8624","Israel"
"7856","Magnera","MAGN","431828000","12.13","United States"
"7857","Ismail Industries","ISIL.PK","431073027","6.49628","Pakistan"
"7858","Computer Engineering &amp; Consulting","9692.T","430922003","14.2165","Japan"
"7859","Millat Tractors","MTL.PK","430776577","1.07955","Pakistan"
"7860","M1 Kliniken AG","M12.DE","430581628","23.2055","Germany"
"7861","Glarner Kantonalbank","GLKBN.SW","430256897","31.8709","Switzerland"
"7862","Nippon Chemi-Con Corporation","6997.T","430050239","15.7005","Japan"
"7863","JCI Hitachi India","JCHAC.NS","429941645","15.7544","India"
"7864","Tullow Oil","TLW.L","429903181","0.28376","United Kingdom"
"7865","IGG Inc","0799.HK","429713015","0.390091","Singapore"
"7866","Monro","MNRO","429568192","13.74","United States"
"7867","Chofu Seisakusho","5946.T","429455123","12.6305","Japan"
"7868","Better Collective A/S","BETCO-DKK.CO","429164573","7.56936","Denmark"
"7869","PensionBee Group","PBEE.L","429020555","1.79603","United Kingdom"
"7870","Eikon Therapeutics","EIKN","428987072","7.92","United States"
"7871","Groupe Guillin","ALGIL.PA","428942789","23.2055","France"
"7872","El Pollo Loco","LOCO","428800064","14.09","United States"
"7873","Hansen Technologies","HSN.AX","428701213","2.09079","Australia"
"7874","Locaweb","LWSA3.SA","428629899","0.758073","Brazil"
"7875","Allot","ALLT","428443872","8.69","Israel"
"7876","ECARX Holdings","ECX","428360064","1.09","China"
"7877","DiaMedica Therapeutics","DMAC","428170016","7.94","United States"
"7878","Arqit Quantum","ARQQ","428099328","24.6","United Kingdom"
"7879","Cross Country Healthcare","CCRN","428060928","13.25","United States"
"7880","Miahona Company","2084.SR","427425644","2.65605","Saudi Arabia"
"7881","Nichireki Group","5011.T","427372333","15.019","Japan"
"7882","Multiconsult","MULTI.OL","427362020","15.5041","Norway"
"7883","Pioneer Bancorp","PBFS","427256192","17.67","United States"
"7884","Vital Farms","VITL","427168608","9.95","United States"
"7885","AdvanSix","ASIX","426618752","15.8","United States"
"7886","Tide Water Oil","TIDEWATER.NS","426582649","25.0972","India"
"7887","Prothena","PRTA","425583520","8.29","Ireland"
"7888","CPH Group AG","CPHN.SW","425394627","70.9578","Switzerland"
"7889","Lifedrink Company","2585.T","425356358","8.1974","Japan"
"7890","Summit Midstream","SMC","424535424","30.8","United States"
"7891","ATOM Corporation","7412.T","424405022","2.19744","Japan"
"7892","Leonteq","LEON.SW","424014457","23.9573","Switzerland"
"7893","Tera Light","TRLT.TA","423946694","5.36878","Israel"
"7894","Sunteck Realty","SUNTECK.NS","423362168","2.88311","India"
"7895","Plasson Industries","PLSN.TA","423337510","44.338","Israel"
"7896","Natural Gas Services Group","NGS","423063744","32.8","United States"
"7897","Canopy Growth","CGC","423015136","0.9415","Canada"
"7898","TT Electronics","TTG.L","422916659","2.37029","United Kingdom"
"7899","Altshuler Shaham Finance","ALTF.TA","422860971","2.12894","Israel"
"7900","Forterra plc","FORT.L","422493563","2.11283","United Kingdom"
"7901","Tanzanian Gold Corporation","TRX","422441472","1.29","Canada"
"7902","Van de Velde","VAN.BR","422157376","34.0121","Belgium"
"7903","Clearfield","CLFD","422053472","31.07","United States"
"7904","Riso Kagaku Corporation","6413.T","421636822","6.75155","Japan"
"7905","The Gym Group","GYM.L","421604745","2.4389","United Kingdom"
"7906","Kyverna Therapeutics","KYTX","421153856","6.81","United States"
"7907","en Japan","4849.T","421128582","11.1464","Japan"
"7908","Star Group","SGU","420967904","12.83","United States"
"7909","The Okinawa Electric Power Company","9511.T","420679590","7.74517","Japan"
"7910","SRA Holdings","3817.T","420585827","31.21","Japan"
"7911","Villeroy &amp; Boch","VIB3.DE","420284188","15.6979","Germany"
"7912","Al Soor Fuel Marketing Company K.S.C.P.","SOOR.KW","419954758","998.049","Kuwait"
"7913","Allergy Therapeutics","AGY.L","419684126","0.0662743","United Kingdom"
"7914","TKM Grupp AS","TKM1T.TL","419291609","10.2946","Estonia"
"7915","Symphony Limited","SYMPHONY.NS","419189574","6.10428","India"
"7916","Genie Energy","GNE","419008416","15.92","United States"
"7917","Select Harvests Limited","SHV.AX","418942482","2.98884","Australia"
"7918","Frontera Energy","FEC.TO","418374942","5.91185","Canada"
"7919","Digital Arts Inc.","2326.T","418124355","31.1463","Japan"
"7920","USCB Financial Holdings","USCB","418077248","22.63","United States"
"7921","Network18","NETWORK18.NS","418020513","0.270653","India"
"7922","John Mattson Fastighetsföretagen","JOMA.ST","417955376","5.64123","Sweden"
"7923","HOMAG Group","HG1.F","417585246","26.6181","Germany"
"7924","Árima Real Estate","ARM.MC","417314132","17.0629","Spain"
"7925","YouGov plc","YOU.L","417119299","3.56026","United Kingdom"
"7926","Montauk Renewables","MNTK","417059552","2.93","United States"
"7927","Acacia Research","ACTG","416695680","4.27","United States"
"7928","Commercial Facilities Company S.A.K.P.","FACIL.KW","416571455","822.497","Kuwait"
"7929","Nathan's Famous","NATH","416117472","101.55","United States"
"7930","eQ Oyj","EQV1V.HE","415437923","10.033","Finland"
"7931","sterling &amp; wilson solar","SWSOLAR.NS","415406395","1.77873","India"
"7932","Fujiya Co., Ltd.","2211.T","415362208","16.1145","Japan"
"7933","KYORIN Pharmaceutical","4569.T","414927904","7.22288","Japan"
"7934","Ascencio","ASCE.BR","414855545","60.0614","Belgium"
"7935","Plaza Retail REIT","PLZ-UN.TO","414710786","3.71521","Canada"
"7936","Atea Pharmaceuticals","AVIR","414658272","5.17","United States"
"7937","Community Health Systems","CYH","414567520","2.94","United States"
"7938","Bed Bath &amp; Beyond","BBBY","414399584","4.35","United States"
"7939","eREX Co.,Ltd.","9517.T","413818026","5.29296","Japan"
"7940","Harbour Centre Development","0051.HK","413811658","0.583861","Hong Kong"
"7941","Community Healthcare Trust","CHCT","412901856","14.41","United States"
"7942","Maruzen","5982.T","412747985","25.9552","Japan"
"7943","Essentra plc","ESNT.L","412575150","1.45804","United Kingdom"
"7944","Zamil Industrial Investment Company","2240.SR","412393103","6.87322","Saudi Arabia"
"7945","Brunel International","BRNL.AS","412236066","8.19019","Netherlands"
"7946","PlayWay","PLW.WA","412197771","61.8358","Poland"
"7947","Skycity Entertainment Group","SKC.NZ","412007018","0.373514","New Zealand"
"7948","Revenio","REG1V.HE","411877227","11.853","Finland"
"7949","Lindex Group","LINDEX.HE","410734239","2.50256","Finland"
"7950","Selectirente","SELER.PA","409465378","98.3961","France"
"7951","Enento Group","ENENTO.HE","409356358","17.2904","Finland"
"7952","Kaveri Seed","KSCL.NS","409167068","8.01646","India"
"7953","Eik fasteignafélag","EIK.IC","408979327","0.120522","Iceland"
"7954","Gladstone Land","LAND","408934688","9.48","United States"
"7955","Citi Trends, Inc.","CTRN","408883072","49.03","United States"
"7956","Raisio plc","RAIVV.HE","408574904","2.58219","Finland"
"7957","Relmada Therapeutics","RLMD","408545504","3.83","United States"
"7958","Aarti Drugs","AARTIDRUGS.NS","408523332","4.47599","India"
"7959","Evolent Health","EVH","408144192","3.61","United States"
"7960","Nexen Tire Corporation","002350.KS","408143538","4.24427","South Korea"
"7961","Bumble","BMBL","407556608","2.66","United States"
"7962","Pro Real Estate Investment Trust","PRV-UN.TO","407530381","4.64049","Canada"
"7963","Ashiana Housing","ASHIANA.NS","407168097","4.05042","India"
"7964","EVS Broadcast Equipment","EVS.BR","406905961","30.372","Belgium"
"7965","Alantra Partners","ALNT.MC","406762541","10.7383","Spain"
"7966","Attica Holdings","ATTICA.AT","406610568","1.67216","Greece"
"7967","Boston Omaha","BOC","405804864","13.47","United States"
"7968","ARS Pharmaceuticals","SPRY","405745152","4.08","United States"
"7969","Alight","ALIT","405694272","11.02","United States"
"7970","FRP Holdings","FRPH","405276128","21.11","United States"
"7971","Axactor ASA","ACR.OL","405075256","0.502778","Norway"
"7972","McBride","MCB.L","405061360","2.38588","United Kingdom"
"7973","Investar Holding","ISTR","404631264","29.37","United States"
"7974","LPKF Laser &amp; Electronics","LPK.DE","404049476","16.4941","Germany"
"7975","Cooper Standard","CPS","403361024","22.7","United States"
"7976","Scribe Therapeutics","SCTX","402866176","21.28","United States"
"7977","Radiant Logistics","RLGT","402352864","8.58","United States"
"7978","Austriacard Holdings","ACAG.VI","401894981","11.1933","Austria"
"7979","Sjóvá-Almennar tryggingar","SJOVA.IC","401685614","0.345773","Iceland"
"7980","Vista Gold","VGZ","401421184","2.75","United States"
"7981","Home Invest Belgium","HOMI.BR","401363383","20.157","Belgium"
"7982","Mitsuba Corporation","7280.T","401255726","8.72606","Japan"
"7983","Guardian Metal Resources","GMTL","401172352","10.09","United Kingdom"
"7984","adesso SE","ADN1.DE","400855518","62.564","Germany"
"7985","Ernst Russ","ERAG.DE","400470142","11.8872","Germany"
"7986","Avidia Bancorp","AVBC","400462112","21.68","United States"
"7987","EQT Holdings Limited","EQT.AX","400378620","14.9302","Australia"
"7988","Medicare Group","MCGS.QA","400280217","1.42225","Qatar"
"7989","First Takaful Insurance Company","FTI.KW","400251610","2402.47","Kuwait"
"7990","Linc AB","LINC.ST","400175455","6.91603","Sweden"
"7991","SFC Energy AG","F3C.DE","399771501","22.978","Germany"
"7992","Universal Store Holdings","UNI.AX","399402522","5.20592","Australia"
"7993","Myriad Genetics","MYGN","398859040","4.17","United States"
"7994","Doha Insurance Group","DOHI.QA","398351637","0.796703","Qatar"
"7995","S4 Capital","SFOR.L","398048158","0.597794","United Kingdom"
"7996","Acco Brands","ACCO","397845600","4.31","United States"
"7997","Whitefield Industrials Limited","WHF.AX","397431782","3.2765","Australia"
"7998","Franchise Brands plc","FRAN.L","397414172","2.07439","United Kingdom"
"7999","Borussia Dortmund","BVB.F","397388482","3.60027","Germany"
"8000","Rieter Holding","RIEN.SW","397353834","2.9225","Switzerland"
"8001","Parke Bancorp","PKBK","397184832","33.77","United States"
"8002","JCR Pharmaceuticals","4552.T","397135046","3.25476","Japan"
"8003","Orascom Development","ODHN.SW","397040564","6.66163","Switzerland"
"8004","Melcor Developments","MRD.TO","396253037","13.2222","Canada"
"8005","Editas Medicine","EDIT","396236480","2.58","United States"
"8006","Bafang Yunji","2753.TW","396085163","5.6602","Taiwan"
"8007","Arbonia","ARBN.SW","396038896","5.70068","Switzerland"
"8008","Opus Genetics","IRD","396012128","4.76","United States"
"8009","Murapol S.A.","MUR.WA","395396079","9.69108","Poland"
"8010","Nel ASA","NEL.OL","395363435","0.215101","Norway"
"8011","Chemung Financial Corporation","CHMG","395360704","82","United States"
"8012","Servcorp Limited","SRV.AX","395185249","3.87988","Australia"
"8013","Boiron","BOI.PA","395001131","22.7505","France"
"8014","L.B. Foster","FSTR","394175520","37.47","United States"
"8015","Atrium Mortgage Investment","AI.TO","394064163","8.15087","Canada"
"8016","Deceuninck","DECB.BR","394010882","2.82675","Belgium"
"8017","Vasta Platform","VSTA","393989824","4.9","Brazil"
"8018","Rimini Street","RMNI","393962304","4.22","United States"
"8019","First Carolina Financial Services","FCBM","393953056","12.68","United States"
"8020","Cogent Communications","CCOI","393849024","7.69","United States"
"8021","Arcturus Therapeutics","ARCT","393659488","13.85","United States"
"8022","Galectin Therapeutics","GALT","393313632","3.9","United States"
"8023","Oportun Financial","OPRT","393191008","8.55","United States"
"8024","Claritev","CTEV","393181184","23.2","United States"
"8025","Barnes &amp; Noble Education","BNED","392754208","11.33","United States"
"8026","Sohu.com","SOHU","392353472","13.05","China"
"8027","Vinh Hoan Corporation","VHC.VN","392311384","1.87303","Vietnam"
"8028","Carvolix","CVX.PA","392184942","6.3019","France"
"8029","Bijou Brigitte","BIJ.DE","392092338","52.3262","Germany"
"8030","Kuwait Reinsurance Company","KUWAITRE.KW","391455381","1154.1","Kuwait"
"8031","Fonciere Inea","INEA.PA","391369016","36.1734","France"
"8032","Invalda INVL, AB","IVL1L.VS","390635976","31.3957","Lithuania"
"8033","Heisco (Heavy Engineering Industries and Shipbuilding Company)","SHIP.KW","390595433","1970.09","Kuwait"
"8034","Shenzhen Zqgame","300052.SZ","390524674","1.49136","China"
"8035","MVB Financial","MVBF","389963648","30.12","United States"
"8036","Capricorn Energy","CNE.L","389546848","5.67308","United Kingdom"
"8037","PCB Bancorp","PCB","389175904","27.71","United States"
"8038","General Oceans ASA","GENO.OL","389135323","2.04687","Norway"
"8039","Primis Financial","FRST","389097440","15.69","United States"
"8040","Hamborner REIT","HABA.DE","389089704","4.7833","Germany"
"8041","Uzin Utz","UZU.DE","389039725","77.1243","Germany"
"8042","BOE Varitronix","0710.HK","388889553","0.509922","Hong Kong"
"8043","SofWave Medical","SOFW.TA","388797026","10.6887","Israel"
"8044","Oxford Industries","OXM","388686208","25.95","United States"
"8045","Kuwait National Cinema Company","KCIN.KW","388351142","4193.76","Kuwait"
"8046","Vst Tillers Tractors","VSTTILLERS.NS","388269659","44.8724","India"
"8047","PharmaSGP","PSG.DE","387716280","33.6779","Germany"
"8048","HelloFresh","HFG.DE","387663372","2.67433","Germany"
"8049","Village Farms International","VFF","387647552","3.17","Canada"
"8050","First Bancorp","FNLC","387548352","34.35","United States"
"8051","Zura Bio","ZURA","387149696","4.04","United States"
"8052","Cedar Woods Properties Limited","CWP.AX","386830674","4.52536","Australia"
"8053","MARR S.p.A.","MARR.MI","386730236","6.17677","Italy"
"8054","Mepco (Middle East Company for Manufacturing and Producing Paper)","1202.SR","386729508","4.46226","Saudi Arabia"
"8055","Marston's","MARS.L","386596379","0.608398","United Kingdom"
"8056","Turners Automotive Group","TRA.NZ","386355115","4.24448","New Zealand"
"8057","Aeroporto G. Marconi Bologna","ADB.MI","386282797","10.6928","Italy"
"8058","Daikokutenbussan","2791.T","386110590","28.7896","Japan"
"8059","Wemade","112040.KQ","385958950","11.4161","South Korea"
"8060","Serve Robotics","SERV","385848384","4.45","United States"
"8061","Agenus","AGEN","385682752","8.54","United States"
"8062","Formycon AG","FYB.DE","385583827","21.8178","Germany"
"8063","Prenetics","PRE","385421792","22.97","Hong Kong"
"8064","Gorilla Technology","GRRR","385408480","14.01","Taiwan"
"8065","Optimum Communications","OPTU","385245856","1.01","United States"
"8066","Flat Capital AB","FLAT-B.ST","385222584","0.773411","Sweden"
"8067","Bapcor Limited","BAP.AX","384686564","0.571809","Australia"
"8068","Viking Line Abp","VIK1V.HE","384283916","22.2387","Finland"
"8069","Citizens Financial Services","CZFS","384066912","79.85","United States"
"8070","Energiekontor","EKT.DE","384045781","27.6988","Germany"
"8071","Islamic Arab Insurance","SALAMA.AE","384001771","0.468308","United Arab Emirates"
"8072","trivago","TRVG","383838016","5.44","Germany"
"8073","RattanIndia Power","RTNPOWER.NS","383778823","0.0714658","India"
"8074","Schweizerische Nationalbank","SNBN.SW","383653233","3836.53","Switzerland"
"8075","Secure Trust Bank PLC","STB.L","383094932","20.8897","United Kingdom"
"8076","FW Thorpe Plc","TFW.L","383090563","3.41856","United Kingdom"
"8077","Bakkt Holdings","BKKT","383090368","8.5","United States"
"8078","Richtech Robotics","RR","382673312","1.7","United States"
"8079","Rane (Madras) Limited","RML.NS","381748915","13.8129","India"
"8080","K-Bro Linen","KBL.TO","381663586","29.6652","Canada"
"8081","Orthofix Medical","OFIX","381580384","9.44","United States"
"8082","PureTech Health","PRTC.L","381529204","1.55612","United States"
"8083","Kits Eyecare","KITS.TO","380942897","11.2021","Canada"
"8084","Daiichi Kensetsu","1799.T","380644421","21.4967","Japan"
"8085","CI&amp;T","CINT","380126368","2.97","Brazil"
"8086","FRP Advisory Group","FRP.L","379918430","1.53756","United Kingdom"
"8087","Twin Disc","TWIN","379901856","26.13","United States"
"8088","Turn Therapeutics","TTRX","379292608","12.49","United States"
"8089","Toscana Aeroporti","TYA.MI","378971865","20.3617","Italy"
"8090","Unipres Corporation","5949.T","378361007","8.44581","Japan"
"8091","Bajaj Electricals","BAJAJELEC.NS","378352380","3.27795","India"
"8092","Vox Royalty","VOXR","378054336","5.44","Canada"
"8093","Oatly","OTLY","377841152","11.84","Sweden"
"8094","City Cement Company","3003.SR","377813906","2.69867","Saudi Arabia"
"8095","Auna SA","AUNA","377687232","5.1","Luxembourg"
"8096","KG Mobility (SsangYong Motor)","003620.KS","377365171","1.86468","South Korea"
"8097","Rezolute","RZLT","377217120","3.9","United States"
"8098","Ölgerðin Egill Skallagrímsson","OLGERD.IC","376879239","0.131611","Iceland"
"8099","F-Secure","FSECURE.HE","376813039","2.15675","Finland"
"8100","Value Line","VALU","376785056","40.16","United States"
"8101","Yü Group","YU.L","376612052","21.738","United Kingdom"
"8102","Ranpak","PACK","376478880","4.39","United States"
"8103","Vista Group International","VGL.NZ","376470066","1.57329","New Zealand"
"8104","Genki Global Dining Concepts","9828.T","376246728","21.3056","Japan"
"8105","Transcontinental Realty Investors","TCI","376227616","42.88","United States"
"8106","PowerFleet","AIOT","375832576","2.8","United States"
"8107","Regal Partners Limited","RPL.AX","375712666","1.62071","Australia"
"8108","Ice Fish Farm","IFISH.OL","374700423","3.06476","Iceland"
"8109","Tohokushinsha Film","2329.T","374559031","3.15922","Japan"
"8110","IDP Education","IEL.AX","373966081","1.34358","Australia"
"8111","Genesco","GCO","373728064","34.54","United States"
"8112","Waterdrop Inc.","WDH","373674016","1.04","China"
"8113","Alok Industries","ALOKINDS.NS","373466367","0.0752162","India"
"8114","Simulations Plus","SLP","373350496","18.46","United States"
"8115","Lifestyle Communities Limited","LIC.AX","373257582","3.06602","Australia"
"8116","AutoCanada Inc.","ACQ.TO","373114898","16.2311","Canada"
"8117","Akastor ASA","AKAST.OL","373037734","1.36739","Norway"
"8118","Lumi Rental Company","4262.SR","372752216","6.77731","Saudi Arabia"
"8119","NIOX Group","NIOX.L","372631012","0.88539","United Kingdom"
"8120","Café de Coral","0341.HK","372246891","0.666724","Hong Kong"
"8121","KKR Real Estate Finance Trust","KREF","371969952","6.35","United States"
"8122","ElringKlinger","ZIL2.DE","371900269","5.86964","Germany"
"8123","Equita Group","EQUI.MI","371888512","6.76829","Italy"
"8124","Fennec Pharmaceuticals","FENC","371887200","10.605","United States"
"8125","Movano","MOVE","371370304","11.77","United States"
"8126","D2L Inc.","DTOL.TO","370881182","7.06314","Canada"
"8127","COLOPL","3668.T","370141484","2.87896","Japan"
"8128","Bushiroad","7803.T","369815502","2.73884","Japan"
"8129","Pasona Group","2168.T","369715294","9.89803","Japan"
"8130","MCI Capital Alternatywna Spólka Inwestycyjna","MCI.WA","369376685","7.04097","Poland"
"8131","Habib Metropolitan Bank","HMB.PK","369120683","0.352271","Pakistan"
"8132","Dhofar International Development &amp; Investment Holding","DIDI.OM","368594583","0.74305","Oman"
"8133","Northeast Community Bancorp","NECB","368517408","26.77","United States"
"8134","Deep Fission, Inc.","FISN","368162112","6.25","United States"
"8135","IVF Hartmann","VBSN.SW","368025273","154.544","Switzerland"
"8136","Talgo S.A.","TLGO.MC","367544797","2.74144","Spain"
"8137","United Projects Company For Aviation Services","UPAC.KW","367116473","972.042","Kuwait"
"8138","Fossil Group","FOSL","366655904","6.2","United States"
"8139","C4 Therapeutics","CCCC","366614912","2.98","United States"
"8140","Waterstone Financial","WSBF","366551584","20.39","United States"
"8141","Baader Bank","BWB.DE","366354489","7.50768","Germany"
"8142","AVITA Medical","RCEL","366173888","11.84","United States"
"8143","Shinpoong Pharm","019170.KS","366165750","6.81878","South Korea"
"8144","J.Jill","JILL","366075104","24.63","United States"
"8145","Flexsteel Industries","FLXS","365678912","89.37","United States"
"8146","GigCapital9","GIX","365650848","10.005","United States"
"8147","Al Suwadi Power","SUWP.OM","365648344","0.511821","Oman"
"8148","Mirrabooka Investments Limited","MIR.AX","365386296","1.62773","Australia"
"8149","Gaumont SA","GAM.PA","364978500","117.165","France"
"8150","KNOT Offshore Partners","KNOP","364879936","10.56","United Kingdom"
"8151","Greenply","GREENPLY.NS","364010321","2.91437","India"
"8152","Australian Clinical Labs","ACL.AX","363799048","1.95047","Australia"
"8153","Global Indemnity","GBLI","363599648","24.835","Cayman Islands"
"8154","National Finance","NFCI.OM","363469755","0.558587","Oman"
"8155","All for One Group","A1OS.DE","363326301","78.2619","Germany"
"8156","NexPoint Real Estate Finance","NREF","363248352","15.77","United States"
"8157","AS Tallinna Sadam","TSM1T.TL","363191872","1.38096","Estonia"
"8158","BVZ Holding","BVZN.SW","363009716","1840.09","Switzerland"
"8159","Ercros","ECR.MC","362998911","3.96997","Spain"
"8160","Ranger Energy Services","RNGR","362965408","15.51","United States"
"8161","Sandhar","SANDHAR.NS","362395432","6.00635","India"
"8162","Parag Milk Foods","PARAGMILK.NS","362366117","2.86436","India"
"8163","Liva Group","LIVA.OM","362252581","0.909327","Oman"
"8164","Amplitude Energy","AEL.AX","361885245","1.20676","Australia"
"8165","Cigniti Technologies","CIGNITITEC.NS","361620226","13.1274","India"
"8166","Stillfront Group","SF.ST","361336042","0.701641","Sweden"
"8167","Hypothekarbank Lenzburg","HBLN.SW","361182805","5027.18","Switzerland"
"8168","Southern States Bancshares","SSBK","361068608","36.37","United States"
"8169","Datalogic S.p.A.","DAL.MI","361044949","6.47253","Italy"
"8170","Arabian Pipes Company","2200.SR","360977185","1.44391","Saudi Arabia"
"8171","Polyplex","POLYPLEX.NS","360917561","11.0751","India"
"8172","Mo-BRUK S.A.","MBR.WA","360515889","102.627","Poland"
"8173","Future plc","FUTR.L","360456175","4.103","United Kingdom"
"8174","Walaa Cooperative Insurance Company","8060.SR","360209464","2.82388","Saudi Arabia"
"8175","Rotshtein Realestate","ROTS.TA","360034848","20.5857","Israel"
"8176","Rasiyat Holding Company","RASIYAT.KW","359882975","2399.22","Kuwait"
"8177","Seanergy Maritime","SHIP","359692096","16.6","Greece"
"8178","Cerence","CRNC","359580512","7.95","United States"
"8179","Nippon Air conditioning Services","4658.T","359404632","10.3694","Japan"
"8180","Egetis Therapeutics AB","EGTX.ST","359361994","0.772909","Sweden"
"8181","SHL Finance Company","1183.SR","359112341","3.59112","Saudi Arabia"
"8182","Gulf Warehousing Company","GWCS.QA","359024763","0.612637","Qatar"
"8183","Lifezone Metals","LZM","358759104","3.99","United Kingdom"
"8184","Lesaka Technologies","LSAK","358744704","4.18","South Africa"
"8185","Automated Systems Company KPSC","ASC.KW","358256811","3582.58","Kuwait"
"8186","Real Brokerage Inc.","REAX","358082240","16.43","Canada"
"8187","SAPTCO (Saudi Public Transport Company)","4040.SR","357980129","2.86384","Saudi Arabia"
"8188","Hydratec Industries","HYDRA.AS","357824128","275.282","Netherlands"
"8189","Capital Limited","CAPD.L","357683893","1.58476","United Kingdom"
"8190","Orchestra BioMed","OBIO","357625024","5.95","United States"
"8191","Hokkaido Coca-Cola Bottling","2573.T","357073919","26.2419","Japan"
"8192","Chubu Steel Plate","5461.T","357067501","13.4904","Japan"
"8193","Meteoric Resources","MEI.AX","356878063","0.122781","Australia"
"8194","BHG Group AB","BHG.ST","356777007","1.98848","Sweden"
"8195","Duni AB","DUNI.ST","356655102","7.58856","Sweden"
"8196","Dine Brands Global","DIN","356608256","28.17","United States"
"8197","Sanford Limited","SAN.NZ","356067721","3.80306","New Zealand"
"8198","Agora, Inc.","API","355954592","4.21","China"
"8199","Orient Electric","ORIENTELEC.NS","355687277","1.66684","India"
"8200","Kyokuyo","1301.T","355637354","29.9361","Japan"
"8201","Kendrion","KENDR.AS","355168940","23.4331","Netherlands"
"8202","Eimskipafélag Íslands","EIM.IC","354878217","2.19433","Iceland"
"8203","Thob Al Aseel Company","4012.SR","354849880","0.887125","Saudi Arabia"
"8204","Perion Network","PERI","354791808","8.59","Israel"
"8205","Vertu Motors","VTU.L","354682653","1.1651","United Kingdom"
"8206","Oman Education and Training Investments (OETI)","OETI.OM","354637565","5.06625","Oman"
"8207","iHeartMedia","IHRT","354467200","2.29","United States"
"8208","Ring Energy","REI","354333856","1.36","United States"
"8209","Nissha Co., Ltd.","7915.T","354239609","7.47129","Japan"
"8210","GuangZhou Wahlap Technology","301011.SZ","353942156","2.29152","China"
"8211","CapsoVision","CV","353848864","6.65","United States"
"8212","Shoulder Innovations","SI","353714048","16.99","United States"
"8213","Timberland Bancorp","TSBK","353093088","45.41","United States"
"8214","Norcros","NXR.L","352782817","3.94995","United Kingdom"
"8215","gremz, Inc.","3150.T","352755328","15.2547","Japan"
"8216","Clean Energy Fuels","CLNE","352712032","1.6","United States"
"8217","Avingtrans","AVG.L","352451764","9.5435","United Kingdom"
"8218","Lux Industries","LUXIND.NS","352313891","11.7158","India"
"8219","CION Investment Corporation","CION","352291360","7.16","United States"
"8220","Capita plc","CPI.L","352019549","2.96032","United Kingdom"
"8221","WithSecure Oyj","WITH.HE","351735546","2.00023","Finland"
"8222","GWA Group Limited","GWA.AX","351600072","1.38217","Australia"
"8223","Kistos Holdings","KIST.L","351446494","4.2283","United Kingdom"
"8224","Hektaş","HEKTS.IS","351116600","0.0416508","Turkey"
"8225","Cabaletta Bio","CABA","350959040","2.07","United States"
"8226","The Property Franchise Group","TPFG.L","350685049","5.50077","United Kingdom"
"8227","Soltec Power Holdings","SOL.MC","350560955","0.767831","Spain"
"8228","Central Asia Metals","CAML.L","349925132","2.05347","United Kingdom"
"8229","BrasilAgro","LND","349650240","3.51","Brazil"
"8230","Middle East Specialized Cables Company","2370.SR","349308680","8.73272","Saudi Arabia"
"8231","Al Taiseer Group TALCO Industrial Company","4143.SR","349095523","8.72739","Saudi Arabia"
"8232","Vaibhav Global","VAIBHAVGBL.NS","348927661","2.08063","India"
"8233","Universal Entertainment Corporation","6425.T","348459877","4.49679","Japan"
"8234","Diana Shipping","DSX","348358400","2.8","Greece"
"8235","Alandalus Property Company","4320.SR","348349627","3.73232","Saudi Arabia"
"8236","Advanced Technology Company K.S.C.P.","ATC.KW","348326486","1788.04","Kuwait"
"8237","ON24","ONTF","348249024","8.1","United States"
"8238","Emergent BioSolutions","EBS","348145952","6.79","United States"
"8239","Lucky Core Industries (LCI)","LCI.PK","347874601","0.753309","Pakistan"
"8240","Energy Recovery","ERII","347615616","6.81","United States"
"8241","doValue S.p.A.","DOV.MI","347473397","1.83142","Italy"
"8242","Orion Group Holdings","ORN","347449568","8.58","United States"
"8243","FS Bancorp","FSBW","347349696","44.18","United States"
"8244","Fope S.p.A.","FPE.MI","347039972","63.7015","Italy"
"8245","Gérard Perrier Industrie S.A.","PERR.PA","347020316","91.9122","France"
"8246","Vitruvio Real Estate","YVIT.MC","346741449","20.4755","Spain"
"8247","Inmobiliaria del Sur","ISUR.MC","346574150","18.9967","Spain"
"8248","Electra Real Estate","ELCRE.TA","346441792","5.03974","Israel"
"8249","PCC Rokita","PCR.WA","346334590","17.0958","Poland"
"8250","Gevo","GEVO","346131936","1.4","United States"
"8251","Tsubakimoto Kogyo","8052.T","346112545","18.8343","Japan"
"8252","Enanta Pharmaceuticals","ENTA","346009792","11.88","United States"
"8253","Ocugen","OCGN","345892608","1.02","United States"
"8254","LendingTree","TREE","345654016","24.62","United States"
"8255","Avidbank Holdings","AVBH","344991104","31.41","United States"
"8256","Irani Papel e Embalagem S.A.","RANI3.SA","344951519","1.50457","Brazil"
"8257","Globe Trade Centre","GTC.WA","344651524","0.600171","Poland"
"8258","Mitsubishi Paper Mills","3864.T","344603531","7.86619","Japan"
"8259","SNDL Inc.","SNDL","344569184","1.4","Canada"
"8260","Stride Property Group","SPG.NZ","344117649","0.614035","New Zealand"
"8261","Camping World","CWH","344032640","5.39","United States"
"8262","Knr Constructions","KNRCON.NS","343933007","1.22294","India"
"8263","Avex Inc.","7860.T","343890649","8.05727","Japan"
"8264","Artesian Resources","ARTNA","343376768","33.25","United States"
"8265","NL Industries","NL","343269120","7.02","United States"
"8266","TFF Group","TFF.PA","342796032","15.8116","France"
"8267","Palram Industries","PLRM.TA","342520416","13.3144","Israel"
"8268","Theeb Rent A Car Company","4261.SR","342362165","5.18955","Saudi Arabia"
"8269","EHang Holdings","EH","342062592","4.51","China"
"8270","Al Batinah Power","BATP.OM","341914907","0.506625","Oman"
"8271","Artiva Biotherapeutics","ARTV","341741920","6.99","United States"
"8272","LSL Property Services plc","LSL.L","341621097","3.51254","United Kingdom"
"8273","Kuwait Insurance Company","KINS.KW","340577435","1430.43","Kuwait"
"8274","Anup Engineering","ANUP.NS","340570396","17.0018","India"
"8275","Gran Tierra Energy","GTE","340355584","9.62","Canada"
"8276","Pico Far East Holdings","0752.HK","340306882","0.266434","Hong Kong"
"8277","Verano Holdings","VRNOF","340106912","0.94","United States"
"8278","Hargreaves Services","HSP.L","339883841","11.0695","United Kingdom"
"8279","International Money Express","IMXI","339880800","11.25","United States"
"8280","Ladun Investment Company","9535.SR","339664845","0.67933","Saudi Arabia"
"8281","Viemed Healthcare","VMD","339366112","8.91","United States"
"8282","United Heavy Machinery","OMZZP.ME","338597765","125.73","Russia"
"8283","Innovative Aerosystems","IA","338115360","18.89","United States"
"8284","Bredband2 i Skandinavien AB","BRE2.ST","337924291","0.353073","Sweden"
"8285","Jupiter Mines Limited","JMS.AX","337917193","0.171894","Australia"
"8286","Rocky Brands","RCKY","337885184","45.1","United States"
"8287","Argo Global Listed Infrastructure","ALI.AX","337713761","1.7891","Australia"
"8288","Vogenx","VOGX","337656128","22.73","United States"
"8289","China Motor Bus Company","0026.HK","337224861","7.45762","Hong Kong"
"8290","Bystronic AG","BYS.SW","337157136","163.323","Switzerland"
"8291","BayCom (United Business Bank)","BCML","337104032","30.87","United States"
"8292","Aimco","AIV","336317344","2.18","United States"
"8293","National Fertilizers","NFL.NS","336081224","0.685071","India"
"8294","Marie Brizard Wine &amp; Spirits","MBWS.PA","335909389","3.00307","France"
"8295","JTEKT India","JTEKTINDIA.NS","335829699","1.21065","India"
"8296","Paysafe","PSFE","335745472","6.43","United States"
"8297","Civeo","CVEO","335637824","32.47","United States"
"8298","Nordic Paper","NPAPER.ST","334821133","5.00414","Sweden"
"8299","Kuwait Investment Company","KINV.KW","334818761","607.932","Kuwait"
"8300","I'LL inc.","3854.T","334548698","13.3821","Japan"
"8301","Benitec Biopharma","BNTC","334525376","9.59","United States"
"8302","StealthGas","GASS","334519040","8.89","Greece"
"8303","Nice One Beauty Digital Marketing Company","4193.SR","334465973","2.89581","Saudi Arabia"
"8304","Embecta","EMBC","334291648","5.9","United States"
"8305","Repay Holdings","RPAY","334218848","3.79","United States"
"8306","Public Policy Holding Company","PPHC","334194848","11.06","United States"
"8307","City of London Investment Group Plc","CLIG.L","334173984","6.78649","United Kingdom"
"8308","Wonderla Holidays","WONDERLA.NS","334028338","5.26669","India"
"8309","Aramis Group","ARAMI.PA","333852667","4.08941","France"
"8310","MS INTERNATIONAL plc","MSI.L","333435487","20.2799","United Kingdom"
"8311","Palms Sports","PALMS.AE","333260722","2.22","United Arab Emirates"
"8312","NACL Industries","NACLIND.NS","333172633","1.42234","India"
"8313","AB Akola Group","AKO1L.VS","332634512","2.01342","Lithuania"
"8314","Suja Life, Inc.","SUJA","332561344","8.61","United States"
"8315","Victorian Plumbing Group","VIC.L","332205626","1.01153","United Kingdom"
"8316","8x8","EGHT","332201664","2.3","United States"
"8317","Orion S.A.","OEC","332129120","5.89","United States"
"8318","Perma-Fix Environmental Services","PESI","332067200","15.65","United States"
"8319","COLTENE Holding AG","CLTN.SW","331653080","55.5034","Switzerland"
"8320","LNA Santé","LNA.PA","331448099","32.192","France"
"8321","North American Construction Group","NOA","331040896","12.3","Canada"
"8322","Nano Dimension","NNDM","331017248","1.57","United States"
"8323","Brødrene A &amp; O Johansen","AOJ-B.CO","330496630","15.3061","Denmark"
"8324","Swarmer","SWMR","330373600","20.73","United States"
"8325","Gurit Holding","GURN.SW","330339490","70.7173","Switzerland"
"8326","PrimeEnergy Resources","PNRG","330241152","208.67","United States"
"8327","The Cross-Harbour Holdings","0032.HK","330197950","0.88599","Hong Kong"
"8328","Arkan Al-Kuwait Real Estate Company","ARKAN.KW","330028228","1059.82","Kuwait"
"8329","Lantronix","LTRX","328858976","7.015","United States"
"8330","Orell Füssli AG","OFN.SW","328835319","167.773","Switzerland"
"8331","National Industries Company","NICBM.KW","328582896","942.783","Kuwait"
"8332","Lifeway Foods","LWAY","328420672","21.74","United States"
"8333","MT Højgaard Holding","MTHH.CO","328350531","42.6014","Denmark"
"8334","SmartCraft ASA","SMCRT.OL","328123531","1.99594","Norway"
"8335","Clearwater Paper","CLW","328038720","20.34","United States"
"8336","izertis","IZER.MC","327940876","9.23672","Spain"
"8337","Abbott Laboratories (Pakistan)","ABOT.PK","327851559","3.34883","Pakistan"
"8338","Alpine Income Property Trust","PINE","327048576","17.07","United States"
"8339","Sumou Real Estate Company","4323.SR","326078268","6.52157","Saudi Arabia"
"8340","John Marshall Bancorp","JMSB","325849184","23.09","United States"
"8341","PT Aspirasi Hidup Indonesia Tbk","ACES.JK","325830462","0.0190317","Indonesia"
"8342","Envela Corporation","ELA","325581984","12.54","United States"
"8343","NewtekOne","NEWT","325242080","11.26","United States"
"8344","Caltagirone Editore","CED.MI","324343087","3.0372","Italy"
"8345","FVCBankcorp","FVCB","324254976","17.98","United States"
"8346","Nexity","NXI.PA","324219761","5.82414","France"
"8347","Mirbud S.A.","MRB.WA","324080569","2.9437","Poland"
"8348","Gulf Pharmaceutical Industries","JULPHAR.AE","323972072","0.28","United Arab Emirates"
"8349","Unimot","UNT.WA","323746610","39.4918","Poland"
"8350","BioAge Labs","BIOA","323573216","7.05","United States"
"8351","Instone Real Estate Group","INS.DE","323280728","7.46218","Germany"
"8352","OPAL Fuels","OPAL","323176512","1.85","United States"
"8353","Peach Property Group AG","PEAN.SW","323160927","5.80892","Switzerland"
"8354","Integrated Holding Company K.S.C.P.","INTEGRATED.KW","322994287","1215.86","Kuwait"
"8355","Mehadrin","MEDN.TA","322972624","93.8233","Israel"
"8356","Bourse Direct","BSD.PA","322886252","6.2564","France"
"8357","Naqi Water Company","2282.SR","322881422","16.1441","Saudi Arabia"
"8358","Australian Ethical Investment Limited","AEF.AX","322650322","2.83449","Australia"
"8359","On the Beach Group","OTB.L","322235402","2.27453","United Kingdom"
"8360","American Battery Technology Company","ABAT","322225728","2.26","United States"
"8361","Ashoka Buildcon","ASHOKA.NS","322192716","1.14772","India"
"8362","Sanara MedTech","SMTI","322132512","35.06","United States"
"8363","Ribbon Communications","RBBN","321882048","1.8","United States"
"8364","M-tron Industries","MPTI","321856576","74.05","United States"
"8365","World Holdings","2429.T","321529711","18.2164","Japan"
"8366","Presidio Production Company","FTW","321323552","10.2","United States"
"8367","Sino AG","XTP.DE","320405788","137.072","Germany"
"8368","Card Factory plc","CARD.L","320353933","0.968931","United Kingdom"
"8369","Fiera Capital","FSZ.TO","320232875","3.02303","Canada"
"8370","Mikron Holding","MIKN.SW","320113426","19.1827","Switzerland"
"8371","STRATEC","SBS.F","320111523","26.3338","Germany"
"8372","V-ZUG Holding","VZUG.SW","320007918","49.911","Switzerland"
"8373","Campine","CAMB.BR","319929446","213.286","Belgium"
"8374","Canada Packers","CPKR.TO","319593327","10.736","Canada"
"8375","Fenix Outdoor","FOI-B.ST","319544282","28.9088","Switzerland"
"8376","Maui Land &amp; Pineapple Company","MLP","319533824","16.09","United States"
"8377","Larimar Therapeutics","LRMR","319440032","3.075","United States"
"8378","Xunlei","XNET","319339648","5.01","China"
"8379","Medios AG","ILM1.DE","319147956","12.5128","Germany"
"8380","Saudi Cable Company","2110.SR","318383878","47.7129","Saudi Arabia"
"8381","CoastalSouth Bancshares","COSO","318107808","26.61","United States"
"8382","Zhihu","ZH","317943328","3.76","China"
"8383","Lime Technologies AB","LIME.ST","317658708","23.8397","Sweden"
"8384","Build-A-Bear Workshop","BBW","317469280","25.77","United States"
"8385","Bell Financial Group","BFG.AX","317300868","0.989265","Australia"
"8386","Neighborhood Intelligence","NXH","317189984","3.27","United States"
"8387","Beyout Investment Group","BEYOUT.KW","316970100","1056.57","Kuwait"
"8388","Dialight plc","DIA.L","316738918","7.87951","United Kingdom"
"8389","BridgeBio Oncology Therapeutics","BBOT","316688352","3.95","United States"
"8390","The RMR Group","RMR","316496608","18.53","United States"
"8391","Andrews Sykes Group","ASY.L","316254235","7.55527","United Kingdom"
"8392","Saudi Fisheries Company","6050.SR","315574098","13.7464","Saudi Arabia"
"8393","Parrot S.A.","PARRO.PA","315351455","10.1922","France"
"8394","Com2uS","078340.KQ","315275272","27.5473","South Korea"
"8395","Imagicaaworld Entertainment","IMAGICAA.NS","314902100","0.534327","India"
"8396","Parken Sport (F.C. Copenhagen)","PARKEN.CO","314861624","32.2554","Denmark"
"8397","Judges Scientific plc","JDG.L","314741759","47.2536","United Kingdom"
"8398","Emirates Insurance Company","EIC.AE","314482539","2.1","United Arab Emirates"
"8399","Electrovaya","ELVA","314372480","6.35","Canada"
"8400","Byggmax Group","BMAX.ST","314240530","5.36018","Sweden"
"8401","Northern Region Cement Company","3004.SR","314090113","1.74494","Saudi Arabia"
"8402","Kyodo Printing","7914.T","313851508","11.3439","Japan"
"8403","Zengame Technology","2660.HK","313436986","0.299579","China"
"8404","Chalice Mining","CHN.AX","313433028","0.80334","Australia"
"8405","Chain Bridge Bancorp","CBNA","313392384","47.76","United States"
"8406","Designer Brands","DBI","313386464","6.13","United States"
"8407","Sidetrade","ALBFR.PA","313210611","219.315","France"
"8408","Wilmington plc","WIL.L","312699195","3.48762","United Kingdom"
"8409","Abdulmohsen Al-Hokair Group for Tourism and Development Company","1820.SR","312155331","0.503503","Saudi Arabia"
"8410","Penguin International Limited","BTM.SI","312068196","1.40768","Singapore"
"8411","Gogo Inflight Internet","GOGO","311668064","2.3","United States"
"8412","The National Company for Glass Industries","2150.SR","311321628","9.46266","Saudi Arabia"
"8413","Eagle Football Group","EFG.PA","311101654","1.89967","France"
"8414","TWFG, Inc.","TWFG","311060032","24.15","United States"
"8415","Horizon Technology Finance","HRZN","310367008","4.63","United States"
"8416","Heidelbergcement India","HEIDELBERG.NS","310351973","1.36941","India"
"8417","Tamkeen Human Resources Company","1835.SR","310344467","11.7111","Saudi Arabia"
"8418","Lalique Group","LLQ.SW","310240545","40.5543","Switzerland"
"8419","Jindal Poly Films","JINDALPOLY.NS","310026435","7.08043","India"
"8420","First Community Corporation","FCCO","309721152","32.95","United States"
"8421","Prelude Therapeutics","PRLD","309238528","3.875","United States"
"8422","Timbercreek Financial","TF.TO","309199406","3.7364","Canada"
"8423","Cadiz Inc.","CDZI","309071328","3.65","United States"
"8424","Fastighets AB Trianon","TRIAN-B.ST","309069014","1.67631","Sweden"
"8425","Coelacanth Energy","CEI.V","308945766","0.487357","Canada"
"8426","Abeona Therapeutics","ABEO","308793696","5.4","United States"
"8427","Transcontinental","TCL-A.TO","308602915","3.68696","Canada"
"8428","Selvaag Bolig","SBO.OL","308464540","3.29225","Norway"
"8429","What's Cooking Group","WHATS.BR","308272397","166.079","Belgium"
"8430","Evommune","EVMN","308120032","8.49","United States"
"8431","LiveWire Group","LVWR","308118688","1.5","United States"
"8432","Funko","FNKO","307976736","5.5","United States"
"8433","Shoper","SHO.WA","307741139","10.9382","Poland"
"8434","OneConnect Financial Technology","OCFT","307704928","7.89","China"
"8435","Corby Spirit and Wine","CSW-A.TO","307450775","10.7995","Canada"
"8436","Fiverr","FVRR","307378720","8.55","Israel"
"8437","XANO Industri","XANO-B.ST","307199012","5.1795","Sweden"
"8438","Infotel SA","INF.PA","307053733","44.7617","France"
"8439","Biodesix","BDSX","307037536","29.1","United States"
"8440","Wing Tai Properties","0369.HK","306650432","0.223091","Hong Kong"
"8441","Animalcare Group","ANCR.L","306590188","4.44038","United Kingdom"
"8442","Stalprodukt","STP.WA","305423045","60.0171","Poland"
"8443","Vanda Pharmaceuticals","VNDA","305336576","5.05","United States"
"8444","NCC Group plc","NCC.L","305213505","1.95744","United Kingdom"
"8445","Nayifat Finance Company","4081.SR","305035555","2.61609","Saudi Arabia"
"8446","Air Asia Company Limited (AACL)","2630.TW","304926850","1.45593","Taiwan"
"8447","OVB Holding","O4B.DE","304771562","21.3855","Germany"
"8448","Science Group","SAG.L","304661106","7.55925","United Kingdom"
"8449","Grieg Seafood","GSF.OL","304596608","2.71374","Norway"
"8450","C&amp;F Financial Corporation","CFFI","304358272","93.6","United States"
"8451","Novabase","NBA.LS","304274727","8.07644","Portugal"
"8452","India Nippon Electricals","INDNIPPON.NS","304148446","13.4452","India"
"8453","B.P. Marsh &amp; Partners","BPM.L","304138398","8.59313","United Kingdom"
"8454","MM Forgings","MMFL.NS","304054890","6.29753","India"
"8455","Anora Group","ANORA.HE","303918290","4.49892","Finland"
"8456","EyePoint Pharmaceuticals","EYPT","303505472","3.62","United States"
"8457","Al Jazeera Steel Products","ATMI.OM","303402420","2.4292","Oman"
"8458","Silicom","SILC","303358912","52.78","Israel"
"8459","Oceania Healthcare","OCA.NZ","303299937","0.418789","New Zealand"
"8460","Lands' End","LE","303123040","10.26","United States"
"8461","NN, Inc.","NNBR","303070240","3.67","United States"
"8462","Ellomay Capital","ELLO","302955392","21.98","Israel"
"8463","Alfen","ALFEN.AS","302812049","13.9233","Netherlands"
"8464","Qatar Islamic Insurance Group","QISI.QA","302760993","2.01841","Qatar"
"8465","Linedata Services","LIN.PA","302486025","62.109","France"
"8466","Century Therapeutics","IPSC","302395776","1.67","United States"
"8467","NI Holdings","NODK","301989920","14.8","United States"
"8468","Telos","TLS","301936640","4.04","United States"
"8469","Compagnie d'Entreprises CFE","CFEB.BR","301876547","12.2284","Belgium"
"8470","Mobia Medical, Inc.","MOBI","301617344","9.06","United States"
"8471","Cairo Communication","CAI.MI","301384480","2.50825","Italy"
"8472","Palmer Square Capital BDC","PSBD","301301504","9.83","United States"
"8473","7Road","0797.HK","301131521","0.129393","China"
"8474","Concurrent Technologies","CNC.L","300623463","3.3093","United Kingdom"
"8475","AirJoule Technologies Corporation","AIRJ","299990848","4.09","United States"
"8476","Bank Mayapada Internasional","MAYA.JK","299976558","0.0114636","Indonesia"
"8477","Younited Financial","YOUNI.PA","299743693","6.59766","Luxembourg"
"8478","Seaport Entertainment Group","SEG","299743136","23.4","United States"
"8479","Holley","HLLY","299448352","2.47","United States"
"8480","SAB Biotherapeutics","SABS","299345152","3.29","United States"
"8481","Nilkamal","NILKAMAL.NS","299165164","19.9812","India"
"8482","Generalfinance","GF.MI","298952739","23.6606","Italy"
"8483","Akatsuki Inc","3932.T","298888838","24.8406","Japan"
"8484","Omni Bridgeway","OBL.AX","298725916","1.03136","Australia"
"8485","X4 Pharmaceuticals","XFOR","298431712","3.01","United States"
"8486","Soluna Holdings","SLNH","298400512","1.22","United States"
"8487","Dadelo","DAD.WA","298139094","25.5398","Poland"
"8488","First Western Financial","MYFW","298129408","30.53","United States"
"8489","Syntec Optics","OPTX","298071104","7.4","United States"
"8490","loanDepot","LDI","297767424","0.6701","United States"
"8491","Xebio Holdings","8281.T","297315358","7.18467","Japan"
"8492","Tanmiah Food Company","2281.SR","297040269","14.852","Saudi Arabia"
"8493","Prince Pipes And Fittings","PRINCEPIPE.NS","296932761","2.68518","India"
"8494","Firm Capital Mortgage Investment Corporation","FC.TO","296866749","8.08024","Canada"
"8495","NervGen Pharma","NGEN.V","296699810","3.74562","Canada"
"8496","Kewal Kiran Clothing","KKCL.NS","296698390","4.81456","India"
"8497","Confidence Petroleum","CONFIPET.NS","296452199","0.892281","India"
"8498","Forafric Global PLC","AFRI","295793056","10.97","Gibraltar"
"8499","Princeton Bancorp","BPRN","295761056","43.41","United States"
"8500","Batic Investments and Logistics Company","4110.SR","295708233","0.492847","Saudi Arabia"
"8501","ThredUp","TDUP","295500704","2.25","United States"
"8502","Rafhan Maize Products Company","RMPL.PK","294564840","31.8917","Pakistan"
"8503","Mediclin","MED.DE","294477289","6.19952","Germany"
"8504","Bonduelle","BON.PA","294113390","9.21397","France"
"8505","Upstream Bio","UPB","293572768","5.36","United States"
"8506","Isabella Bank Corporation","ISBA","293330176","38.45","United States"
"8507","Al-Jouf Agricultural Development","6070.SR","292831072","9.76104","Saudi Arabia"
"8508","Aiphone Co.,Ltd.","6718.T","292828910","17.8916","Japan"
"8509","Treace Medical Concepts","TMCI","292655488","4.5","United States"
"8510","Funkwerk AG","FEW.F","292632373","36.3083","Germany"
"8511","ClearView Wealth Limited","CVW.AX","292422210","0.456044","Australia"
"8512","STEICO SE","ST5.DE","292210662","20.7485","Germany"
"8513","Supermax Corporation Berhad","7106.KL","292022754","0.095518","Malaysia"
"8514","Ajinomoto (Malaysia)","2658.KL","291856790","4.80039","Malaysia"
"8515","Zotefoams","ZTF.L","291787367","5.9183","United Kingdom"
"8516","SCHMID Group","SHMD","291207840","4.37","Germany"
"8517","fuboTV","FUBO","291169216","9.64","United States"
"8518","Remedy Entertainment","REMEDY.HE","290638672","21.3855","Finland"
"8519","Standard BioTools","LAB","290469056","0.7399","United States"
"8520","Relais Group Oyj","RELAIS.HE","290296905","15.5272","Finland"
"8521","Alico","ALCO","289843168","39.07","United States"
"8522","Beacon Lighting Group","BLX.AX","289634350","1.26289","Australia"
"8523","GrafTech","EAF","289362112","11.09","United States"
"8524","Alto Ingredients","ALTO","289330368","3.73","United States"
"8525","United Bankers Oyj","UNITED.HE","289185513","26.0494","Finland"
"8526","Jakks Pacific","JAKK","289100992","25.26","United States"
"8527","Clinuvel Pharmaceuticals","CUV.AX","289059100","5.73213","Australia"
"8528","ZipRecruiter","ZIP","288613824","3.51","United States"
"8529","Uxin Limited","UXIN","288174112","1.31","China"
"8530","Stitch Fix","SFIX","287915936","2.155","United States"
"8531","RCM Technologies","RCMT","287772416","40.47","United States"
"8532","Perspective Therapeutics","CATX","287662176","2.52","United States"
"8533","Duos Technologies Group","DUOT","287658656","9.14","United States"
"8534","Keystone Law Group","KEYS.L","287632105","9.14586","United Kingdom"
"8535","Inhibikase Therapeutics","IKT","287443968","2.06","United States"
"8536","TrueBlue","TBI","287394592","9.44","United States"
"8537","James Latham plc","LTHM.L","287393030","14.2556","United Kingdom"
"8538","CPI Card Group","PMTS","286901568","24.75","United States"
"8539","Mangalam Cement","MANGLMCEM.NS","286603258","10.423","India"
"8540","Alembic Limited","ALEMBICLTD.NS","285993808","1.11376","India"
"8541","Azkoyen S.A.","AZK.MC","285723027","11.7165","Spain"
"8542","Fulcrum Therapeutics","FULC","285351744","3.74","United States"
"8543","Burgenland Holding","BHD.VI","284950510","94.9835","Austria"
"8544","Brooge Energy","BROG","284928800","2.6","United Arab Emirates"
"8545","Rocket Pharmaceuticals","RCKT","284865088","2.595","United States"
"8546","Gakken Holdings","9470.T","284736153","6.84072","Japan"
"8547","Taiga Building Products","TBL.TO","284385574","2.63455","Canada"
"8548","Banque Cantonale du Jura","BCJ.SW","284378131","95.0113","Switzerland"
"8549","Regional Management Corp.","RM","284338976","30.82","United States"
"8550","QNB Corp.","QNBC","284324000","45.79","United States"
"8551","Runway Growth Finance","RWAY","284149152","6.78","United States"
"8552","Cresco Labs","CRLBF","284092384","0.764","United States"
"8553","NACCO Industries","NC","284054752","37.67","United States"
"8554","Friedman Industries","FRD","283751200","39.34","United States"
"8555","Newegg","NEGG","283568480","13.52","United States"
"8556","Eurobio Scientific","ALERS.PA","283437271","28.6657","France"
"8557","Silvaco Group","SVCO","283284928","8.36","United States"
"8558","Helical","HLCL.L","283020303","2.49191","United Kingdom"
"8559","Netcall","NET.L","282654320","1.65686","United Kingdom"
"8560","Accent Group","AX1.AX","282603241","0.470076","Australia"
"8561","Gabler Group AG","XK4.F","282163568","46.6386","Germany"
"8562","IFL (Ibrahim Fibres)","IBFL.PK","281969321","0.908093","Pakistan"
"8563","Velan","VLN.TO","281903099","13.0598","Canada"
"8564","Franklin Financial Services Corporation","FRAF","281898816","62.65","United States"
"8565","Ames National Corp.","ATLO","281836736","31.82","United States"
"8566","Boyaa Interactive","0434.HK","281717459","0.389453","China"
"8567","Toho Co., Ltd.","8142.T","281599707","8.82797","Japan"
"8568","Fate Therapeutics","FATE","281578176","2.35","United States"
"8569","Sogefi S.p.A.","SGF.MI","281538820","2.36037","Italy"
"8570","Nam Tai Property","NTPIF","280634496","4.6","China"
"8571","James Fisher and Sons","FSJ.L","280382012","5.55379","United Kingdom"
"8572","Beetaloo Energy Australia","BTL.AX","280381741","0.185926","Australia"
"8573","Red Sea International Company","4230.SR","280317799","5.8076","Saudi Arabia"
"8574","Western New England Bancorp","WNEB","280040832","13.97","United States"
"8575","Marine Products Corporation","MPX","280037408","8.18","United States"
"8576","First United Corporation","FUNC","279386560","43.29","United States"
"8577","Mortgage Advice Bureau (Holdings)","MAB1.L","279119258","4.84465","United Kingdom"
"8578","Hawthorn Bancshares","HWBK","279093792","38.16","United States"
"8579","CS Disco","LAW","278984672","4.35","United States"
"8580","Los Andes Copper","LA.V","278907805","9.17503","Canada"
"8581","Amarin Corporation","AMRN","278821408","13.2","Ireland"
"8582","Celon Pharma","CLN.WA","278739075","5.17031","Poland"
"8583","InflaRx","IFRX","278525952","1.89","Germany"
"8584","TSS, Inc.","TSSI","278522208","9.87","United States"
"8585","HireQuest","HQI","278364000","20.04","United States"
"8586","Strike Energy","STX.AX","278318232","0.0771767","Australia"
"8587","Pihlajalinna Oyj","PIHLIS.HE","277820745","12.3535","Finland"
"8588","Keiyo Gas","9539.T","277712236","8.63689","Japan"
"8589","Santhera Pharmaceuticals","SANN.SW","277668534","18.2085","Switzerland"
"8590","GBank Financial Holdings","GBFH","277554656","19.12","United States"
"8591","GPA","PCAR3.SA","277427134","0.56325","Brazil"
"8592","Text (LiveChat)","TXT.WA","277376649","10.7719","Poland"
"8593","Secuoya, Grupo de Comunicación, S.A.","SEC.MC","277355196","34.5808","Spain"
"8594","High Liner Foods","HLF.TO","277319061","9.90253","Canada"
"8595","TechTarget","TTGT","277034080","3.83","United States"
"8596","Qingci Games","6633.HK","276732098","0.400289","China"
"8597","NexPoint Diversified Real Estate Trust","NXDT","276682400","5.21","United States"
"8598","Tribal Group","TRB.L","276599053","1.29023","United Kingdom"
"8599","Eisen- und Hüttenwerke","EIS.F","276282554","15.6979","Germany"
"8600","Amtech Systems","ASYS","276277824","15.78","United States"
"8601","Immuneering","IMRX","276257888","4.27","United States"
"8602","United Foodbrands Limited","UFBL.NS","276236119","7.06167","India"
"8603","John Wood Group","WG.L","276090680","0.399424","United Kingdom"
"8604","Canaan","CAN","276074336","0.3772","China"
"8605","Matrix Service Company","MTRX","275563296","9.74","United States"
"8606","Invivyd","IVVD","275363616","0.9342","United States"
"8607","Saratoga Investment","SAR","275144480","17.11","United States"
"8608","The Pearl REIF","PRFD.OM","275051183","0.465056","Oman"
"8609","Prosperity Real Estate Investment Trust","0808.HK","274693420","0.171461","Hong Kong"
"8610","Medallion Financial Corp.","MFIN","274604576","11.96","United States"
"8611","GE Power India","GEPIL.NS","274557971","4.07664","India"
"8612","MGP Ingredients","MGPI","274528448","12.82","United States"
"8613","The Metals Royalty Company","TMCR","274375104","4.07","Canada"
"8614","CAB Payments","CABP.L","274321867","1.08059","United Kingdom"
"8615","Indorama Synthetics","INDORAMA.NS","274197379","1.05011","India"
"8616","Millennium &amp; Copthorne Hotels New Zealand","MCK.NZ","273994329","1.73175","New Zealand"
"8617","Propel Funeral Partners","PFP.AX","273953048","1.98555","Australia"
"8618","Qatar Industrial Manufacturing Company","QIMD.QA","273892739","0.576374","Qatar"
"8619","Intracom Holdings","INTRK.AT","273743885","3.29883","Greece"
"8620","Middlefield Banc","MBCN","273627936","33.67","United States"
"8621","Mount Gibson Iron","MGX.AX","273304898","0.23153","Australia"
"8622","Coveo Solutions","CVO.TO","273074010","2.93827","Canada"
"8623","Coop Pank AS","CPA1T.TL","272869937","2.63337","Estonia"
"8624","Chicago Atlantic Real Estate Finance","REFI","272865184","10.65","United States"
"8625","Incap Oyj","ICP1V.HE","272747175","9.32772","Finland"
"8626","Anika Therapeutics","ANIK","272611040","20.37","United States"
"8627","Groupe Pizzorno Environnement","GPE.PA","272601808","70.5267","France"
"8628","Al Kout Industrial Projects Company","ALKOUT.KW","272261594","2698.31","Kuwait"
"8629","Giordano","0709.HK","271994829","0.168274","Hong Kong"
"8630","Acrow Limited","ACF.AX","271872027","0.645478","Australia"
"8631","Lexeo Therapeutics","LXEO","271711776","3.31","United States"
"8632","Edisun Power Europe","ESUN.SW","271684948","85.871","Switzerland"
"8633","So-Young International","SY","271658560","2.7","China"
"8634","ADF Group","DRX.TO","271454640","9.50699","Canada"
"8635","TOP Financial Group Limited","TOP","271309856","2.06","Hong Kong"
"8636","Xperi","XPER","271171328","5.56","United States"
"8637","OraSure Technologies","OSUR","271046688","3.93","United States"
"8638","Metro Mining","MMI.AX","270764768","0.877008","Australia"
"8639","Brinova Fastigheter","BRIN-B.ST","270423431","1.17442","Sweden"
"8640","Halwani Bros","6001.SR","270333291","7.64579","Saudi Arabia"
"8641","Frontier Developments","FDEV.L","270165311","7.97943","United Kingdom"
"8642","Gateway Distriparks","GATEWAY.NS","270044008","0.540473","India"
"8643","United Carton Industries Company","1323.SR","270026905","6.75067","Saudi Arabia"
"8644","National Bankshares","NKSH","269923168","42.37","United States"
"8645","Commerce.com","CMRC","269706016","3.255","United States"
"8646","Alamar Foods Company","6014.SR","269422169","10.5656","Saudi Arabia"
"8647","Damaan Islamic Insurance Company (Beema)","BEMA.QA","269120854","1.3456","Qatar"
"8648","BCB Bancorp","BCBP","269078432","8.75","United States"
"8649","Cy4gate","CY4.MI","268798773","11.6255","Italy"
"8650","Capital A (Air Asia)","5099.KL","268796445","0.0600049","Malaysia"
"8651","Escalade Sports","ESCA","268713760","19.52","United States"
"8652","LCNB Corp.","LCNB","268421424","18.83","United States"
"8653","Hikal","HIKAL.NS","268207080","2.17523","India"
"8654","Neon Equity AG","D77.DE","268109250","6.08577","Germany"
"8655","SKY Network Television Limited","SKT.NZ","268026066","1.9468","New Zealand"
"8656","USANA","USNA","267909744","14.5","United States"
"8657","Automatic Bank Services","SHVA.TA","267892636","6.66862","Israel"
"8658","Westwing Group","WEW.DE","267858539","14.2191","Germany"
"8659","Ainsworth Game Technology","AGI.AX","267606213","0.79457","Australia"
"8660","Greenwich LifeSciences","GLSI","267436944","18.22","United States"
"8661","Jeju Air","089590.KS","267290234","3.31745","South Korea"
"8662","TriSalus Life Sciences","TLSI","267233776","4.34","United States"
"8663","Al-Deera Holding Company","ALDEERA.KW","266503154","1625.49","Kuwait"
"8664","Afentra","AET.L","266501137","0.98473","United Kingdom"
"8665","STINAG Stuttgart Invest","STG.F","266363856","16.9982","Germany"
"8666","GoPro","GPRO","266199712","1.29","United States"
"8667","Strattec Security","STRT","266185808","66.92","United States"
"8668","Automotive Axles","AUTOAXLES.NS","265935484","17.5977","India"
"8669","Palladyne AI","PDYN","265934576","5.39","United States"
"8670","Federal-Mogul Goetze","FMGOETZE.NS","265815983","4.7781","India"
"8671","Outdoor Holding Company","POWW","265779520","2.29","United States"
"8672","Race Oncology","RAC.AX","265497127","1.3541","Australia"
"8673","Ioneer","IONR","265454800","3.31","Australia"
"8674","Sutro Biopharma","STRO","264967104","15.98","United States"
"8675","Bodal Chemicals","BODALCHEM.NS","264943060","2.10366","India"
"8676","Somany Ceramics","SOMANYCERA.NS","264923346","6.45953","India"
"8677","Oman Flour Mills","OFMI.OM","264819123","1.52507","Oman"
"8678","Microvast","MVST","264598176","0.6881","United States"
"8679","JDC Group AG","JDC.DE","264313004","19.338","Germany"
"8680","Kingstone Companies","KINS","264189424","18.25","United States"
"8681","Sanam Real Estate Company","SANAM.KW","263733479","1141.09","Kuwait"
"8682","Emperor Watch &amp; Jewellery","0887.HK","263650539","0.036332","Hong Kong"
"8683","Sinad Holding Company","4080.SR","262966463","2.08061","Saudi Arabia"
"8684","Blend Labs","BLND","262529776","1.11","United States"
"8685","Sasken Technologies","SASKEN.NS","262428686","17.2747","India"
"8686","Compagnie Du Mont-Blanc","MLCMB.PA","262239974","291.207","France"
"8687","Virginia National Bankshares","VABK","262203888","48.33","United States"
"8688","SHUAA Capital","SHUAA.AE","262013465","0.0716075","United Arab Emirates"
"8689","Pure Cycle (water)","PCYO","261938416","10.87","United States"
"8690","COG Financial Services","COG.AX","261859078","1.22781","Australia"
"8691","EnviTec Biogas","ETG.DE","261830283","17.6317","Germany"
"8692","American Realty Investors","ARL","261824608","16.21","United States"
"8693","EVI Industries","EVI","261820560","20.33","United States"
"8694","Huuuge","HUG.WA","261583853","5.84583","United States"
"8695","Slam Corp","SLMWF","261266432","11.14","United States"
"8696","Kingsway Corporation","KWY","261246928","9.03","Canada"
"8697","Q32 Bio","QTTB","261078224","8.77","United States"
"8698","Skel fjárfestingafélag","SKEL.IC","260550732","0.139639","Iceland"
"8699","Al Ramz Corporation Investment and Development","ALRAMZ.AE","260524273","0.473753","United Arab Emirates"
"8700","Lineage Cell Therapeutics","LCTX","260494672","1.03","United States"
"8701","Richardson Electronics","RELL","260421104","17.52","United States"
"8702","Martifer SGPS","MAR.LS","260282955","2.66181","Portugal"
"8703","Perma-Pipe International","PPIH","260114976","31.74","United States"
"8704","Aurora Cannabis","ACB","259571232","4.1","Canada"
"8705","BAUER AG","B5A0.HM","259468376","6.02889","Germany"
"8706","Oryzon Genomics","ORY.MC","259176205","3.16233","Spain"
"8707","BRT Apartments","BRT","258783424","13.77","United States"
"8708","Knowit","KNOW.ST","258641665","9.49574","Sweden"
"8709","Fonix Mobile","FNX.L","258215404","2.64501","United Kingdom"
"8710","Jumbo Interactive Limited","JIN.AX","258184387","4.08335","Australia"
"8711","AFT Pharmaceuticals","AFT.NZ","258159707","2.4618","New Zealand"
"8712","Jack in the Box","JACK","258057888","13.455","United States"
"8713","Bicycle Therapeutics","BCYC","257923728","3.685","United Kingdom"
"8714","AIAI Holdings Corporation","AIAI","257878304","3.64","United States"
"8715","Omega Flex","OFLX","257808992","25.54","United States"
"8716","AerSale","ASLE","257724528","5.4","United States"
"8717","Neowiz Games","095660.KQ","257723259","13.1668","South Korea"
"8718","U.S. Gold Corp","USAU","257681856","15.59","United States"
"8719","AudioCodes","AUDC","257468784","10.66","Israel"
"8720","Far East Consortium International","0035.HK","257379129","0.0841372","Hong Kong"
"8721","Tristel","TSTL.L","257215245","5.35046","United Kingdom"
"8722","Aviat Networks","AVNW","257182928","20.09","United States"
"8723","Bpost","13B.F","257082318","1.28541","Belgium"
"8724","CM.com","CMCOM.AS","256965526","7.73518","Netherlands"
"8725","Onity Group","ONIT","256901488","30.75","United States"
"8726","Aeluma","ALMU","256040784","13.29","United States"
"8727","BEST S.A.","BST.WA","256026716","8.98958","Poland"
"8728","Gencor Industries","GENC","255923456","17.46","United States"
"8729","E. W. Scripps Company","SSP","255766416","2.76","United States"
"8730","Orient Cement","ORIENTCEM.NS","255631562","1.24419","India"
"8731","Zentalis Pharmaceuticals","ZNTL","255614160","2.7","United States"
"8732","Brockhaus Technologies","BKHT.DE","255516790","24.4568","Germany"
"8733","Fintel Plc","FNTL.L","255497542","2.45215","United Kingdom"
"8734","Pizza Pizza","PZA.TO","255480021","7.55756","Canada"
"8735","Conduent","CNDT","255054112","1.64","United States"
"8736","Information Services Group","III","254654832","5.26","United States"
"8737","Arabian Shield Cooperative Insurance Company","8070.SR","254094031","3.18353","Saudi Arabia"
"8738","Eleco","ELCO.L","253957857","3.04215","United Kingdom"
"8739","MCH Group","MCHN.SW","253759553","8.20224","Switzerland"
"8740","Portillo's","PTLO","253452784","3.495","United States"
"8741","InfuSystem","INFU","253147360","12.71","United States"
"8742","Kore Potash plc","KP2.L","252814439","0.0488442","United Kingdom"
"8743","Palisade Bio","PALI","252692320","1.45","United States"
"8744","AB Dynamics","ABDP.L","252281848","11.0214","United Kingdom"
"8745","Siyaram Silk Mills","SIYSIL.NS","252090180","5.55631","India"
"8746","B&amp;G Foods","BGS","251954576","3.1","United States"
"8747","Delegat","DGL.NZ","251823924","2.4901","New Zealand"
"8748","Aspo Oyj","ASPO.HE","251679411","8.03094","Finland"
"8749","KinderCare Learning Companies","KLC","251256096","2.12","United States"
"8750","OpGen","OPGN","251197920","24.75","United States"
"8751","Kaldalón","KALD.IC","250946291","0.19616","Iceland"
"8752","AC Immune","ACIU","250555856","2.52","Switzerland"
"8753","IVE Group","IGL.AX","250286272","1.63474","Australia"
"8754","Silver Bow Mining","SBMT","249811104","8.46","United States"
"8755","The Hackett Group","HCKT","249525056","10.03","United States"
"8756","Prodware","ALPRO.PA","249520944","32.0917","France"
"8757","Ecoener","ENER.MC","249266688","4.37948","Spain"
"8758","Mitsubishi Steel Mfg.","5632.T","249255863","16.484","Japan"
"8759","Andrew Peller","ADW-A.TO","248858137","5.65052","Canada"
"8760","High Tide","HITI","248707888","2.79","Canada"
"8761","Alliance Entertainment","AENT","248671968","4.88","United States"
"8762","Bank Ochrony Srodowiska","BOS.WA","248635181","2.67609","Poland"
"8763","Neobo Fastigheter","NEOBO.ST","248460906","1.78171","Sweden"
"8764","Akebia Therapeutics","AKBA","248342608","0.8962","United States"
"8765","National Cleaning Company","CLEANING.KW","248216574","1007.8","Kuwait"
"8766","Vuzix","VUZI","248177840","2.94","United States"
"8767","Stelrad Group","SRAD.L","248142004","1.94847","United Kingdom"
"8768","AS Tallinna Vesi","TVE1T.TL","247980883","12.399","Estonia"
"8769","Absa Bank","ABSP.JO","247926000","55.3035","South Africa"
"8770","National General Insurance Company","NGI.AE","247909314","1.50294","United Arab Emirates"
"8771","SIGA Technologies","SIGA","247881504","3.45","United States"
"8772","EaseMyTrip","EASEMYTRIP.NS","247821234","0.062194","India"
"8773","BTG Consulting plc","BTG.L","247694011","1.5349","United Kingdom"
"8774","Grammer AG","GMM.DE","247588372","16.6079","Germany"
"8775","Eagle Financial Services","EFSI","247419040","45.72","United States"
"8776","Prim, S.A.","PRM.MC","247203415","14.5603","Spain"
"8777","Raoom trading Company","4144.SR","246423528","19.7139","Saudi Arabia"
"8778","PAMT Corp","PAMT","246071504","11.75","United States"
"8779","Jassim Transport &amp; Stevedoring Company","JTC.KW","246051710","1355.66","Kuwait"
"8780","CAMP4 Therapeutics","CAMP","245992544","3.92","United States"
"8781","A'ayan Real Estate Company K.S.C.P.","AAYANRE.KW","245926223","591.678","Kuwait"
"8782","Chinese Estates Holdings","0127.HK","245616303","0.128755","Hong Kong"
"8783","Australian Finance Group","AFG.AX","245546083","0.908581","Australia"
"8784","Tredegar","TG","245520656","7.05","United States"
"8785","Econocom Group","ECONB.BR","245315520","1.50722","Belgium"
"8786","LX Hausys","108670.KS","244817178","24.5314","South Korea"
"8787","TerrAscend","TSND.TO","244795145","0.656872","Canada"
"8788","Richmond Mutual Bancorporation","RMBI","244734432","15.26","United States"
"8789","Genfit","GNFT","244433360","4.85","France"
"8790","Hindustan Sanitaryware &amp; Industries","HSIL.NS","244173718","3.77","India"
"8791","Al Dhafra Insurance","DHAFRA.AE","243676661","2.44","United Arab Emirates"
"8792","AB Amber Grid","AMG1L.VS","243497916","1.36503","Lithuania"
"8793","Herfy Food Services Company","6002.SR","243474007","3.76429","Saudi Arabia"
"8794","Infinity Natural Resources","INR","243464896","13.06","United States"
"8795","Verve Group SE","VER.ST","243256729","1.21558","Sweden"
"8796","Treatt plc","TET.L","242795520","4.11273","United Kingdom"
"8797","Third Harmonic Bio","THRD","242787568","5.38","United States"
"8798","APB Apranga","APG1L.VS","242778926","4.39085","Lithuania"
"8799","Wayi International Digital Entertainment","3086.TWO","242687545","0.889909","Taiwan"
"8800","Vp plc","VP.L","242505188","6.137","United Kingdom"
"8801","Webzen","069080.KQ","242488241","8.56945","South Korea"
"8802","Greenland Energy Company","GLND","242265264","5.54","United States"
"8803","Al-Arabiya Real Estate Company","ARABREC.KW","242196678","627.438","Kuwait"
"8804","Immersion Corporation","IMMR","241739984","7.28","United States"
"8805","BitFuFu","FUFU","241710128","1.45","Singapore"
"8806","CLS Holdings plc","CLI.L","241592447","0.601771","United Kingdom"
"8807","Vanquis Banking Group","VANQ.L","241558727","0.964954","United Kingdom"
"8808","Lyell Immunopharma","LYEL","241375632","9.85","United States"
"8809","Lightbridge Corporation","LTBR","241372896","6.85","United States"
"8810","Kitex Garments","KITEX.NS","241357797","1.20981","India"
"8811","Niagen Bioscience","NAGE","241334304","3.05","United States"
"8812","Integrated Wind Solutions","IWS.OL","241230337","6.03754","Norway"
"8813","enCore Energy","EU","240908416","1.24","Canada"
"8814","Manazel","MANAZEL.AE","240701408","0.09","United Arab Emirates"
"8815","Acme United","ACU","240572400","62.75","United States"
"8816","Capital B","ALCPB.PA","240387990","6.28597","France"
"8817","A2Z Cust2Mate Solutions","AZ","239944240","5.45","Canada"
"8818","Entrada Therapeutics","TRDA","239849872","6.16","United States"
"8819","ChargePoint","CHPT","239773408","8.93","United States"
"8820","eVISO S.p.A.","EVISO.MI","239769794","10.7724","Italy"
"8821","Instabank ASA","INSTA.OL","239568079","0.5154","Norway"
"8822","Najran Cement Company","3002.SR","239215160","1.4519","Saudi Arabia"
"8823","Corporate Travel Management","CTD.AX","239205062","1.63474","Australia"
"8824","Indoco Remedies","INDOCO.NS","239158059","2.59465","India"
"8825","FuRyu","6238.T","239053967","9.02542","Japan"
"8826","Qoria Limited","QOR.AX","239024705","0.169663","Australia"
"8827","Laboratorio Reig Jofre","RJF.MC","238990688","2.91207","Spain"
"8828","Al Imtiaz Investment Group Company","ALIMTIAZ.KW","238777848","231.469","Kuwait"
"8829","Munshaat Real Estate Projects Company","MUNSHAAT.KW","238673609","741.222","Kuwait"
"8830","Transgene SA","TNG.PA","238658421","0.857695","France"
"8831","GDI Property Group","GDI.AX","238608124","0.442012","Australia"
"8832","Pyxis Oncology","PYXS","238547008","2.86","United States"
"8833","Apollo Pipes","APOLLOPIPE.NS","238470350","5.42973","India"
"8834","Hindustan Oil Exploration Company","HINDOILEXP.NS","238310696","1.80206","India"
"8835","Yatsen Holding","YSG","238253392","2.54","China"
"8836","MacroGenics","MGNX","238238704","3.74","United States"
"8837","QumulusAI, Inc.","QMLS","238224624","7.12","United States"
"8838","Adgar Investments and Development","ADGR.TA","237392913","1.25652","Israel"
"8839","Coronado Global Resources","CRN.AX","237199343","0.126289","Australia"
"8840","Acadian Timber","ADN.TO","237177504","12.6289","Canada"
"8841","Dustin Group","DUST.ST","237094655","0.174657","Sweden"
"8842","SEACOR Marine","SMHI","236869552","8.73","United States"
"8843","Sharjah Cement and Industrial Development","SCIDC.AE","236822817","0.39","United Arab Emirates"
"8844","029 Group","Z29.DE","236605613","47.3211","Germany"
"8845","RideNow Group","RDNW","236407184","6.06","United States"
"8846","Wawel","WWL.WA","236290775","182.909","Poland"
"8847","Vátryggingafélag Íslands","SKAGI.IC","236255413","0.120289","Iceland"
"8848","Sionna Therapeutics","SION","236136224","5.23","United States"
"8849","Rane Holdings","RANEHOLDIN.NS","235667903","16.5059","India"
"8850","Gentrack Group","GTK.NZ","235482862","2.09394","New Zealand"
"8851","FreightCar America","RAIL","235441392","7.18","United States"
"8852","Utah Medical Products","UTMD","235433824","74.18","United States"
"8853","Solar A/S","SOLAR-B.CO","234875678","29.5471","Denmark"
"8854","Teixeira Duarte","TDSA.LS","234819695","0.559095","Portugal"
"8855","Torrid Holding","CURV","234340656","2.35","United States"
"8856","Ayyan Investment Company","2140.SR","234318530","2.32837","Saudi Arabia"
"8857","Síminn hf.","SIMINN.IC","233592202","0.102236","Iceland"
"8858","Atrys Health","ATRY.MC","233571728","3.07701","Spain"
"8859","Global Water Resources","GWRS","233242368","8.1","United States"
"8860","ProQR Therapeutics","PRQR","232846416","1.65","Netherlands"
"8861","Daikoku Denki","6430.T","232574919","15.9107","Japan"
"8862","Ares Commercial Real Estate","ACRE","232465856","4.19","United States"
"8863","One Stop Systems","OSS","231491344","9.28","United States"
"8864","BTB Real Estate Investment Trust","BTB-UN.TO","231102906","2.59217","Canada"
"8865","ZE PAK SA","ZEP.WA","231082148","4.54675","Poland"
"8866","Stille AB","STIL.ST","230896529","25.6967","Sweden"
"8867","Genel Energy","GENL.L","230847502","0.837707","United Kingdom"
"8868","HMH Holding","HMH","230736688","19.16","United States"
"8869","Dave & Buster's","PLAY","230578864","6.62","United States"
"8870","First Internet Bancorp","INBK","230479008","26.39","United States"
"8871","Keros Therapeutics","KROS","230391920","11.62","United States"
"8872","Koskisen Oyj","KOSKI.HE","230227908","9.55523","Finland"
"8873","Peoples Bancorp of North Carolina","PEBK","230094192","43.24","United States"
"8874","Pro-Dex","PDEX","229903264","71.77","United States"
"8875","Meridian Corporation","MRBK","229872768","19.27","United States"
"8876","Etteplan","ETTE.HE","229779286","9.10022","Finland"
"8877","Nanexa AB","NANEXA.ST","229726429","1.20253","Sweden"
"8878","BRC Group Holdings","RILY","229540608","5.71","United States"
"8879","Streamwide","ALSTW.PA","229431021","84.8595","France"
"8880","Imperial Petroleum","IMPP","229233248","5.07","Greece"
"8881","Chicago Atlantic BDC","LIEN","229118720","10.04","United States"
"8882","Salalah Port Services Company","SPSI.OM","228943427","1.27306","Oman"
"8883","Community Bancorp","CMTV","228628816","40.82","United States"
"8884","Sporting Clube de Portugal","SCP.LS","228620719","1.13184","Portugal"
"8885","Synthomer","SYNT.L","228604992","1.39441","United Kingdom"
"8886","Midwich Group","MIDW.L","228560370","2.21456","United Kingdom"
"8887","AIRO Group Holdings","AIRO","228464832","7.24","United States"
"8888","American Well","AMWL","228427632","13.43","United States"
"8889","Kolibri Global Energy","KGEI","228196752","6.35","United States"
"8890","Turtle Beach Corp","TBCH","228169728","12.74","United States"
"8891","Amlak International Finance Company","1182.SR","228086949","2.23779","Saudi Arabia"
"8892","Ascom Holding","ASCN.SW","228050370","6.92741","Switzerland"
"8893","SmartRent","SMRT","228018048","1.19","United States"
"8894","Squirrel Media","SQRL.MC","227966505","2.37743","Spain"
"8895","Cosmo First","COSMOFIRST.NS","227901206","8.77956","India"
"8896","Asure Software","ASUR","227857888","7.89","United States"
"8897","Geojit Financial Services","GEOJITFSL.NS","227682709","0.81571","India"
"8898","Security National Financial Corporation","SNFCA","227626016","8.74","United States"
"8899","Nature's Sunshine Products","NATR","227334112","12.92","United States"
"8900","AstroNova, Inc.","ALOT","227316416","28.99","United States"
"8901","Saudi Advanced Industries Company","2120.SR","227279758","3.8522","Saudi Arabia"
"8902","Jin Air","272450.KS","227062156","4.4061","South Korea"
"8903","OP Bancorp (Open Bank)","OPBK","226677104","15.18","United States"
"8904","Powersoft","PWS.MI","226518897","17.6317","Italy"
"8905","Vecima Networks","VCM.TO","226350031","9.30922","Canada"
"8906","Celtic","CCP.L","226116470","2.37792","United Kingdom"
"8907","Teract S.A.","TRACT.PA","226045906","3.23688","France"
"8908","Repco Home Finance","REPCOHOME.NS","225993871","3.61236","India"
"8909","KAMCO Investment Company","KAMCO.KW","225921723","659.948","Kuwait"
"8910","technotrans","TTR1.DE","225907599","32.7039","Germany"
"8911","Icelandair","ICEAIR.IC","225578634","0.00548583","Iceland"
"8912","TAKKT AG","TTK.DE","225452752","3.52065","Germany"
"8913","Compugen","CGEN","225443472","2.38","Israel"
"8914","Nu Skin","NUS","225372816","4.63","United States"
"8915","Archer Limited","ARCH.OL","225263101","2.26408","Norway"
"8916","FNM S.p.A.","FNM.MI","225094604","0.517575","Italy"
"8917","FutureFuel","FF","224580192","5.12","United States"
"8918","Salam International Investment","SIIS.QA","224546490","0.196429","Qatar"
"8919","Bonei Hatichon Civil Engineering &amp; Infrastructures","BOTI.TA","224203610","13.7282","Israel"
"8920","Cartesian Therapeutics","RNAC","224192160","7.41","United States"
"8921","CF Bankshares","CFBK","224046224","34.51","United States"
"8922","AFC Energy","AFC.L","223969920","0.197071","United Kingdom"
"8923","MBIA","MBI","223962176","4.39","United States"
"8924","Enter Air","ENT.WA","223803700","12.7569","Poland"
"8925","Computer Modelling Group","CMG.TO","223658464","2.86764","Canada"
"8926","Resimac Group Limited","RMC.AX","223392173","0.564793","Australia"
"8927","Sovereign Metals","SVM.AX","223209979","0.340279","Australia"
"8928","Volati AB","VOLO.ST","221940682","2.40405","Sweden"
"8929","Gulf Hotels Group","GHG.BH","221857527","0.777395","Bahrain"
"8930","Smart Sand","SND","221747088","5.23","United States"
"8931","Bang &amp; Olufsen A/S","BO.CO","221747077","1.55495","Denmark"
"8932","RGC Resources","RGCO","221728160","21.28","United States"
"8933","Delta Plus Group","ALDLT.PA","221620433","30.9407","France"
"8934","A'Saffa Foods","SPFI.OM","221044425","1.84204","Oman"
"8935","Anavex Life Sciences","AVXL","220618496","2.38","United States"
"8936","MJ Gleeson plc","GLE.L","220605225","3.78163","United Kingdom"
"8937","Crest Nicholson Holdings plc","CRST.L","220564061","0.859048","United Kingdom"
"8938","Electreon Wireless","ELWS.TA","220497569","14.5947","Israel"
"8939","Kuwait Financial Centre "Markaz”","MARKAZ.KW","220420786","455.137","Kuwait"
"8940","BrainChip","BRN.AX","220338780","0.0912089","Australia"
"8941","Rare Earths Americas","REA","220290960","11.04","United States"
"8942","centrotherm international","CTNK.F","220265920","10.4084","Germany"
"8943","Al Eid Food Company","ALEID.KW","220168570","704.731","Kuwait"
"8944","Ready Capital","RC","220129632","1.33","United States"
"8945","StarragTornos Group","STGN.SW","220106983","40.2896","Switzerland"
"8946","Angi Inc.","ANGI","219814896","5.42","United States"
"8947","Protalix BioTherapeutics","PLX","219154864","2.72","Israel"
"8948","LoveSac","LOVE","219091936","15.19","United States"
"8949","Sol-Gel Technologies","SLGL","218866832","66.85","Israel"
"8950","Spok Holdings","SPOK","218803696","10.46","United States"
"8951","Lubelski Wegiel Bogdanka","LWB.WA","218721297","6.43041","Poland"
"8952","Netfonds AG","NF4.DE","218661115","93.846","Germany"
"8953","Myer Holdings","MYR.AX","218574571","0.126289","Australia"
"8954","Kafrit Industries","KAFR.TA","218539998","9.0533","Israel"
"8955","Riber S.A.","ALRIB.PA","218514220","10.397","France"
"8956","Silver Mines Limited","SVL.AX","217997884","0.0982249","Australia"
"8957","MTI Ltd.","9438.T","217914229","3.92354","Japan"
"8958","Stellus Capital Investment Corporation","SCM","217871520","7.65","United States"
"8959","Nelco","NELCO.NS","217855231","9.54735","India"
"8960","Al Khaleej Training and Education Company","4290.SR","217838390","3.35136","Saudi Arabia"
"8961","Alector","ALEC","217730992","1.95","United States"
"8962","Liontrust Asset Management PLC","LIO.L","217325060","3.51254","United Kingdom"
"8963","Hudson Technologies","HDSN","217176896","5.16","United States"
"8964","Forrester Research","FORR","217044592","11.4","United States"
"8965","Diaceutics PLC","DXRX.L","216888985","2.55487","United Kingdom"
"8966","BRCK Group","BRCK.L","216791959","0.670621","United Kingdom"
"8967","PennantPark Investment","PNNT","216783040","3.32","United States"
"8968","Gamania Digital","6180.TWO","216391183","1.27669","Taiwan"
"8969","Homeland Interactive Technology","3798.HK","216273146","0.171461","China"
"8970","TROOPS, Inc.","TROO","216223488","1.77","Hong Kong"
"8971","CARGO Therapeutics","CRGX","216188416","4.47","United States"
"8972","Pantheon Resources","PANR.L","215852412","0.148057","United Kingdom"
"8973","Prakash Industries","PRAKASH.NS","215816107","1.20513","India"
"8974","Immobel","IMMO.BR","215815005","21.1011","Belgium"
"8975","Josef Manner &amp; Comp","MAN.VI","215704172","114.129","Austria"
"8976","Smiths News","SNWS.L","215586806","0.890727","United Kingdom"
"8977","Eledon Pharmaceuticals","ELDN","215342064","2.65","United States"
"8978","Lifetime Brands","LCUT","215175504","9.36","United States"
"8979","Kogan.com Ltd","KGN.AX","215163303","2.25216","Australia"
"8980","Gati","GATI.NS","215137993","1.65","India"
"8981","Al-Maha Petroleum","MHAS.OM","215120809","3.11769","Oman"
"8982","Modiv Industrial","MDV","215101808","18.05","United States"
"8983","Iberpapel Gestión","IBG.MC","215059723","19.7361","Spain"
"8984","Bgin Blockchain","BGIN","214958288","1.9","Singapore"
"8985","Oman Oil Marketing Company (oomco)","OOMS.OM","214916210","3.5074","Oman"
"8986","Appen","APX.AX","214773703","0.799832","Australia"
"8987","Orrön Energy","ORRON.ST","214665066","0.750826","Sweden"
"8988","Sidus Space","SIDU","214597680","2.12","United States"
"8989","Scientific and Medical Equipment House Company","4014.SR","214188666","7.13962","Saudi Arabia"
"8990","Saudi Arabian Refineries Company","2030.SR","213988859","14.2659","Saudi Arabia"
"8991","Nova Minerals","NVA","213813872","5.6","Australia"
"8992","Limoneira","LMNR","213595056","11.78","United States"
"8993","Hong Kong Ferry","0050.HK","213464656","0.599159","Hong Kong"
"8994","Oriola","OKDBV.HE","213327213","1.17525","Finland"
"8995","Whitehawk Therapeutics","WHWK","213213696","3.74","United States"
"8996","Chargeurs","CRI.PA","213012812","8.81583","France"
"8997","AB KN Energies","KNE1L.VS","212893999","0.559663","Lithuania"
"8998","Nobia AB","NOBI.ST","212829922","1.40549","Sweden"
"8999","National CineMedia","NCMI","212599200","2.26","United States"
"9000","Olimpo Real Estate","YORE.MC","212499996","1.08065","Spain"
"9001","Feintool International","FTON.SW","212456278","14.4321","Switzerland"
"9002","Exco Technologies Limited","XTC.TO","212350946","5.66464","Canada"
"9003","Eleving Group","OT8.F","212259969","1.82004","Luxembourg"
"9004","Helios Underwriting","HUW.L","211897203","3.04862","United Kingdom"
"9005","KCP Limited","KCP.NS","211237838","1.6385","India"
"9006","Banco de Brasília","BSLI3.SA","211007966","0.434011","Brazil"
"9007","Omaxe","OMAXE.NS","210975709","1.14877","India"
"9008","Spandana Sphoorty Financial","SPANDANA.NS","210863954","2.37889","India"
"9009","Neostellar Capital Corp.","NSLR","210726848","7.96","United States"
"9010","RCI Hospitality Holdings","RICK","210682416","27.56","United States"
"9011","Sudatel Telecommunications Group","SUDATEL.AE","210602515","0.15","Sudan"
"9012","Digital Bros","DIB.MI","210573845","14.6741","Italy"
"9013","Profound Medical","PROF","210472384","5.76","Canada"
"9014","GreenX Metals","GRX.AX","210317996","0.673542","Australia"
"9015","Bergbahnen Engelberg-Trübsee-Titlis","TIBN.SW","210131325","62.5391","Switzerland"
"9016","Deep Value Driller","DVD.OL","209988980","2.24567","Norway"
"9017","Smart Parking Limited","SPZ.AX","209533813","0.498141","Australia"
"9018","AB Vilkyskiu pienine","VLP1L.VS","209216456","17.5179","Lithuania"
"9019","Neuronetics","STIM","208780400","2.74","United States"
"9020","GoldMining Inc.","GLDG","208763312","0.9719","Canada"
"9021","Accsys Technologies","AXS.L","208302675","0.84566","United Kingdom"
"9022","Median Technologies SA","ALMDT.PA","208195048","4.24866","France"
"9023","Ohio Valley Banc Corp","OVBC","207990752","44.15","United States"
"9024","Foghorn Therapeutics","FHTX","207848608","3.5","United States"
"9025","India Glycols","INDIAGLYCO.NS","207734796","3.09928","India"
"9026","Warpaint London PLC","W7L.L","207318761","2.60458","United Kingdom"
"9027","Eagle Nice","2368.HK","207146986","0.36077","Hong Kong"
"9028","Khaleeji Bank","KHALEEJI.BH","206952538","0.981693","Bahrain"
"9029","Al Khaleej Takaful Insurance Company","AKHI.QA","206888223","0.81044","Qatar"
"9030","Arab Insurance Group","ARIG.BH","206854876","0.069","Bahrain"
"9031","Ajial Real Estate Entertainment Company","AREEC.KW","206059238","985.046","Kuwait"
"9032","Deoleo","OLE.MC","205892384","0.411785","Spain"
"9033","TOYA S.A.","TOA.WA","205824654","2.78001","Poland"
"9034","Rakon Limited","RAK.NZ","205791164","0.895488","New Zealand"
"9035","Core Molding Technologies","CMT","205386064","23.21","United States"
"9036","Arwana Citramulia Tbk","ARNA.JK","205383303","0.0292154","Indonesia"
"9037","Superior Group of Companies","SGC","205374192","12.88","United States"
"9038","GCT Semiconductor","GCTS","205092496","2.23","United States"
"9039","DHI Group","DHX","204328944","4.73","United States"
"9040","Vista Alegre Atlantis","VAF.LS","204055797","1.21715","Portugal"
"9041","Zumiez","ZUMZ","204050464","13.31","United States"
"9042","Taylor Devices","TAYD","203917696","63.23","United States"
"9043","Al Obeikan Glass Company","4145.SR","203916135","6.37238","Saudi Arabia"
"9044","KlaraBo Sverige","KLARA-B.ST","203661923","1.3551","Sweden"
"9045","GDEV Inc.","GDEV","203648480","11.22","Cyprus"
"9046","Valens Semiconductor","VLN","203566512","1.88","Israel"
"9047","cBrain","CBRAIN.CO","203529305","10.4069","Denmark"
"9048","Aumann AG","AAG.DE","203504852","15.7547","Germany"
"9049","Compass Therapeutics","CMPX","203499344","1.13","United States"
"9050","Greenpanel Industries","GREENPANEL.NS","203391068","1.65861","India"
"9051","American Resources Corp","AREC","203245408","1.9","United States"
"9052","Alta Equipment Group","ALTG","203187936","6.22","United States"
"9053","Sandnes Sparebank","SADG.OL","203079021","9.64521","Norway"
"9054","Motorcar Parts of America","MPAA","202585328","10.7","United States"
"9055","Orogen Royalties","OGN.V","202563168","3.4115","Canada"
"9056","Crexendo","CXDO","202515584","6.09","United States"
"9057","Eagle Eye Solutions Group","EYE.L","202321104","6.69371","United Kingdom"
"9058","Monash IVF Group","MVF.AX","202294108","0.519189","Australia"
"9059","Roche Bobois","RBO.PA","202086328","20.1342","France"
"9060","YAKUODO HOLDINGS","7679.T","202065994","10.3885","Japan"
"9061","APM Terminals Bahrain","APMTB.BH","201777667","2.49403","Bahrain"
"9062","Expensify","EXFY","201522528","2.21","United States"
"9063","Delta Corp","DELTACORP.NS","201407160","0.752162","India"
"9064","Polaris Renewable Energy","PIF.TO","201160280","9.62707","Canada"
"9065","Merlin, Inc.","MRLN","201124896","1.99","United States"
"9066","Cantabil Retail India","CANTABIL.NS","200987469","2.40306","India"
"9067","Quicklogic","QUIK","200762432","10.96","United States"
"9068","Rhinebeck Bancorp","RBKB","200609440","12.83","United States"
"9069","Kaltura","KLTR","200604864","1.315","United States"
"9070","Bahrain Islamic Bank","BISB.BH","200446173","2.24197","Bahrain"
"9071","Rajesh Exports","RAJESHEXPO.NS","200397839","0.678717","India"
"9072","Digital Domain","0547.HK","200388302","0.0251137","Hong Kong"
"9073","Zumtobel Group","ZAG.VI","200346804","4.73211","Austria"
"9074","DeFi Technologies","DEFI.NE","200104583","0.51561","Canada"
"9075","Groupe SFPI","SFPI.PA","199808144","2.16699","France"
"9076","AlphaPolis","9467.T","199724871","6.87257","Japan"
"9077","Americanas","AMER3.SA","199310478","0.995332","Brazil"
"9078","Gofore Oyj","GOFORE.HE","199107463","12.2625","Finland"
"9079","Draganfly","DPRO","198744592","5.35","Canada"
"9080","Better Home & Finance Holding Company","BETR","198535152","10.45","United States"
"9081","SES AI","SES","198453120","0.5345","United States"
"9082","Stoneridge","SRI","197663504","6.93","United States"
"9083","ADM Hamburg","OEL.F","197613008","263.906","Germany"
"9084","Grupo Casas Bahia S.A.","BHIA3.SA","197501943","0.194823","Brazil"
"9085","Newron Pharmaceuticals","NWRN.SW","197472780","9.65748","Italy"
"9086","HMS Bergbau","HMU.DE","197404140","43.4535","Germany"
"9087","Embention","ALUAV.PA","197324131","34.1258","Spain"
"9088","DeFi Development","DFDV","197029568","6.04","United States"
"9089","Nkarta","NKTX","196968176","2.75","United States"
"9090","TON Strategy Co.","TONX","196882352","3.575","United States"
"9091","Honda Siel Power Products","HONDAPOWER.NS","196838364","19.4062","India"
"9092","Oramed Pharmaceuticals","ORMP","196755472","4.73","United States"
"9093","Adagene","ADAG","196730000","2.93","China"
"9094","Frauenthal Holding","FKA.VI","196629274","25.2531","Austria"
"9095","Fabasoft","FAA.DE","196464233","18.6554","Austria"
"9096","Mechel PAO","MTLR.ME","196194181","0.48","Russia"
"9097","Burning Rock Biotech","BNR","196161984","18.6","China"
"9098","Franklin Covey","FC","195496928","17.31","United States"
"9099","ActiveOps Plc","AOM.L","195424609","2.7305","United Kingdom"
"9100","Landmark Bancorp","LARK","195034064","31.97","United States"
"9101","Rhythm Co.,Ltd.","7769.T","194729505","24.4584","Japan"
"9102","Comstock Inc.","LODE","194542192","2.56","United States"
"9103","Exacompta Clairefontaine","ALEXA.PA","194350435","171.767","France"
"9104","TPG Mortgage Investment Trust","MITT","194319248","6.11","United States"
"9105","Kuwait Portland Cement","PCEM.KW","194186897","1937.58","Kuwait"
"9106","Kongsberg Automotive ASA","KOA.OL","194154871","0.208053","Norway"
"9107","Xponential Fitness","XPOF","194106640","3.92","United States"
"9108","Oriental Aromatics","OAL.NS","193931416","5.76258","India"
"9109","Protara Therapeutics","TARA","193833200","3.28","United States"
"9110","RxSight","RXST","193824560","4.66","United States"
"9111","Mobico Group","MCG.L","193808534","0.318117","United Kingdom"
"9112","Züblin Immobilien","ZUBN.SW","193799522","58.45","Switzerland"
"9113","Perfect Corp.","PERF","193512480","1.9","Taiwan"
"9114","Fiducian Group Limited","FID.AX","193206920","6.10398","Australia"
"9115","ÖKOWORLD","VVV3.DE","192692284","29.917","Germany"
"9116","Akwel SA","AKW.PA","192642433","7.25742","France"
"9117","Ceragon Networks","CRNT","192601872","2.11","Israel"
"9118","Groupe Partouche","PARP.PA","192579060","20.0205","France"
"9119","BMMI Group","BMMI.BH","192311314","0.188379","Bahrain"
"9120","Global Financial Investments Holding SAOG","GFIC.OM","192257727","0.961289","Oman"
"9121","Al Safat Investment Company","ALSAFAT.KW","192110512","604.681","Kuwait"
"9122","Knights Group","KGH.L","192003221","2.23344","United Kingdom"
"9123","Al Hassan Ghazi Ibrahim Shaker","1214.SR","191926480","2.83454","Saudi Arabia"
"9124","Camellia Plc","CAM.L","191859644","75.9","United Kingdom"
"9125","Ontex Group","ONTEX.BR","191552919","2.39449","Belgium"
"9126","Marvelous","7844.T","191343360","3.42036","Japan"
"9127","Healius Limited","HLS.AX","191059465","0.263103","Australia"
"9128","Solvar Limited","SVR.AX","190961532","1.02084","Australia"
"9129","Reach plc","RCH.L","190722441","0.605085","United Kingdom"
"9130","Burgan Company for Well Drilling","ABAR.KW","190716065","747.724","Kuwait"
"9131","The Tourism Enterprise company (SHAMS)","4170.SR","190706888","3.29808","Saudi Arabia"
"9132","Arise AB","ARISE.ST","190647366","4.67444","Sweden"
"9133","Howa Machinery","6203.T","190638449","15.484","Japan"
"9134","Gefran","GE.MI","190625425","13.4228","Italy"
"9135","Future Care Trading Company","9544.SR","190478727","0.380957","Saudi Arabia"
"9136","Hester Biosciences","HESTERBIO.NS","190298910","22.37","India"
"9137","Steyr Motors AG","4X0.DE","189955740","36.1734","Germany"
"9138","Innate Pharma","IPHA","189890592","1.7","France"
"9139","Eurocash","EUR.WA","189460765","1.36143","Poland"
"9140","HKR International","0480.HK","189347183","0.127481","Hong Kong"
"9141","Hong Leong Capital","5274.KL","188836655","0.800882","Malaysia"
"9142","Octave Specialty Group","OSG","188765744","4.19","United States"
"9143","First Investment Company K.S.C.P.","ALOLA.KW","188482567","422.627","Kuwait"
"9144","Reliance Infrastructure","RELINFRA.NS","188378240","0.461506","India"
"9145","Beeks Financial Cloud Group","BKS.L","188361972","2.73713","United Kingdom"
"9146","PR TIMES Corporation","3922.T","188308557","13.9235","Japan"
"9147","China Yongda Automobiles Services","3669.HK","188266866","0.0994349","China"
"9148","Eurocell","ECEL.L","188154242","1.90207","United Kingdom"
"9149","Angel Oak Mortgage REIT","AOMR","188105600","7.55","United States"
"9150","Winton Land","WIN.NZ","188017094","0.633879","New Zealand"
"9151","Abdullah Saad Mohammed Abo Moati for Bookstores Company","4191.SR","187761425","9.38807","Saudi Arabia"
"9152","Red Hill Minerals Limited","RHI.AX","187464197","2.91868","Australia"
"9153","Emilia Development","EMDV.TA","187446561","6.68817","Israel"
"9154","Tharimmune","THAR","187371472","4.74","United States"
"9155","Hanover Bancorp","HNVR","187039296","26.51","United States"
"9156","Focusrite","TUNE.L","186938866","3.18117","United Kingdom"
"9157","Allgeier","AEIN.DE","186836205","16.7216","Germany"
"9158","SB Financial Group","SBFG","186714352","29.86","United States"
"9159","Victory Supermarket Chain","VCTR.TA","186678357","13.1581","Israel"
"9160","I.g. Petrochemicals","IGPL.NS","186568857","6.05844","India"
"9161","Byggma ASA","BMA.OL","186533744","2.67167","Norway"
"9162","Marti Technologies","MRT","186264368","2.15","Turkey"
"9163","M&amp;C Saatchi","SAA.L","186260938","1.56679","United Kingdom"
"9164","Melbourne Enterprises","0158.HK","186121699","7.44487","Hong Kong"
"9165","Catering International &amp; Services","ALCIS.PA","185742031","23.7743","France"
"9166","NoHo Partners","NOHO.HE","185284581","8.80446","Finland"
"9167","Springfield Properties","SPR.L","185236496","1.55082","United Kingdom"
"9168","Shell Oman Marketing Company","SOMS.OM","185113015","1.94856","Oman"
"9169","United Security Bancshares","UBFO","185027760","10.51","United States"
"9170","Visiativ SA","ALVIV.PA","184832369","40.1999","France"
"9171","Claros Mortgage Trust","CMTG","184820304","1.31","United States"
"9172","QLM Life &amp; Medical Insurance Company","QLMI.QA","184615379","0.527472","Qatar"
"9173","Kawai Musical Instruments Manufacturing","7952.T","184375509","21.433","Japan"
"9174","Huhtamaki India","HUHTAMAKI.NS","184261246","2.43984","India"
"9175","Vidhi Specialty Food","VIDHIING.NS","184191372","3.68788","India"
"9176","AN2 Therapeutics","ANTX","184152832","4.88","United States"
"9177","CuriosityStream","CURI","183947888","3.1","United States"
"9178","Al Wathba National Insurance","AWNIC.AE","183744485","0.89","United Arab Emirates"
"9179","WALLIX Group","ALLIX.PA","183619660","25.8787","France"
"9180","NRC Group ASA","NRC.OL","183359547","1.06235","Norway"
"9181","Tele Columbus","TC1.HM","182838334","0.311682","Germany"
"9182","Vente-Unique.com","ALVU.PA","182826231","18.8829","France"
"9183","Quantum-Si","QSI","182614832","0.8343","United States"
"9184","Toro Corp.","TORO","182473264","5.28","Cyprus"
"9185","Tiny Ltd.","TINY.V","182238623","6.19559","Canada"
"9186","Benchmark Holdings","BMK.L","182093816","0.295906","United Kingdom"
"9187","Citizens Inc","CIA","181808752","3.59","United States"
"9188","Westwood Holdings Group","WHG","181606192","19.03","United States"
"9189","Air Busan","298690.KS","181487150","1.1144","South Korea"
"9190","XRF Scientific Limited","XRF.AX","181481737","1.26289","Australia"
"9191","PTC Financial Services","PFS.NS","181463963","0.282529","India"
"9192","Organogenesis","ORGO","181431104","1.41","United States"
"9193","Nucleus Software Exports","NUCLEUS.NS","181416704","6.89134","India"
"9194","Aljazira Takaful Taawuni Company","8012.SR","181277148","2.74662","Saudi Arabia"
"9195","Praemium Limited","PPS.AX","181267371","0.371852","Australia"
"9196","ALX Oncology","ALXO","181142848","1.31","United States"
"9197","ECB Bancorp","ECBK","180870432","20.7","United States"
"9198","Healwell AI","AIDX.TO","180658130","0.540331","Canada"
"9199","Somec S.p.A.","SOM.MI","180552596","24.7981","Italy"
"9200","Hinduja Global Solutions","HGS.NS","180454513","3.87905","India"
"9201","Privatization Holding Company - K.P.S.C.","KPPC.KW","179963425","451.886","Kuwait"
"9202","Lafinca Global Assets","YLFG.MC","179706222","4.75486","Spain"
"9203","Epsilon Energy","EPSN","179582816","5.93","United States"
"9204","Rico Auto Industries","RICOAUTO.NS","179496782","1.3268","India"
"9205","Brouwerij Handelsmaatschappij","COBH.BR","179160500","2388.81","Belgium"
"9206","PepGen","PEPG","179148256","2.59","United States"
"9207","Arnarlax (Icelandic Salmon)","ISLAX.OL","179117545","5.7851","Iceland"
"9208","Deezer","DEEZR.PA","178948301","1.44466","France"
"9209","Haffner Energy","ALHAF.PA","178830017","0.955523","France"
"9210","MediWound","MDWD","178678256","13.84","Israel"
"9211","Lindsay Australia","LAU.AX","178590354","0.487617","Australia"
"9212","Sparta AG","SPT6.F","178587296","28.4382","Germany"
"9213","Seef Properties","SEEF.BH","178190507","1.31335","Bahrain"
"9214","Autosports Group","ASG.AX","178189170","0.834912","Australia"
"9215","Solana Company","HSDT","177748592","2.94","United States"
"9216","Verkkokauppa.com","VERK.HE","177671377","4.03822","Finland"
"9217","Al Buhaira National Insurance Company","ABNIC.AE","177657370","0.71","United Arab Emirates"
"9218","Prosafe SE","PRS.OL","177619097","0.50383","Norway"
"9219","Belpointe PREP, LLC","OZ","177591120","43.81","United States"
"9220","Amplify Energy","AMPY","177433600","4.28","United States"
"9221","MainStreet Bancshares","MNSB","176816320","24.83","United States"
"9222","BV Financial","BVFL","176781520","20.87","United States"
"9223","Basic Chemical Industries Company","1210.SR","176485869","6.41767","Saudi Arabia"
"9224","Polymetals Resources","POL.AX","176360985","0.571809","Australia"
"9225","Wendt India","WENDT.NS","176247526","88.1238","India"
"9226","Reit Azorim - H.F Living","AZRT.TA","176222939","1.73312","Israel"
"9227","Roularta Media Group","ROU.BR","176184820","14.2191","Belgium"
"9228","Chubb Arabia Cooperative Insurance Company","8240.SR","176039640","4.40099","Saudi Arabia"
"9229","Nihon Falcom","3723.T","175973989","17.8343","Japan"
"9230","Solidarity Bahrain","SOLID.BH","175908732","0.387371","Bahrain"
"9231","Cegedim SA","ALCGM.PA","175770651","12.8086","France"
"9232","Schaffer Corporation","SFC.AX","175685893","13.0639","Australia"
"9233","Private Equity Holding","PEHN.SW","175049574","72.8821","Switzerland"
"9234","Coherus BioSciences","CHRS","174586080","1.13","United States"
"9235","PLAID,Inc.","4165.T","174564034","4.29297","Japan"
"9236","NusaTrip","NUTR","174412512","9","Indonesia"
"9237","PEDEVCO","PED","174258288","13.11","United States"
"9238","Nynomic AG","M7U.DE","174102491","26.5044","Germany"
"9239","KFIC Invest (K.S.C.P)","KFIC.KW","173943607","581.925","Kuwait"
"9240","Specialities Group Holding Company","SPEC.KW","173809094","851.756","Kuwait"
"9241","Latécoère S.A.","LAT.PA","173779652","0.0136503","France"
"9242","Entech SA","ALESE.PA","173754590","11.8075","France"
"9243","Real Matters","REAL.TO","173682647","2.3379","Canada"
"9244","RADCOM","RDCM","173409584","10.36","Israel"
"9245","Journey Medical","DERM","173297792","6.14","United States"
"9246","Sport Lisboa e Benfica","SLBEN.LS","173199859","7.53043","Portugal"
"9247","Arbuthnot Banking Group","ARBB.L","173054724","10.6039","United Kingdom"
"9248","Hamat Group","HAMAT.TA","172976674","4.72048","Israel"
"9249","EuroGroup Laminations","EGLA.MI","172913366","1.06302","Italy"
"9250","Hathway","HATHWAY.NS","172787571","0.0976143","India"
"9251","Aptitude Software Group","APTD.L","172632774","3.22554","United Kingdom"
"9252","WildBrain","WILD.TO","172442009","0.812262","Canada"
"9253","Finance House","FH.AE","172338652","0.57","United Arab Emirates"
"9254","X-Legend Entertainment","4994.TW","172215667","2.59426","Taiwan"
"9255","Medical Facilities Corporation","DR.TO","172113025","10.6159","Canada"
"9256","1-800-Flowers.com, Inc.","FLWS","172016064","2.68","United States"
"9257","Precision BioSciences","DTIL","171681664","6.22","United States"
"9258","Deutsche Konsum REIT-AG","DKG.DE","171310126","1.55841","Germany"
"9259","Mengly J. Quach Education","MJQE.KH","171189089","0.53","Cambodia"
"9260","Accelya","ACCELYA.NS","171032348","11.4585","India"
"9261","Baozun","BZUN","170942448","2.94","China"
"9262","Renaissance Services","RNSS.OM","170750791","0.722266","Oman"
"9263","Ateme SA","ATEME.PA","170705708","14.5603","France"
"9264","ALIA MENTIS","ALMS.MI","170454032","5.53976","Italy"
"9265","Gesco SE","GSC1.DE","170356041","16.3804","Germany"
"9266","Westag AG","WUG3.F","170003481","37.5384","Germany"
"9267","Banan Real Estate Company","4324.SR","169965633","0.849828","Saudi Arabia"
"9268","Micro Systemation","MSAB-B.ST","169809730","9.19461","Sweden"
"9269","Atomera","ATOM","169754576","4.35","United States"
"9270","Unisys","UIS","169165008","2.32","United States"
"9271","Hexaom","ALHEX.PA","169144693","24.6843","France"
"9272","Tonix Pharmaceuticals","TNXP","169109088","9.86","United States"
"9273","Sabaf S.p.A.","SAB.MI","168860566","13.7072","Italy"
"9274","Allcargo Logistics","ALLCARGO.NS","168829697","0.11272","India"
"9275","Platinum Group Metals","PLG","168808352","1.32","Canada"
"9276","Italian Wine Brands","IWB.MI","168753857","18.1777","Italy"
"9277","Cadence Capital Limited","CDM.AX","168716582","0.564793","Australia"
"9278","Aimia","AIM.TO","168687998","1.91411","Canada"
"9279","Allianz Saudi Fransi Cooperative Insurance","8040.SR","168305353","2.82921","Saudi Arabia"
"9280","Tabuk Cement Company","3090.SR","168074175","1.86749","Saudi Arabia"
"9281","Koenig &amp; Bauer","SKB.DE","167860671","10.1581","Germany"
"9282","Société Marseillaise du Tunnel Prado-Carénage","ALTPC.PA","167335916","28.6657","France"
"9283","Bahrain Kuwait Insurance Company (GIG Bahrain)","BKIC.BH","167153097","1.03476","Bahrain"
"9284","Domo, Inc.","DOMO","166978368","3.55","United States"
"9285","Tingo Group","TIO","166947568","0.69","United States"
"9286","SKYX Platforms","SKYX","166580128","1.23","United States"
"9287","Injazzat Real Estate Development Company","INJAZZAT.KW","166306611","481.144","Kuwait"
"9288","Miyakoshi Holdings","6620.T","166171476","4.15284","Japan"
"9289","Lang &amp; Schwarz","LUS1.DE","165870891","17.5748","Germany"
"9290","Macfarlane Group","MACF.L","165861617","1.07484","United Kingdom"
"9291","Seven Hills Realty Trust","SEVN","165846352","7.32","United States"
"9292","Umm Al-Qura Cement Company","3005.SR","165716505","3.01303","Saudi Arabia"
"9293","Gévelot SA","ALGEV.PA","165286839","221.818","France"
"9294","Astec Lifesciences","ASTEC.NS","165230719","7.41536","India"
"9295","OneWater Marine","ONEW","165156288","9.91","United States"
"9296","Voyager Therapeutics","VYGR","165136112","2.68","United States"
"9297","Molecular Partners","MOLN","164712528","4.3","Switzerland"
"9298","Bastide Le Confort Médical","BLC.PA","164627583","22.523","France"
"9299","Jacktel AS","JACK.OL","164372082","0.636361","Norway"
"9300","ACRES Commercial Realty","ACR","164247680","10.48","United States"
"9301","Pharos Energy","PHAR.L","164123183","0.39632","United Kingdom"
"9302","Frontier Energy Limited","FHE.AX","163923485","0.147337","Australia"
"9303","Smartbroker Holding","SB1.DE","163784702","9.75998","Germany"
"9304","Al Anwar Investments SAOG","AAIC.OM","163781374","0.532606","Oman"
"9305","Abu Dhabi National Takaful","TKFL.AE","163535369","1.56","United Arab Emirates"
"9306","UmweltBank","UBK.DE","163349840","3.93584","Germany"
"9307","Banque nationale de Belgique","BNB.BR","163348875","408.372","Belgium"
"9308","James River Group","JRVR","163259104","3.53","Bermuda"
"9309","Archosaur Games","9990.HK","163248748","0.203969","China"
"9310","Atland SAS","ATLD.PA","163237325","37.6521","France"
"9311","Easy Lease Motorcycle Rental","EASYLEASE.AE","163199736","5.44","United Arab Emirates"
"9312","Easy Software","ESY.HM","163125301","21.613","Germany"
"9313","KORE Group","KORE","163005168","9.25","United States"
"9314","Naturhouse Health","NTH.MC","162984029","2.71869","Spain"
"9315","Hyderabad Industries Limited","HIL.NS","162818595","21.5914","India"
"9316","Fitaihi Holding Group","4180.SR","162639537","0.591416","Saudi Arabia"
"9317","Mayne Pharma Group","MYX.AX","162598190","1.98555","Australia"
"9318","Capacit'e Infraprojects","CAPACITE.NS","162536006","1.92114","India"
"9319","Leclanché","LECN.SW","162483489","0.101506","Switzerland"
"9320","Emirates Reem Investments Company","ERC.AE","162425822","0.507787","United Arab Emirates"
"9321","Analogue Holdings (ATAL)","1977.HK","162410305","0.116007","Hong Kong"
"9322","Minerva Neurosciences","NERV","162341712","3.4","United States"
"9323","Ten Square Games","TEN.WA","162308031","25.4618","Poland"
"9324","Quipt Home Medical","QIPT","162297152","3.65","United States"
"9325","Castings P.L.C.","CGS.L","162239869","3.73164","United Kingdom"
"9326","ADC Therapeutics","ADCT","162137968","1.27","Switzerland"
"9327","OPTiM","3694.T","162106378","2.9745","Japan"
"9328","Siljansvik AB","SIVI.ST","162047008","11.7844","Sweden"
"9329","Acumen Pharmaceuticals","ABOS","161990720","2.24","United States"
"9330","EDAP TMS","EDAP","161922176","4.32","France"
"9331","Dominion Hosting","DHH.MI","161897700","29.0069","Italy"
"9332","T’way Air","091810.KS","161221742","1.95295","South Korea"
"9333","Adairs Limited","ADH.AX","161032619","0.901565","Australia"
"9334","Niu Technologies","NIU","160793984","2.05","China"
"9335","SITE Centers","SITC","160574544","3.06","United States"
"9336","Shalby","SHALBY.NS","160455235","1.49234","India"
"9337","Emirates Investment Bank","EIBANK.AE","160368109","16.0368","United Arab Emirates"
"9338","Texwinca Holdings","0321.HK","160286922","0.116007","Hong Kong"
"9339","Ellington Credit Company","EARN","160043104","4.26","United States"
"9340","Magnora ASA","MGN.OL","159775762","2.24567","Norway"
"9341","Jeld-Wen","JELD","159644624","1.84","United States"
"9342","T&amp;G Global","TGG.NZ","159507291","1.30164","New Zealand"
"9343","Masi Agricola","MASI.MI","159457441","4.95962","Italy"
"9344","Serviceware","SJJ.DE","159452854","15.186","Germany"
"9345","Rokiskio Suris AB","RSU1L.VS","159404787","5.07337","Lithuania"
"9346","Dollar Industries","DOLLAR.NS","159235279","2.80758","India"
"9347","Bitcoin Group","ADE.DE","159026272","31.8053","Germany"
"9348","Lifecore Biomedical","LFCR","158982848","4.2","United States"
"9349","OrganiGram Holdings","OGI","158567968","1.1","Canada"
"9350","Intred","ITD.MI","158551514","10.1922","Italy"
"9351","Helloworld Travel","HLO.AX","158477951","0.968217","Australia"
"9352","Hawesko","HAW.DE","158392388","17.6317","Germany"
"9353","Bassett Furniture","BSET","158273168","18.28","United States"
"9354","Solocal Group","LOCAL.PA","158092736","4.40792","France"
"9355","Gulf Union Alahlia Cooperative Insurance","8120.SR","158089735","3.4446","Saudi Arabia"
"9356","Streamex Corp.","STEX","157874832","0.7","United States"
"9357","Lucid Diagnostics","LUCD","157723648","0.826","United States"
"9358","Atlantic Lithium Limited","A11.AX","157455222","0.19645","Australia"
"9359","FinWise Bancorp","FINW","157151936","11.32","United States"
"9360","Texaf","TEXF.BR","156822364","42.771","Belgium"
"9361","Mercia Asset Management","MERC.L","156810994","0.373098","United Kingdom"
"9362","Digia Oyj","DIGIA.HE","156684841","5.86964","Finland"
"9363","Oman Refreshment Company (Pepsi Oman)","ORCI.OM","155884644","3.11769","Oman"
"9364","Installux S.A.","ALLUX.PA","155740403","557.388","France"
"9365","Outlook Therapeutics","OTLK","155684720","0.6395","United States"
"9366","Quercus TFI","QRS.WA","155100436","3.31004","Poland"
"9367","Bahrain National Holding","BNH.BH","154936991","1.11435","Bahrain"
"9368","Asian Granito India","ASIANTILES.NS","154924483","0.522554","India"
"9369","Humacyte","HUMA","154816880","0.5573","United States"
"9370","Varia US Properties","VARN.SW","154664478","15.274","Switzerland"
"9371","Quanterix","QTRX","154648320","3.27","United States"
"9372","Zahrat Al Waha For Trading Company","3007.SR","154647405","0.687322","Saudi Arabia"
"9373","Shutterstock","SSTK","154441312","4.18","United States"
"9374","Umm Al Qaiwain General Investment","QIC.AE","154190490","0.42","United Arab Emirates"
"9375","Trifast","TRI.L","153938389","1.13992","United Kingdom"
"9376","Biesse","BSS.MI","153899375","5.79001","Italy"
"9377","SIG plc","SHI.L","153727520","0.132416","United Kingdom"
"9378","BICO Group","BICO.ST","153726152","2.1782","Sweden"
"9379","Elme Communities","ELME","153724128","1.73","United States"
"9380","Avantium N.V.","AVTX.AS","153689014","6.09714","Netherlands"
"9381","Exascale Labs Holdings","XLAB","153576000","2.43","United States"
"9382","Nekkar ASA","NKR.OL","152955997","1.49887","Norway"
"9383","ReconAfrica","0XD.F","152833503","0.367421","Canada"
"9384","SpiceJet","SPICEJET.BO","152784825","0.100115","India"
"9385","FDM Group","FDM.L","152762598","1.39706","United Kingdom"
"9386","Bank of Innovation","4393.T","152640322","38.4074","Japan"
"9387","CBo Territoria","CBOT.PA","152626564","4.35673","France"
"9388","Grigeo AB","GRG1L.VS","152597197","1.1489","Lithuania"
"9389","eGain","EGAN","152579664","5.83","United States"
"9390","Sintana Energy","SEI.V","152399008","0.271931","Canada"
"9391","Kuwait Business Town Real Estate Company","KBT.KW","152383723","254.876","Kuwait"
"9392","DUG Technology","DUG.AX","152269293","1.12257","Australia"
"9393","Almawave","AIW.MI","152021175","5.07032","Italy"
"9394","Morabaha Marina Financing Company","4082.SR","151969676","2.17652","Saudi Arabia"
"9395","Assertio Holdings","ASRT","151861232","23.5","United States"
"9396","NSE SA","ALNSE.PA","151815707","46.0698","France"
"9397","Lanvin Group","LANV","151656752","1.085","China"
"9398","Masterflex","MZX.DE","151534438","15.7547","Germany"
"9399","OptimizeRx","OPRX","151441056","8.04","United States"
"9400","Lee Enterprises","LEE","151362976","6.79","United States"
"9401","Gobarto","GOB.WA","151344009","5.44398","Poland"
"9402","Jain Irrigation Systems","JISLDVREQS.NS","151302249","0.206271","India"
"9403","WhiteHorse Finance","WHF","151194368","7.04","United States"
"9404","Fountaine Pajot","ALFPC.PA","150934852","90.5471","France"
"9405","Duluth Holdings","DLTH","150879856","3.97","United States"
"9406","Severfield","SFR.L","150686165","0.510312","United Kingdom"
"9407","Kudelski SA","KUD.SW","150652509","1.53942","Switzerland"
"9408","Mahanagar Telephone Nigam","MTNL.NS","150559441","0.238983","India"
"9409","Daldrup &amp; Söhne","4DS.DE","150496394","25.1393","Germany"
"9410","Freelance.com SA","ALFRE.PA","150383470","2.66181","France"
"9411","Emak S.p.A.","EM.MI","149852827","0.920259","Italy"
"9412","ReposiTrak","TRAK","149568416","8.23","United States"
"9413","Mega Uranium","MGA.TO","149523495","0.388473","Canada"
"9414","LGI Limited","LGI.AX","149503234","1.44531","Australia"
"9415","Motorpoint Group","MOTR.L","149150955","1.81578","United Kingdom"
"9416","Quirin Privatbank","QB7.DE","149137787","3.43533","Germany"
"9417","Vince Holding","VNCE","148864608","11.5","United States"
"9418","Nusantara Pelabuhan Handal","PORT.JK","148761541","0.0528659","Indonesia"
"9419","Qrf","QRF.BR","148596661","11.4321","Belgium"
"9420","Foxtons Group","FOXT.L","148583509","0.502359","United Kingdom"
"9421","inTEST Corporation","INTT","148394336","11.57","United States"
"9422","Al-Enma'a Real Estate Company","ERESCO.KW","148338248","423.177","Kuwait"
"9423","Sokouk Holding Company K.S.C.P.","SOKOUK.KW","148300719","259.428","Kuwait"
"9424","Nykode Therapeutics","NYKD.OL","148057514","0.378135","Norway"
"9425","Cellectis","CLLS","148056896","1.47","France"
"9426","Keyrus","ALKEY.PA","147973369","9.30497","France"
"9427","Nyxoah","NYXH","147668320","1.45","Belgium"
"9428","Wataniya Insurance Company","8300.SR","147587713","3.68969","Saudi Arabia"
"9429","KORU Medical Systems","KRMD","147444928","3.21","United States"
"9430","Empire Energy Group","EEG.AX","147437477","0.119432","Australia"
"9431","Owlet, Inc.","OWLT","147277248","5.04","United States"
"9432","Admicom Oyj","ADMCM.HE","147189512","30.0876","Finland"
"9433","JANOME Corporation","6445.T","146911711","8.91077","Japan"
"9434","MAX Automation","MXHN.DE","146844678","3.56046","Germany"
"9435","Mazaya Real Estate Development Q.P.S.C.","MRDS.QA","146703284","0.146703","Qatar"
"9436","China Automotive Systems","CAAS","146653744","4.8608","China"
"9437","Stratus Properties","STRS","146482976","18.35","United States"
"9438","National International Holding Company (Kuwait)","NIH.KW","146100758","572.172","Kuwait"
"9439","Hyosung Chemical Corporation","298000.KS","145780170","38.6913","South Korea"
"9440","ALM Equity","ALM.ST","145500439","4.47685","Sweden"
"9441","BP Castrol K.K.","5015.T","145495405","6.33754","Japan"
"9442","GTL Infrastructure","GTLINFRA.NS","145455358","0.0113554","India"
"9443","Fasadgruppen Group","FG.ST","145451448","1.66627","Sweden"
"9444","Inclusio","INCLU.BR","145360951","18.6554","Belgium"
"9445","Humm Group","HUM.AX","145243056","0.287659","Australia"
"9446","Banca Sistema S.p.A.","BST.MI","145089055","1.80412","Italy"
"9447","The Eastern Company","EML","145023152","24.1","United States"
"9448","Datavault AI","DVLT","144928592","0.1526","United States"
"9449","Dexelance","DEX.MI","144673612","2.43431","Italy"
"9450","Codexis","CDXS","144547616","1.32","United States"
"9451","Al-Mazaya Holding Company","MAZAYA.KW","144382657","277.633","Kuwait"
"9452","NET Power","NPWR","144223504","1.63","United States"
"9453","Heliad AG","A7A.DE","144028370","15.9823","Germany"
"9454","National Building and Marketing Company","9510.SR","143794122","11.9828","Saudi Arabia"
"9455","Global Atomic","GLO.TO","143711758","0.29312","Canada"
"9456","Beyond Meat","BYND","143569600","8.35","United States"
"9457","Quartix Technologies","QTX.L","143437748","2.96021","United Kingdom"
"9458","Mammoth Energy Services","TUSK","143420208","2.98","United States"
"9459","Synlait Milk","SML.NZ","143374754","0.237691","New Zealand"
"9460","Orion Properties","ONL","143182224","2.51","United States"
"9461","LifeMD","LFMD","143156480","2.97","United States"
"9462","Al Ain Alahlia Insurance","ALAIN.AE","142942712","9.53","United Arab Emirates"
"9463","Naikai Zosen Corporation","7018.T","142703933","84.2033","Japan"
"9464","Douglas Elliman","DOUG","142698048","1.57","United States"
"9465","ZK International Group","ZKIN","142673920","2.35","China"
"9466","L'azurde Company for Jewelry","4011.SR","142306259","2.47489","Saudi Arabia"
"9467","Inogen","INGN","142245488","5.36","United States"
"9468","UBM Development","UBS.VI","142133997","19.338","Austria"
"9469","IG Port, Inc.","3791.T","141970337","7.06365","Japan"
"9470","The Saudi Arabian Amiantit Company","2160.SR","141824985","3.18619","Saudi Arabia"
"9471","Atrium Therapeutics","RNA","141805792","8.29","United States"
"9472","Novolog","NVLG.TA","141465849","0.276909","Israel"
"9473","Carlo Gavazzi Holding","GAV.SW","141461611","199.043","Switzerland"
"9474","AirSculpt Technologies","AIRS","141306608","1.96","United States"
"9475","Byggmästare Anders J Ahlström","AJA-B.ST","141196970","4.91851","Sweden"
"9476","Liva Insurance Company","8280.SR","141194021","3.52985","Saudi Arabia"
"9477","Userjoy Technology","3546.TWO","141021938","2.29867","Taiwan"
"9478","Clipper Realty","CLPR","141016864","3.32","United States"
"9479","Korro Bio","KRRO","140924432","9.57","United States"
"9480","SRP Groupe (Showroomprive.com)","SRP.PA","140920601","1.21715","France"
"9481","Jagran Prakashan","JAGRAN.NS","140696398","0.646422","India"
"9482","Polytec Holding","PYT.VI","140615344","6.3929","Austria"
"9483","Global Cord Blood","CORBF","140610448","1.05","Hong Kong"
"9484","Hooker Furnishings","HOFT","140495472","13.14","United States"
"9485","EKF Diagnostics","EKF.L","140232001","0.327528","United Kingdom"
"9486","Precia S.A.","ALPM.PA","140218565","25.9356","France"
"9487","Hurco Companies","HURC","140212368","21.65","United States"
"9488","Affinity Bancshares","AFBI","140182352","23","United States"
"9489","Spruce Biosciences","SPRB","140021920","48.72","United States"
"9490","NCS Multistage","NCSM","140018304","53.35","United States"
"9491","Nicolás Correa","NEA.MC","140009770","11.4321","Spain"
"9492","Baazeem Trading Company","4051.SR","139991879","1.38264","Saudi Arabia"
"9493","Lake Shore Bancorp","LSBK","139954496","17.82","United States"
"9494","The Kuwait Company for Process Plant Construction and Contracting","KCPC.KW","139554477","1046.81","Kuwait"
"9495","Saudi Company for Hardware (SACO)","4008.SR","139368298","4.70736","Saudi Arabia"
"9496","Duro Felguera","MDF.MC","139367540","0.279263","Spain"
"9497","DouYu","DOYU","139124544","4.61","China"
"9498","Armata Pharmaceuticals","ARMP","139060608","3.74","United States"
"9499","Alligator Energy","AGE.AX","139045557","0.0287659","Australia"
"9500","Sloman Neptun","NEP.HM","138701959","69.3891","Germany"
"9501","Blossom Gold Inc.","BGAU.TO","138516844","1.05241","Canada"
"9502","Al Jouf Cement Company","3091.SR","138419696","1.27341","Saudi Arabia"
"9503","Bulten AB","BULTEN.ST","138412075","6.59482","Sweden"
"9504","Xaar","XAR.L","138330246","1.76621","United Kingdom"
"9505","Jay Bharat Maruti","JAYBARMARU.NS","138168454","1.27638","India"
"9506","Corbus Pharmaceuticals","CRBP","138096816","7.14","United States"
"9507","Skillz","SKLZ","137970800","8.84","United States"
"9508","Surf Air Mobility","SRFM","137245104","1.11","United States"
"9509","Clarus","CLAR","137071600","3.58","United States"
"9510","Red Robin","RRGB","137052208","7.25","United States"
"9511","Schloss Wachenheim","SWA.DE","136940048","17.2904","Germany"
"9512","Pine Cliff Energy","PNE.TO","136848054","0.38141","Canada"
"9513","Oxford Square Capital","OXSQ","136788880","1.27","United States"
"9514","Wheels Up","UP","136738096","3.77","United States"
"9515","Prime Office A/S","PRIMOF.CO","136702438","36.2112","Denmark"
"9516","Tenaya Therapeutics","TNYA","136690624","0.6096","United States"
"9517","Björn Borg","BORG.ST","136601754","5.4204","Sweden"
"9518","Igarashi Motors India","IGARASHI.NS","136471670","4.33587","India"
"9519","Buligo Capital","BLGO.TA","136303055","2.42605","Israel"
"9520","Navkar Corp","NAVKARCORP.NS","136202692","0.904886","India"
"9521","Dhofar Food & Investment SAOG","DFIN.OM","136098686","0.688491","Oman"
"9522","Medifast","MED","136069152","12.17","United States"
"9523","Tijara &amp; Real Estate Investment Company","TIJARA.KW","135923281","367.36","Kuwait"
"9524","India Motor Parts and Accessories","IMPAL.NS","135617127","10.8668","India"
"9525","Heidelberg Pharma","HPHA.DE","135174789","2.88932","Germany"
"9526","AL KHALEEJ Investment","KICO.AE","134377131","1.28","United Arab Emirates"
"9527","KVH Industries","KVHI","134061704","7.39","United States"
"9528","Finbar Group Limited","FRI.AX","133646384","0.491125","Australia"
"9529","Bahrain Duty Free Shop Complex","DUTYF.BH","133627667","1.30008","Bahrain"
"9530","Coast Investment &amp; Development Company","COAST.KW","133491148","287.061","Kuwait"
"9531","1stdibs.com","DIBS","133452712","3.97","United States"
"9532","Kelly Partners Group","KPG.AX","133413889","2.94675","Australia"
"9533","Team Inc","TISI","133188048","29.06","United States"
"9534","Southern Petrochemical Industries Corp","SPIC.NS","133122531","0.653714","India"
"9535","Gulf Cement","GCEM.AE","133019113","0.32","United Arab Emirates"
"9536","accesso Technology Group","ACSO.L","132885073","4.10238","United Kingdom"
"9537","First Guaranty Bancshares","FGBI","132478144","8.01","United States"
"9538","Fenix Resources","FEX.AX","132475813","0.171894","Australia"
"9539","Warba Insurance and Reinsurance Company","WINSRE.KW","132161161","542.913","Kuwait"
"9540","Waldencast","WALD","132107664","1.03","United States"
"9541","VivoPower","VIVO","131813448","4.12","United Kingdom"
"9542","Piquadro","PQ.MI","131608177","2.77557","Italy"
"9543","Veritone","VERI","131598760","1.31","United States"
"9544","Mpac Group","MPAC.L","131547647","4.37424","United Kingdom"
"9545","Payton Industries","PAYT.TA","131444218","15.8978","Israel"
"9546","enGene","ENGN","131351984","1.96","Canada"
"9547","Black Rifle Coffee Company (BRCC)","BRCC","131338424","9.22","United States"
"9548","Eidesvik Offshore","EIOF.OL","131270795","1.79864","Norway"
"9549","Kuke Music Holding","KUKE","131017104","1.39","China"
"9550","Health Catalyst","HCAT","130946112","1.74","United States"
"9551","Energys Group","ENGS","130908016","2.94","United Kingdom"
"9552","Tillys","TLYS","130607616","4.27","United States"
"9553","Shimmick","SHIM","130414520","3.155","United States"
"9554","Yonghe Medical Group","2279.HK","130377979","0.260698","China"
"9555","RGP (Resources Connection)","RGP","130369120","3.785","United States"
"9556","Stereotaxis","STXS","130262824","1.3","United States"
"9557","Audinate Group","AD8.AX","130164058","1.54353","Australia"
"9558","VIB Vermögen","VIH1.F","130097678","3.93584","Germany"
"9559","LEWAG Holding","KGR.F","129678076","27.3006","Germany"
"9560","NRx Pharmaceuticals","NRXP","129670824","2.995","United States"
"9561","flyExclusive","FLYX","129643816","1.27","United States"
"9562","Bahrain Commercial Facilities Company","BCFC.BH","129479476","0.939241","Bahrain"
"9563","Annehem Fastigheter","ANNE-B.ST","129375887","1.63114","Sweden"
"9564","NeoVolta","NEOV","129239016","2.19","United States"
"9565","Aemetis","AMTX","129183568","1.79","United States"
"9566","Leifheit","LEI.DE","128833640","14.1053","Germany"
"9567","Smith-Midland Corporation","SMID","128795840","24.28","United States"
"9568","Tiziana Life Sciences","TLSA","128531720","1.01","United Kingdom"
"9569","S.S. Lazio","SSL.MI","128296309","1.89398","Italy"
"9570","Insight Molecular Diagnostics","IMDX","128279192","3.92","United States"
"9571","Al Argan International Real Estate Company","ARGAN.KW","128218300","399.87","Kuwait"
"9572","Team Internet Group","TIG.L","128202236","0.530195","United Kingdom"
"9573","Reworld Media","ALREW.PA","128191811","2.23874","France"
"9574","Ag Growth International","AFN.TO","128154759","6.78768","Canada"
"9575","Buruj Cooperative Insurance Company","8270.SR","128062926","4.26876","Saudi Arabia"
"9576","Enad Global 7","EG7.ST","127893264","1.44343","Sweden"
"9577","Valsoia S.p.A.","VLS.MI","127701100","11.8303","Italy"
"9578","South Port NZ","SPN.NZ","127685427","4.86701","New Zealand"
"9579","MPH Health Care AG","93M1.DE","127598977","29.8032","Germany"
"9580","Aquafil","ECNL.MI","127556716","1.47879","Italy"
"9581","Scott Technology","SCT.NZ","127547593","1.51669","New Zealand"
"9582","Immunic","IMUX","127507544","9.345","United States"
"9583","Bisalloy Steel Group","BIS.AX","127445360","2.63804","Australia"
"9584","Neumora Therapeutics","NMRA","127318272","0.6776","United States"
"9585","Surteco Group","SUR.DE","126994950","8.19019","Germany"
"9586","MediciNova","MNOV","126990816","2.58","United States"
"9587","FirstFarms A/S","FFARMS.CO","126921589","10.3765","Denmark"
"9588","Cavotec","CCC.ST","126912497","1.18948","Switzerland"
"9589","CVC Limited","CVC.AX","126840856","1.08749","Australia"
"9590","AB Zemaitijos pienas","ZMP1L.VS","126768974","3.09407","Lithuania"
"9591","La Française de l'Energie","FDE.PA","126729852","24.0018","France"
"9592","CI Games","CI7.F","126699876","0.579001","Poland"
"9593","Tracsis","TRCS.L","126416318","4.24156","United Kingdom"
"9594","Ryde Group","RYDE","126248528","0.7005","Singapore"
"9595","SDI Group","SDI.L","126135346","1.20619","United Kingdom"
"9596","Ambra","AMB.WA","126134729","5.00403","Poland"
"9597","UNITED","2497.T","125916089","3.36304","Japan"
"9598","Real-Estate Trade Centers Company (Marakez)","MARAKEZ.KW","125544542","881.014","Kuwait"
"9599","Carnarvon Energy","CVN.AX","125523530","0.0701607","Australia"
"9600","RAK Co. for White Cement &amp; Construction Materials","RAKWCT.AE","125427379","0.25","United Arab Emirates"
"9601","Al Omaniya Financial Services","AOFS.OM","125380101","0.397506","Oman"
"9602","Unibep","UNI.WA","125236511","3.79329","Poland"
"9603","Vocento","VOC.MC","125198231","1.0397","Spain"
"9604","The Securities House","SECH.KW","125186922","319.896","Kuwait"
"9605","Genovis AB","GENO.ST","125134078","1.85498","Sweden"
"9606","BHM Capital Financial Services","BHMCAPITAL.AE","125119797","0.272","United Arab Emirates"
"9607","Orion Energy Systems","OESX","125091256","30.59","United States"
"9608","Lai Sun Development Company","0488.HK","125080895","0.0860651","Hong Kong"
"9609","Al Mahhar Holding Company","MHAR.QA","125053007","0.604121","Qatar"
"9610","Magyar Bancorp","MGYR","125008488","19.365","United States"
"9611","Apyx Medical","APYX","124687112","2.96","United States"
"9612","Vertical Aerospace","EVTL","124625648","0.739","United Kingdom"
"9613","Laiqon AG","LQAG.DE","124574029","5.1075","Germany"
"9614","Solid State Group","SOLI.L","124570604","2.18705","United Kingdom"
"9615","HT5 AG","HT5.SW","124427779","3.90969","Switzerland"
"9616","Detection Technology","DETEC.HE","124366963","8.48595","Finland"
"9617","Wafrah for Industry and Development Company","2100.SR","124337650","5.3707","Saudi Arabia"
"9618","United Wire Factories Company","1301.SR","124253092","4.42497","Saudi Arabia"
"9619","Braemar Hotels &amp; Resorts","BHR","124088792","1.69","United States"
"9620","Altea Green Power S.p.A.","AGP.MI","123838440","6.79104","Italy"
"9621","Excel Industries","EXCELINDUS.NS","123467531","9.82186","India"
"9622","PLBY Group (Playboy)","PLBY","123401912","1.03","United States"
"9623","a.k.a. Brands","AKA","123319688","11.22","United States"
"9624","Saudi Industrial Development Company","2130.SR","123158483","4.10528","Saudi Arabia"
"9625","Saudi Printing and Packaging Company","4270.SR","123149958","1.8888","Saudi Arabia"
"9626","Cereno Scientific","CRNO-B.ST","123113712","0.394485","Sweden"
"9627","Klil Industries","KLIL.TA","123054611","55.3818","Israel"
"9628","LENZ Therapeutics","LENZ","123010648","3.915","United States"
"9629","Unifi","UFI","122686312","6.6","United States"
"9630","Nautilus Biotechnology","NAUT","122508608","0.9627","United States"
"9631","MotorK","MTRK.AS","122397776","2.50256","Italy"
"9632","LexinFintech Holdings","LX","122355296","0.7425","China"
"9633","Television Broadcasts (TVB)","0511.HK","122033592","0.261335","Hong Kong"
"9634","Inovio Pharmaceuticals","INO","122009072","1.18","United States"
"9635","Inspired Entertainment","INSE","121906384","4.57","United States"
"9636","Bike24 Holding","BIKE.DE","121579266","2.75282","Germany"
"9637","Pkp Cargo","PKP.WA","121482869","2.71246","Poland"
"9638","DMC Global","BOOM","121397000","5.91","United States"
"9639","The Platform Group","TPG.F","121387090","5.89726","Germany"
"9640","Commercial Vehicle Group (CVG)","CVGI","121085384","2.98","United States"
"9641","Response Plus Holding","RPM.AE","120888693","0.6","United Arab Emirates"
"9642","Møns Bank","MNBA.CO","120805475","60.4027","Denmark"
"9643","MaxCyte","MXCT","120751256","1.17","United States"
"9644","Magnachip Semiconductor","MX","120483368","3.3","Luxembourg"
"9645","Fonar Corporation","FONR","120195888","19.09","United States"
"9646","Banca Profilo","PRO.MI","119967181","1.81549","Italy"
"9647","Laramide Resources","LAM.TO","119931326","0.409662","Canada"
"9648","lastminute.com","LMN.SW","119921284","11.3051","Netherlands"
"9649","Ascend Wellness (AWH)","AAWH","119895536","0.59","United States"
"9650","MEDIA DO Co., Ltd.","3678.T","119787847","7.89167","Japan"
"9651","ReadyTech Holdings","RDY.AX","119636904","0.968217","Australia"
"9652","ALT5 Sigma","ALTS","119560224","0.855","United States"
"9653","vTv Therapeutics","VTVT","119448160","30.21","United States"
"9654","Balaji Telefilms","BALAJITELE.NS","119210010","0.977914","India"
"9655","Coya Therapeutics","COYA","119165864","5.08","United States"
"9656","Riverview Bancorp","RVSB","118721456","5.95","United States"
"9657","Malath Cooperative Insurance Company","8020.SR","118549689","2.37099","Saudi Arabia"
"9658","Sangoma Technologies","SANG","118472488","3.56","Canada"
"9659","Akatsuki Corp.","8737.T","118371436","3.9108","Japan"
"9660","GEOX","GEO.MI","118294188","0.323058","Italy"
"9661","Knaus Tabbert AG","KTA.DE","118044124","11.3753","Germany"
"9662","AGROB Immobilien","AGR.F","117898120","30.2582","Germany"
"9663","Legacy Education","LGCY","117790480","9.31","United States"
"9664","Kulmbacher Brauerei","KUL.MU","117720393","35.0358","Germany"
"9665","Robert Walters","RWA.L","117557413","1.78715","United Kingdom"
"9666","Tihama for Advertising, Public Relations and Marketing","4070.SR","117502402","5.12827","Saudi Arabia"
"9667","Al-Baha Investment And Development Company","4130.SR","117472334","0.538136","Saudi Arabia"
"9668","OnKure Therapeutics","OKUR","117439296","2.9","United States"
"9669","Devsisters","194480.KQ","117432480","10.71","South Korea"
"9670","Nama Chemicals Company","2210.SR","117421424","4.99241","Saudi Arabia"
"9671","SIEC (Saudi Industrial Export Company)","4140.SR","117042917","0.602073","Saudi Arabia"
"9672","MRM","MRM.PA","116992105","36.549","France"
"9673","Sanok Rubber Company","SNK.WA","116874766","5.19629","Poland"
"9674","FCR Immobilien","FC9.DE","116770212","11.8303","Germany"
"9675","Union Bankshares","UNB","116722488","23.6","United States"
"9676","Fujairah Building Industries","FBI.AE","116636884","0.86","United Arab Emirates"
"9677","5E Advanced Materials","FEAM","116612640","2.8","United States"
"9678","Captor Therapeutics","CTX.WA","116501988","18.3949","Poland"
"9679","Arctic Fish Holding","AFISH.OL","116451121","2.58752","Iceland"
"9680","The Joint Corp.","JYNT","116398152","8.23","United States"
"9681","VIGO Photonics","VGO.WA","116370152","133.025","Poland"
"9682","OMER S.p.A.","OMER.MI","116287573","4.06097","Italy"
"9683","Zain Bahrain","ZAINBH.BH","116189975","0.63412","Bahrain"
"9684","CALIDA Holding","CALN.SW","115986738","16.5969","Switzerland"
"9685","Encounter Resources","ENR.AX","115951931","0.206974","Australia"
"9686","4basebio","4BB.L","115843061","7.48105","United Kingdom"
"9687","SNGULAR","SNG.MC","115745482","2.05892","Spain"
"9688","Syrah Resources Limited","SYR.AX","115664666","0.0498141","Australia"
"9689","Dhampur Sugar Mills","DHAMPURSUG.NS","115509197","1.79623","India"
"9690","Vera Bradley","VRA","115471872","4.025","United States"
"9691","KHD Humboldt Wedag International","KWG.DE","115339876","2.32056","Germany"
"9692","Norcod AS","NCOD.OL","114997789","1.45153","Norway"
"9693","Strickland Metals Limited","STK.AX","114913744","0.0434996","Australia"
"9694","Provident Financial Holdings","PROV","114829504","18.42","United States"
"9695","Serverworks","4434.T","114775654","15.4776","Japan"
"9696","Innoviz Technologies","INVZ","114771232","0.385","Israel"
"9697","Silver One Resources","SVE.V","114700225","0.324905","Canada"
"9698","Piscines Desjoyaux","ALPDX.PA","114350301","12.7403","France"
"9699","Azerion Group","AZRN.AS","114073117","0.932772","Netherlands"
"9700","Fortinova Fastigheter AB","FNOVA-B.ST","113932659","2.2585","Sweden"
"9701","Arabia Insurance Cooperative Company","8160.SR","113802390","2.14721","Saudi Arabia"
"9702","Bellevue Group","BBN.SW","113751341","8.53899","Switzerland"
"9703","Edel SE &amp; Co. KGaA","EDL.DE","113742006","5.34638","Germany"
"9704","The Pebble Group plc","PEBB.L","113369067","0.835056","United Kingdom"
"9705","AFYREN","ALAFY.PA","113058825","2.91776","France"
"9706","KULR Technology Group","KULR","112923984","2.44","United States"
"9707","Bioventix","BVXP.L","112885339","21.6054","United Kingdom"
"9708","REC Silicon","RECSI.OL","112735706","0.024446","Norway"
"9709","Yellow Pages (Canada)","Y.TO","112670176","9.74714","Canada"
"9710","Genelux","GNLX","112208432","2.48","United States"
"9711","Nabaltec","NTG.DE","112114660","12.7403","Germany"
"9712","Mayar Holding Company","9568.SR","111860796","0.932413","Saudi Arabia"
"9713","Vivani Medical","VANI","111852168","1.24","United States"
"9714","NZME Limited","NZM.NZ","111822690","0.594228","New Zealand"
"9715","Greenland Mines","GRML","111648976","14.66","United States"
"9716","Tucows","TCX","111597472","9.98","Canada"
"9717","Livestock Transport and Trading Company","CATTL.KW","111544099","533.16","Kuwait"
"9718","Ateam","3662.T","111279219","5.98722","Japan"
"9719","Monte Carlo Fashions","MONTECARLO.NS","111025285","5.35525","India"
"9720","Global Fashion Group","GFG.DE","110972582","0.487999","Luxembourg"
"9721","CBAK Energy Technology","CBAT","110807296","1.25","China"
"9722","Aardvark Therapeutics","AARD","110737320","5.06","United States"
"9723","Chapel Down Group","CDGP.L","110675520","0.645247","United Kingdom"
"9724","Franchi Umberto Marmi","FUM.MI","110649425","3.38983","Italy"
"9725","Wynnstay Group","WYN.L","110458967","4.7985","United Kingdom"
"9726","Digimarc","DMRC","110353856","4.91","United States"
"9727","AS Harju Elekter","HAE1T.TL","110324638","5.93789","Estonia"
"9728","Apex Frozen Foods","APEX.NS","110249119","3.52797","India"
"9729","Asiya Capital Investments Company","ASIYA.KW","110213579","137.841","Kuwait"
"9730","Klingelnberg AG","KLIN.SW","110037520","12.4477","Switzerland"
"9731","Rupa Company","RUPA.NS","110006533","1.38296","India"
"9732","Cake Box Holdings","CBOX.L","109935845","2.49854","United Kingdom"
"9733","Gaming Realms","GMR.L","109829053","0.410662","United Kingdom"
"9734","Conexeu Sciences","CNXU","109724056","3.89","United States"
"9735","ADLPartner (Dékuple)","DKUPL.PA","109711475","27.5282","France"
"9736","Sound Financial Bancorp","SFBC","109706800","42.72","United States"
"9737","ArcticZymes Technologies ASA","AZT.OL","109586266","2.14575","Norway"
"9738","Sadr Logistics Company","1832.SR","109558564","0.626049","Saudi Arabia"
"9739","Dar Al-Thuraya Real Estate","THURAYA.KW","109541615","747.724","Kuwait"
"9740","Methanol Chemicals Company","2001.SR","109491967","7.29946","Saudi Arabia"
"9741","Vaxart","VXRT","109434120","0.45","United States"
"9742","Pathfinder Bancorp","PBHC","108934456","17.35","United States"
"9743","Sogeclair","ALSOG.PA","108790651","35.6046","France"
"9744","Indel B S.p.A.","INDB.MI","108723000","20.8167","Italy"
"9745","Record Financial Group","REC.L","108709494","0.556704","United Kingdom"
"9746","Curatis","CURN.SW","108635961","20.4455","Switzerland"
"9747","Lhyfe SA","LHYFE.PA","108585159","2.2523","France"
"9748","Filling and Packing Materials Manufacturing Company","2180.SR","108575538","9.44135","Saudi Arabia"
"9749","Atturra","ATA.AX","108466956","0.294675","Australia"
"9750","Kuwait and Middle East Financial Investment Company","KMEFIC.KW","107997402","490.897","Kuwait"
"9751","Unitech Group","UNITECH.NS","107661105","0.0411501","India"
"9752","Foodco National Foodstuff","FNF.AE","107492919","0.38","United Arab Emirates"
"9753","Firefly AB","FIRE.ST","106927322","17.8171","Sweden"
"9754","Arctic Paper","ARP.ST","106786407","1.5412","Poland"
"9755","Answear.com","ANR.WA","106706359","5.599","Poland"
"9756","Rani Therapeutics","RANI","106682416","0.7592","United States"
"9757","Tamil Nadu Newsprint and Papers Limited","TNPL.NS","106451230","1.53808","India"
"9758","IG Design Group","IGR.L","106260950","1.17968","United Kingdom"
"9759","Takaful Emarat - Insurance","TAKAFUL-EM.AE","106234518","0.51051","United Arab Emirates"
"9760","INNOVATE Corp.","VATE","105997296","7.77","United States"
"9761","Equillium","EQ","105891488","1.67","United States"
"9762","Seer Inc","SEER","105760552","1.91","United States"
"9763","Clere AG","CAG0.HM","105419158","13.5366","Germany"
"9764","TCM Group A/S","TCM.CO","105248524","10.1635","Denmark"
"9765","Méliuz","CASH3.SA","105092172","1.00883","Brazil"
"9766","Amadeus Fire","AAD.DE","105046831","19.338","Germany"
"9767","Bloober Team","6BO.SG","104942597","5.44307","Poland"
"9768","HilleVax","HLVX","104762376","2.09","United States"
"9769","Oconee Federal Financial","OFED","104747792","18","United States"
"9770","Heidmar Maritime Holdings","HMR","104415832","1.77","Greece"
"9771","Intercede Group plc","IGP.L","104323979","1.70988","United Kingdom"
"9772","DATA MODUL","DAM.DE","104289311","29.5757","Germany"
"9773","Peninsula Energy","PEN.AX","104256732","0.182418","Australia"
"9774","Lakeland Industries","LAKE","104229472","10.495","United States"
"9775","AB Kauno Energija","KNR1L.VS","104193595","2.43431","Lithuania"
"9776","Valiant Gold","VAL.AX","104188614","0.192942","Australia"
"9777","Polaryx Therapeutics","PLYX","104178120","2.09","United States"
"9778","SergeFerrari Group","SEFER.PA","104076312","9.11002","France"
"9779","INOVEST","INOVEST.BH","104050948","0.119","Bahrain"
"9780","Eurofins-Cerep","ALECR.PA","103852119","20589.2","France"
"9781","Dubai National Insurance & Reinsurance Company","DNIR.AE","103776404","0.898497","United Arab Emirates"
"9782","Amaero International Ltd","3DA.AX","103673422","0.108749","Australia"
"9783","Merkur PrivatBank","MBK.DE","103527896","13.3091","Germany"
"9784","Fleury Michon","ALFLE.PA","103363937","25.0256","France"
"9785","coly","4175.T","103359158","18.7833","Japan"
"9786","Thinkific Labs","THNC.TO","103287494","1.5327","Canada"
"9787","Proficient Auto Logistics","PAL","103234760","3.68","United States"
"9788","Ash-Sharqiyah Development","6060.SR","103098276","3.43661","Saudi Arabia"
"9789","Lokum Deweloper","LKD.WA","102886537","5.71592","Poland"
"9790","Biotalys","BTLS.BR","102871643","2.26368","Belgium"
"9791","Dhofar Insurance Company SAOG","DICS.OM","102778217","0.883346","Oman"
"9792","Softstar Entertainment","6111.TWO","102773287","1.16506","Taiwan"
"9793","Selvita","SLV.WA","102751342","5.599","Poland"
"9794","Cherry Hill Mortgage Investment","CHMI","102692744","2.74","United States"
"9795","Ultralife Corporation","ULBI","102645736","6.16","United States"
"9796","Seritage Growth Properties","SRG","102510792","1.82","United States"
"9797","Virco Manufacturing","VIRC","102464800","6.5","United States"
"9798","NWF Group plc","NWF.L","102336513","2.06333","United Kingdom"
"9799","National Gypsum Company","2090.SR","102330146","3.23148","Saudi Arabia"
"9800","Ticketplus","TP","102223008","8","Chile"
"9801","GreenTree Hospitality Group","GHG","101906304","1.01","China"
"9802","Caesarstone","CSTE","101656608","2.94","Israel"
"9803","Fury Gold Mines","FURY","101530584","0.534","Canada"
"9804","Hong Kong Technology Venture Company (HKTV)","1137.HK","101402055","0.128118","Hong Kong"
"9805","PCC Exol","PCX.WA","101344818","0.581984","Poland"
"9806","Carbios SAS","ALCRB.PA","101140500","5.99477","France"
"9807","EROAD Limited","ERD.NZ","101122474","0.537634","New Zealand"
"9808","Wielton","WLT.WA","101110029","1.27309","Poland"
"9809","Apex Critical Metals","KL9.F","101052847","1.04766","Canada"
"9810","Upexi","UPXI","100986040","1.23","United States"
"9811","U.S. GoldMining","USGO","100916944","7.19","United States"
"9812","Rafael Holdings","RFL","100879992","1.94","United States"
"9813","Definitive Healthcare","DH","100873752","0.945","United States"
"9814","Metatek-Group","MTEK.TO","100831181","2.04831","United Kingdom"
"9815","Drecom","3793.T","100753231","3.53501","Japan"
"9816","Guerbet","GBT.PA","100611368","8.01957","France"
"9817","Majestic Gold","MJS.V","100394713","0.0706314","Canada"
"9818","Miko Group","MIKO.BR","100309405","80.7644","Belgium"
"9819","clearvise AG","ABO.DE","100291168","1.33091","Germany"
"9820","electroCore","ECOR","100256640","11.12","United States"
"9821","Forsys Metals","FSY.TO","100254817","0.409662","Canada"
"9822","Broadwind","BWEN","100070688","4.23","United States"
"9823","National Metal Manufacturing and Casting","2220.SR","100059670","2.82654","Saudi Arabia"
"9824","Renascor Resources","RNU.AX","100041614","0.03929","Australia"
"9825","Jazan Development and Investment (JAZADCO)","6090.SR","100034632","2.00069","Saudi Arabia"
"9826","Fluent","FLNT","99878392","3.16","United States"
"9827","Micware Co., Ltd.","MWC","99824616","1.68","Japan"
"9828","ReneSola","SOL","99563952","1.94","United States"
"9829","Anaam International","4061.SR","99441886","3.15689","Saudi Arabia"
"9830","Bertrandt","BDT.DE","99090877","9.80548","Germany"
"9831","Raysut Cement","RCCI.OM","98726941","0.493635","Oman"
"9832","Talga Group","TLG.AX","98579151","0.192942","Australia"
"9833","Lemonsoft","LEMON.HE","98576460","5.53976","Finland"
"9834","SMN Power Company","SMNP.OM","98547061","0.493635","Oman"
"9835","Kewaunee Scientific Corporation","KEQU","98499704","34.02","United States"
"9836","Gateway Real Estate","GTY.F","98449830","0.350358","Germany"
"9837","ORIOR AG","ORON.SW","98361665","15.0575","Switzerland"
"9838","Mekdam Holding Group","MKDM.QA","98202432","0.543681","Qatar"
"9839","Alan Allman Associates","AAA.PA","98186552","2.1613","France"
"9840","Milestone Pharmaceuticals","MIST","98154208","0.7884","Canada"
"9841","Ras Alkhaima National Insurance","RAKNIC.AE","98068706","0.81","United Arab Emirates"
"9842","OFX Group","OFX.AX","97980686","0.420964","Australia"
"9843","Hyosung ITX","094280.KS","97840573","8.86368","South Korea"
"9844","Braemar","BMS.L","97738687","3.05558","United Kingdom"
"9845","CDL Investments New Zealand Limited","CDI.NZ","97723058","0.333899","New Zealand"
"9846","Stabilis Solutions","SLNG","97630576","5.25","United States"
"9847","Delfingen Industry","ALDEL.PA","97601244","37.5384","France"
"9848","Bastei Lübbe","BST.DE","97457970","7.43943","Germany"
"9849","Sitowise Group Oyj","SITOWS.HE","97453238","2.71869","Finland"
"9850","Grange Resources","GRR.AX","97439585","0.0841928","Australia"
"9851","CyberStep","3810.T","97042644","1.18471","Japan"
"9852","Anixa Biosciences","ANIX","96643360","2.78","United States"
"9853","GCL Global Holdings Ltd","GCL","96377752","0.7529","Singapore"
"9854","United Foods Company","UFC.AE","96363806","3.18558","United Arab Emirates"
"9855","FriendTimes","6820.HK","95953685","0.045893","China"
"9856","Zevia","ZVIA","95941568","1.33","United States"
"9857","KLab","3656.T","95861347","1.15286","Japan"
"9858","Endava","DAVA","95645312","1.81","United Kingdom"
"9859","First Northwest Bancorp","FNWB","95591736","10.05","United States"
"9860","Speedy Hire","SDY.L","95563988","0.20728","United Kingdom"
"9861","Zomedica Pharmaceuticals","ZOM","95349136","0.0973","United States"
"9862","Serko Limited","SKO.NZ","94943549","0.752688","New Zealand"
"9863","Osoul Investment Company","OSOUL.KW","94942980","750.975","Kuwait"
"9864","Park Dental Partners","PARK","94677664","19.91","United States"
"9865","Sawaeed Holding","SAWAEED.AE","94614169","1.85","United Arab Emirates"
"9866","Nova Klúbburinn","NOVA.IC","94558533","0.0274291","Iceland"
"9867","National Consumer Holding Company","NCCI.KW","94310796","314.369","Kuwait"
"9868","Orthex Oyj","ORTHEX.HE","94137474","5.30088","Finland"
"9869","Fevara","FVA.L","94052753","1.81592","United Kingdom"
"9870","Jubilee Metals Group","JLP.L","94008005","0.0278021","United Kingdom"
"9871","CTEK AB","CTEK.ST","93981994","1.34306","Sweden"
"9872","Union Insurance Company","UNION.AE","93933782","0.38","United Arab Emirates"
"9873","Cullman Bancorp","CULL","93843656","16.99","United States"
"9874","Iceland Seafood International","ICESEA.IC","93735239","0.0305876","Iceland"
"9875","GAM Holding AG","GAM.SW","93611129","0.0841872","Switzerland"
"9876","Arab Sea Information Systems Company","7201.SR","93507739","0.935077","Saudi Arabia"
"9877","ACTIA Group","ALATI.PA","93441153","4.65249","France"
"9878","The NAGA Group","N4G.DE","93222617","0.40047","Germany"
"9879","Green Landscaping Group","GREEN.ST","93055897","1.6482","Sweden"
"9880","Momentus Inc.","MNTS","92905184","4.23","United States"
"9881","BAIOO Family Interactive","2100.HK","92860495","0.0325076","China"
"9882","Al Gassim Investment Holding","6020.SR","92708527","3.09028","Saudi Arabia"
"9883","Grupa Kapitałowa Immobile","GKI.WA","92690585","1.23672","Poland"
"9884","Logistic Properties of the Americas","LPA","92182800","2.9081","United States"
"9885","Suominen","SUY1V.HE","92113905","0.682516","Finland"
"9886","Allied Tecnologia","ALLD3.SA","91996608","0.958682","Brazil"
"9887","GrowGeneration","GRWG","91915896","1.56","United States"
"9888","Here Group Limited","HERE","91910008","1.69","China"
"9889","Kalray","ALKAL.PA","91905646","4.98237","France"
"9890","Comet Ridge","COI.AX","91884308","0.0547253","Australia"
"9891","Topps Tiles","TPT.L","91874396","0.469222","United Kingdom"
"9892","Michelmersh Brick Holdings plc","MBH.L","91756024","0.999947","United Kingdom"
"9893","Apetit Oyj","APETIT.HE","91689753","14.6741","Finland"
"9894","MediaCo Holding","MDIA","91581648","1.09","United States"
"9895","Oman United Insurance","OUIC.OM","91387372","0.870356","Oman"
"9896","maison pommery &amp; associes","POMRY.PA","91386925","10.2832","France"
"9897","Groupe Minoteries SA","GMI.SW","91283011","276.615","Switzerland"
"9898","Ringmetall","HP3A.DE","91264418","3.13957","Germany"
"9899","iDreamSky","1119.HK","91066474","0.0446182","China"
"9900","Alijarah Holding","NLCS.QA","90940252","0.183791","Qatar"
"9901","Sensorion","ALSEN.PA","90917454","8.81583","France"
"9902","Townsquare Media","TSQ","90793568","4.98","United States"
"9903","Orosur Mining","OMI.V","90635419","0.226021","Canada"
"9904","PGG Wrightson","PGW.NZ","90563805","1.19977","New Zealand"
"9905","Kooth plc","KOO.L","90187062","2.47866","United Kingdom"
"9906","Investigator Resources","IVR.AX","90170507","0.0343787","Australia"
"9907","Siebert Financial","SIEB","90070064","2.2","United States"
"9908","Infant Bacterial Therapeutics AB","IBT-B.ST","90058632","6.68516","Sweden"
"9909","Golden Matrix Group","GMGI","89996768","0.6372","United States"
"9910","Acrivon Therapeutics","ACRV","89992048","2.1","United States"
"9911","Banqup Group SA","BANQ.BR","89991725","2.42293","Belgium"
"9912","Crossject","ALCJ.PA","89949801","1.49244","France"
"9913","Gascogne Groupe","ALBI.PA","89919624","2.38881","France"
"9914","Al Manar Financing and Leasing Company","ALMANAR.KW","89623130","367.36","Kuwait"
"9915","Unitronics","UNIT.TA","89618699","6.40474","Israel"
"9916","AB Pieno Zvaigzdes","PZV1L.VS","89591125","1.98498","Lithuania"
"9917","Wrap Technologies","WRAP","89575896","1.45","United States"
"9918","CeoTronics","CEK.DE","89503808","11.216","Germany"
"9919","LACROIX Group SA","LACR.PA","89483924","19.0536","France"
"9920","R. Stahl AG","RSL2.DE","89373220","13.8778","Germany"
"9921","Dlala Brokerage and Investment Holding Company","DBIS.QA","89178617","0.468407","Qatar"
"9922","Viomi Technology","VIOT","89030560","1.35","China"
"9923","Tabuk Agricultural Development Company","6040.SR","88707321","11.5939","Saudi Arabia"
"9924","Atara Biotherapeutics","ATRA","88432232","8.81","United States"
"9925","HF Foods Group","HFFG","88408480","1.59","United States"
"9926","Kuwait Foundry Company K.S.C.P.","KFOUC.KW","88329001","1358.91","Kuwait"
"9927","Rallybio","RLYB","88295152","16.62","United States"
"9928","Arq Inc.","ARQ","88210336","2.02","United States"
"9929","PhenixFIN","PFX","88046736","45.59","United States"
"9930","Kuwait Resorts Company","MUNTAZAHAT.KW","87976732","419.376","Kuwait"
"9931","Rottneros","RROS.ST","87907161","0.329239","Sweden"
"9932","Bien Sparebank","BIEN.OL","87827211","15.462","Norway"
"9933","Pioneer Credit","PNC.AX","87561877","0.456044","Australia"
"9934","Turbogen Ltd","TRBG","87477656","3.74","Israel"
"9935","Interlink Electronics","LINK","87431424","5.55","United States"
"9936","Oncolytics Biotech","ONCY","87127928","0.6833","Canada"
"9937","Al Anwar Ceramic Tiles","AACT.OM","86879708","0.394908","Oman"
"9938","SYLA Holdings","8887.T","86789339","2.31209","Japan"
"9939","Mubarrad Holding Company","MUBARRAD.KW","86742272","529.909","Kuwait"
"9940","Al-Etihad Cooperative Insurance","8170.SR","86714441","1.73429","Saudi Arabia"
"9941","CGRE AG","CGX.F","86679556","14.4466","Germany"
"9942","Yiren Digital","YRD","86674824","0.9907","China"
"9943","Buzzfeed","BZFD","86668120","1.04","United States"
"9944","Devyser Diagnostics","DVYSR.ST","86632989","5.12931","Sweden"
"9945","Himatsingka Seide","HIMATSEIDE.NS","86627122","0.688926","India"
"9946","SkinHealth Systems","SKIN","86517576","0.6648","United States"
"9947","Athos Immobilien","ATH.VI","86514233","49.5962","Austria"
"9948","Velo3D","VLDX","86513896","6.15","United States"
"9949","Bait Vegag Real Estate Development","BVGG.TA","86491428","1.56698","Israel"
"9950","XXL ASA","XXL.OL","86472902","0.988001","Norway"
"9951","Drilling Tools International","DTI","86441448","2.45","United States"
"9952","mwb fairtrade AG","MWB0.DE","86386265","11.6028","Germany"
"9953","Nilörngruppen","NIL-B.ST","86295803","7.56849","Sweden"
"9954","Smith Douglas Homes","SDHC","86274736","10.28","United States"
"9955","Hyperfine","HYPR","86249384","0.8133","United States"
"9956","AudioEye","AEYE","86227968","6.86","United States"
"9957","Laox Holdings","8202.T","86175178","0.942669","Japan"
"9958","Vistin Pharma","VISTN.OL","86056827","1.94064","Norway"
"9959","BCP Investment Corporation","BCIC","85942544","6.94","United States"
"9960","Microbot Medical","MBOT","85635120","1.275","United States"
"9961","Arabian International Healthcare Holding","9530.SR","85462352","4.27312","Saudi Arabia"
"9962","Groupe LDLC","ALLDL.PA","85267421","13.9688","France"
"9963","Peter Warren Automotive Holdings Limited","PWR.AX","85203480","0.494633","Australia"
"9964","LENSAR","LNSR","85018184","6.92","United States"
"9965","Grand Twins International Cambodia","GTI.KH","84917304","2.12","Cambodia"
"9966","Cavatina Holding Spólka Akcyjna","CAV.WA","84887770","3.33862","Poland"
"9967","Sterling Tools","STERTOOLS.NS","84861716","2.33493","India"
"9968","Marpai","MRAI","84782280","3.16","United States"
"9969","Telomir Pharmaceuticals","TELO","84593200","1.23","United States"
"9970","Martin Midstream Partners","MMLP","84509328","2.16","United States"
"9971","Norse Atlantic ASA","NORSE.OL","84476844","0.0285574","Norway"
"9972","Otovo ASA","OTOVO.OL","84474514","1.0571","Norway"
"9973","Adicet Bio","ACET","84440648","9.02","United States"
"9974","OEX S.A.","OEX.WA","84244537","13.2621","Poland"
"9975","Summit State Bank","SSBI","84142872","12.435","United States"
"9976","Taageer Finance","TFCI.OM","84023770","0.296181","Oman"
"9977","Blink Charging","BLNK","83963000","0.5793","United States"
"9978","Venu Holding Corporation","VENU","83643008","1.48","United States"
"9979","Pharol, SGPS S.A.","PHR.LS","83575218","0.101695","Portugal"
"9980","the Marygold Companies","MGLD","83461552","1.93","United States"
"9981","Vitura SA","VTR.PA","83387708","4.89137","France"
"9982","Al Fujairah National Insurance Company","AFNIC.AE","83352848","62.62","United Arab Emirates"
"9983","Cheetah Mobile","CMCM","83183528","2.68","China"
"9984","Cable One","CABO","83123000","14.65","United States"
"9985","Kuwait Emirates Holding Company","EMIRATES.KW","83095418","471.391","Kuwait"
"9986","Nanoform Finland","NANOFS.ST","83066091","0.968646","Finland"
"9987","Creepy Jar","CRJ.WA","83039138","118.735","Poland"
"9988","Zephyr Energy plc","ZPHR.L","82921652","0.039473","United Kingdom"
"9989","BioPorto","BIOPOR.CO","82860603","0.167363","Denmark"
"9990","Asetek","ASTK.CO","82564016","0.260469","Denmark"
"9991","Jushi Holdings","JUSHF","82261016","0.41193","United States"
"9992","Euroapi","EAPI.PA","82043142","0.858833","France"
"9993","Pulmonx","LUNG","82031192","1.91","United States"
"9994","Hily Holding","HH.AE","81688226","0.68","United Arab Emirates"
"9995","Scully Royalty","SRL","81613240","5.36","China"
"9996","Chegg","CHGG","81571896","0.7347","United States"
"9997","Ebixcash India","EBIXFOREX.NS","81507586","7.31","India"
"9998","United Finance Co. SAOG","UFCI.OM","81421673","0.228631","Oman"
"9999","Atlas Lithium","ATLX","81269472","2.7","United States"
"10000","Tile Shop Holdings","TTSH","81236352","2.04","United States"
"10001","Galfar Engineering and Contracting","GECS.OM","81215673","0.400104","Oman"
"10002","DelfinGroup AS","DGR1R.RG","81210154","1.78592","Latvia"
"10003","Abitare In S.p.A.","ABT.MI","81124093","3.1737","Italy"
"10004","Banader Hotels Company","BANADER.BH","81106824","0.695145","Bahrain"
"10005","Quick Heal","QUICKHEAL.NS","81079605","1.49391","India"
"10006","Dolphin Drilling","DDRIL.OL","81076231","0.199323","Norway"
"10007","Arbe Robotics","ARBE","80901576","0.635","Israel"
"10008","Al Sagr Cooperative Insurance Company","8180.SR","80720356","2.69068","Saudi Arabia"
"10009","LUDWIG BECK am Rathauseck - Textilhaus Feldmeier","ECK.DE","80700714","21.8405","Germany"
"10010","Silvercrest Asset Management Group","SAMG","80564360","10.3","United States"
"10011","Sera Prognostics","SERA","80476904","2.04","United States"
"10012","Hennessy Advisors","HNNA","80466896","10.18","United States"
"10013","Takween Advanced Industries","1201.SR","80463329","1.0523","Saudi Arabia"
"10014","Advanced Flower Capital","AFCG","79988768","3.56","United States"
"10015","Scherzer &amp; Co. AG","PZS.DE","79903281","3.02582","Germany"
"10016","Aptera Motors","SEV","79869952","1.97","United States"
"10017","Agfa-Gevaert","AGFB.BR","79690918","0.514731","Belgium"
"10018","ALBA SE","ABA.F","79586725","8.08808","Germany"
"10019","Thryv","THRY","79546008","1.79","United States"
"10020","Mashaer Holding Company K.S.C.P.","MASHAER.KW","79265119","494.148","Kuwait"
"10021","Al Madar Kuwait Holding Company","MADAR.KW","79247941","383.615","Kuwait"
"10022","Nexstim","NXTMH.HE","79006946","10.9203","Finland"
"10023","Hoffmann Green Cement Technologies","ALHGR.PA","78970854","4.47048","France"
"10024","LanzaTech Global","LNZA","78927656","6.03","United States"
"10025","Lifevantage","LFVN","78809920","6.26","United States"
"10026","OQIC Oman Qatar Insurance Company","OQIC.OM","78745365","0.488439","Oman"
"10027","Sono-Tek Corporation","SOTK","78740784","5.01","United States"
"10028","Warba Capital Holding Company","WARBACAP.KW","78510906","2617.04","Kuwait"
"10029","Enigmatig","EGG","78414560","2.8","Singapore"
"10030","Casino Guichard-Perrachon","CO.PA","78381242","0.195882","France"
"10031","Air T, Inc.","AIRT","78279656","29.03","United States"
"10032","Nankai Tatsumura Construction","1850.T","78190984","2.78979","Japan"
"10033","InterCure","INCR","78169624","5.21","Israel"
"10034","Blackboxstocks","BLBX","78138184","18.15","United States"
"10035","Panasonic Manufacturing Malaysia Berhad","3719.KL","78108093","1.28582","Malaysia"
"10036","Kokuyo Camlin","KOKUYOCMLN.NS","77994334","0.777581","India"
"10037","Ispire Technology","ISPR","77968536","1.35","United States"
"10038","High Co.","HCO.PA","77771437","3.92447","France"
"10039","Senergy Holding Company K.S.C.P.","SENERGY.KW","77751179","770.481","Kuwait"
"10040","OS Therapies","OSTX","77696680","1.66","United States"
"10041","Charlotte's Web","CWEB.TO","77604934","0.286057","United States"
"10042","SAICO (Saudi Arabian Cooperative Insurance Company)","8100.SR","77603431","2.58678","Saudi Arabia"
"10043","Swvl Holdings","SWVL","77524560","4.09","United Arab Emirates"
"10044","Icape Holding","ALICA.PA","77472222","9.82823","France"
"10045","Elite Express","ETS","77459512","1.59","United States"
"10046","Moulinvest","ALMOU.PA","77447014","25.5944","France"
"10047","Alliance Aviation Services","AQZ.AX","77364737","0.354311","Australia"
"10048","Fractyl Health","GUTS","77297728","0.4856","United States"
"10049","Creo Medical Group","CREO.L","77271618","0.159058","United Kingdom"
"10050","Steel Connect","STCN","77168096","12.18","United States"
"10051","Energous","WATT","77102640","13.95","United States"
"10052","Wiener Privatbank","WPB.VI","76854399","15.3566","Austria"
"10053","PWO AG","PWO.DE","76783071","24.5706","Germany"
"10054","Elica S.p.A.","ELC.MI","76640107","1.30816","Italy"
"10055","iBio","IBIO","76525640","1.19","United States"
"10056","Corero Network Security","CNS.L","76409977","0.14919","United Kingdom"
"10057","Maytronics","MTRN.TA","76364475","0.695856","Israel"
"10058","Aqar Real Estate Investments Company","AQAR.KW","76323390","341.352","Kuwait"
"10059","Llorente &amp; Cuenca","LLYC.MC","76131869","6.54078","Spain"
"10060","Pullup Entertainment","ALPUL.PA","76108482","9.5211","France"
"10061","Western Bulk","WEST.OL","76073756","2.32456","Norway"
"10062","Fortress Biotech","FBIO","76040264","2.28","United States"
"10063","EcoSynthetix","ECO.TO","75982773","1.29256","Canada"
"10064","AMC Robotics Corporation","AMCI","75969120","3.18","United States"
"10065","Premier Miton Group plc","PMI.L","75864768","0.477175","United Kingdom"
"10066","Credit Rating And Collection Company","TAHSSILAT.KW","75633942","458.388","Kuwait"
"10067","IBU-tec advanced materials AG","IBU.DE","75375382","15.8685","Germany"
"10068","Emperor International","0163.HK","75264987","0.0136441","Hong Kong"
"10069","Noodles &amp; Company","NDLS","75239584","12.61","United States"
"10070","Victoria PLC","VCP.L","75171612","0.649499","United Kingdom"
"10071","Home Federal Bancorp (HFB Bank)","HFBL","75158728","24.8","United States"
"10072","Verrica Pharmaceuticals","VRCA","75071304","4.37","United States"
"10073","Feiyu Technology International Company","1022.HK","74711686","0.042706","China"
"10074","Water Intelligence plc","WATR.L","74674030","4.44038","United Kingdom"
"10075","Cantourage Group SE","HIGH.DE","74660887","6.23365","Germany"
"10076","Comscore","SCOR","74555040","4.91","United States"
"10077","Umbrella Global Energy","UMB.MC","74549319","3.45808","Spain"
"10078","11 bit studios","11B.WA","74483567","30.814","Poland"
"10079","Elevate Uranium","EL8.AX","74444431","0.157861","Australia"
"10080","Aura Energy","AURA.L","74319091","0.0729018","Australia"
"10081","SoundThinking 
 (ShotSpotter)","SSTI","74243776","5.64","United States"
"10082","NSTS Bancorp","NSTS","74174208","14.12","United States"
"10083","Alithya Group","ALYA.TO","74156396","0.766351","Canada"
"10084","Northern Technologies International","NTIC","74037608","7.8","United States"
"10085","Omer-Decugis & Cie","ALODC.PA","73986202","8.71346","France"
"10086","Bango","BGO.L","73887741","0.958923","United Kingdom"
"10087","Microlise","SAAS.L","73792571","0.636233","United Kingdom"
"10088","Rapala VMC Corporation","RAP1V.HE","73518460","1.92811","Finland"
"10089","Villars Holding","VILN.SW","73424013","703.565","Switzerland"
"10090","Great Elm Capital","GECC","73337880","5.28","United States"
"10091","ad pepper media International","APM.DE","73142985","3.00307","Germany"
"10092","Amana Cooperative Insurance Company","8310.SR","73085222","1.69966","Saudi Arabia"
"10093","Oman Reinsurance","ORIC.OM","73047352","0.220837","Oman"
"10094","MAIA Biotechnology","MAIA","73001056","1.2","United States"
"10095","Railcare Group AB","RAIL.ST","72838873","2.98122","Sweden"
"10096","CMGE Technology Group","0302.HK","72748182","0.023329","China"
"10097","Aldeyra Therapeutics","ALDX","72693336","1.205","United States"
"10098","OKYO Pharma","OKYO","72421752","1.38","United Kingdom"
"10099","Haulotte Group","PIG.PA","72337639","2.45706","France"
"10100","Austin Engineering","ANG.AX","72134495","0.115765","Australia"
"10101","Kellton Tech Solutions","KELLTONTEC.NS","71975867","0.136368","India"
"10102","CVRx","CVRX","71932312","2.7","United States"
"10103","InfraCom Group AB","INFRA.ST","71809308","2.06778","Sweden"
"10104","United Homes Group","UHG","71769208","1.22","United States"
"10105","Prevas AB","PREV-B.ST","71653882","5.56093","Sweden"
"10106","Spero Therapeutics","SPRO","71628840","1.23","United States"
"10107","The InterGroup Corporation","INTG","71619904","33.33","United States"
"10108","Research Solutions","RSSS","71239224","2.11","United States"
"10109","McPhy Energy","MCPHY.PA","71172382","2.53774","France"
"10110","WISeKey International","WKEY","71157888","5.99","Switzerland"
"10111","Alcadon Group AB","ALCA.ST","71104499","2.90092","Sweden"
"10112","PMV Pharmaceuticals","PMVP","71099216","1.33","United States"
"10113","WeShop Holdings","WSHP","71005824","6.06","British Virgin Islands"
"10114","Regis Corporation","RGS","70916952","28.365","United States"
"10115","FC Porto","FCP.LS","70640112","3.13957","Portugal"
"10116","SelectQuote","SLQT","70629256","0.4","United States"
"10117","Saudi Vitrified Clay Pipe Company","2360.SR","70530410","4.70203","Saudi Arabia"
"10118","Titanium Oyj","TITAN.HE","70490008","6.80241","Finland"
"10119","BRAIN Biotech","BNN.DE","70331487","3.2192","Germany"
"10120","Cingulate","CING","70237016","4.83","United States"
"10121","Shuaiba Industrial Company","PAPER.KW","69822010","703.583","Kuwait"
"10122","Kuantum Papers","KUANTUM.NS","69736359","0.799146","India"
"10123","Ithmaar Holding","ITHMR.BH","69725863","0.339","Bahrain"
"10124","Fidelity United insurance","FIDELITYUNITED.AE","69716776","0.44","United Arab Emirates"
"10125","Smart Good Things Holding","MLSGT.PA","69706554","3.24751","France"
"10126","AMTD IDEA Group","AMTD","69455144","0.7318","Hong Kong"
"10127","gumi","3903.T","69349929","1.28662","Japan"
"10128","CarParts.com","PRTS","69325312","8.56","United States"
"10129","Quantum Graphite","QGL.AX","69268224","0.19645","Australia"
"10130","Al Kathiri Holding Company","3008.SR","69251829","0.306364","Saudi Arabia"
"10131","The Italian Sea Group","TISG.MI","69211692","1.30588","Italy"
"10132","Fairwood Holdings","0052.HK","69199815","0.534144","Hong Kong"
"10133","Amar Finance and Leasing Company","AMAR.KW","69181523","354.356","Kuwait"
"10134","Wallbox","WBX","69126528","2.85","Spain"
"10135","Gold Hydrogen Limited","GHY.AX","69001327","0.382376","Australia"
"10136","Scana ASA","SCANA.OL","68987724","0.149361","Norway"
"10137","Ekinops","EKI.PA","68964403","2.55375","France"
"10138","Airtasker","ART.AX","68686244","0.140321","Australia"
"10139","Manazel Holding Company","MANAZEL.KW","68566549","159.298","Kuwait"
"10140","Lake Resources NL","LKE.AX","68413532","0.0266611","Australia"
"10141","Antalpha Platform","ANTA","68200736","2.84","Singapore"
"10142","Infas Holding AG","IFS.F","68080990","7.56455","Germany"
"10143","Widam Food Company","WDAM.QA","67994504","0.377747","Qatar"
"10144","Town Centre Securities","TOWN.L","67992523","1.61868","United Kingdom"
"10145","Xlife Sciences","XLS.SW","67969743","11.7862","Switzerland"
"10146","WM Technology","MAPS","67920520","0.39","United States"
"10147","Forian","FORA","67792720","2.17","United States"
"10148","SolarBank","SUUN","67617776","1.44","Canada"
"10149","National Hotels Company (Bahrain)","NHOTEL.BH","67571639","0.0610241","Bahrain"
"10150","Westwater Resources","WWR","67535112","0.5253","United States"
"10151","Hayah Insurance Company","HAYAH.AE","67523414","0.34","United Arab Emirates"
"10152","Esterad Investment Company","ESTERAD.BH","67515195","0.557177","Bahrain"
"10153","Genasys","GNSS","67402176","1.48","United States"
"10154","Gossamer Bio","GOSS","66913316","10.94","United States"
"10155","Pliant Therapeutics","PLRX","66875652","1.08","United States"
"10156","Pyxis Tankers","PXS","66861940","6.53","Greece"
"10157","Kapsch TrafficCom","KTCG.VI","66855873","4.67524","Austria"
"10158","NOVONIX","NVX","66851572","2.68","Australia"
"10159","Guillemot Corporation","GUI.PA","66782394","4.62973","France"
"10160","INVL Technology UTIB","INC1L.VS","66766191","5.57388","Lithuania"
"10161","PodcastOne","PODC","66555932","2.2","United States"
"10162","Usio","USIO","66394312","2.33","United States"
"10163","Ideal Power","IPWR","66231664","4.03","United States"
"10164","Artifex Mundi","ART.WA","66214707","5.50807","Poland"
"10165","XBiotech","XBIT","66158380","2.17","United States"
"10166","Tigo Energy","TYGO","66010036","0.8598","United States"
"10167","Universal Electronics","UEIC","65971516","5.12","United States"
"10168","AMCON Distributing Company","DIT","65942812","67.56","United States"
"10169","NFON AG","NFN.DE","65910629","3.94722","Germany"
"10170","Coffee Day Enterprises","COFFEEDAY.NS","65846978","0.311699","India"
"10171","Planet Image International","YIBO","65749984","1.11","China"
"10172","Wakamoto Pharmaceutical","4512.T","65653300","1.89171","Japan"
"10173","SunPower","SPWR","65583120","0.3141","United States"
"10174","Kamux","KAMUX.HE","65469365","1.71084","Finland"
"10175","Development Works Food Company","6013.SR","65375500","21.7918","Saudi Arabia"
"10176","MHP Hotel AG","CDZ0.F","65371260","1.41053","Germany"
"10177","Nightingale Health","HEALTH.HE","65229146","1.08065","Finland"
"10178","CleanCore Solutions","ZONE","65221524","0.1299","United States"
"10179","Kuwait and Gulf Link Transport Company","KGL.KW","65160949","234.91","Kuwait"
"10180","Airgain","AIRG","65153508","5.14","United States"
"10181","MindWalk Holdings","HYFT","65014100","1.38","United States"
"10182","OSE Immunotherapeutics","OSE.PA","64982758","2.62769","France"
"10183","Gambling.com Group","GAMB","64852964","1.84","Jersey"
"10184","DocCheck","AJ91.DE","64641950","12.7403","Germany"
"10185","Rein Therapeutics","RNTX","64562244","0.7484","United States"
"10186","Geospace Technologies","GEOS","64548656","4.99","United States"
"10187","Fernheizwerk Neukölln","FHW.F","64361277","27.9832","Germany"
"10188","Gulf Mushroom Products Company SAOG","GMPI.OM","64350349","1.27825","Oman"
"10189","Kaixin Holdings","KXIN","64295540","1.42","China"
"10190","Imagineer","4644.T","64280288","6.66875","Japan"
"10191","GTPL Hathway","GTPL.NS","64274638","0.571518","India"
"10192","Off the Hook YS Inc","OTH","64247460","2.57","United States"
"10193","Great Elm Group","GEG","64224372","2.16","United States"
"10194","Pricer AB","PRIC-B.ST","64214501","0.392979","Sweden"
"10195","Azure Power","AZREF","64166360","1","India"
"10196","LumenRadio","LUMEN.ST","64157512","5.09919","Sweden"
"10197","Myomo","MYO","63768648","1.61","United States"
"10198","First Breach Inc.","FBDT","63584868","1.14","United States"
"10199","Marks Electrical Group","MRK.L","63429298","0.609724","United Kingdom"
"10200","Yatra","YTRA","63350276","0.99","India"
"10201","Alfajar Al Alamia Co. SAOG","AFAI.OM","63312921","1.28345","Oman"
"10202","Jaypee Group","JPASSOCIAT.NS","62935016","0.0256397","India"
"10203","Phnom Penh SEZ","PPSP.KH","62851148","0.44","Cambodia"
"10204","OSOS Holding Group Company K.P.S.C.","OSOS.KW","62836153","575.423","Kuwait"
"10205","Hyperion DeFi","HYPD","62779312","4.04","United States"
"10206","Altisource Portfolio Solutions","ASPS","62696928","5.49","Luxembourg"
"10207","Airship AI","AISP","62680000","1.82","United States"
"10208","Gentili Mosconi","GM.MI","62461607","3.28745","Italy"
"10209","AgEagle Aerial Systems","UAVS","62440204","0.9926","United States"
"10210","Zentek","ZTEK","62296812","0.492","Canada"
"10211","Full House Resorts","FLL","62295616","1.7","United States"
"10212","Pelagic Credit Plc","PLGC.OL","62268726","1.68294","Cyprus"
"10213","MiNK Therapeutics","INKT","62154564","12.18","United States"
"10214","Chinese Gamer International","3083.TWO","62142862","0.718531","Taiwan"
"10215","Sharjah Insurance","SICO.AE","62081359","0.41","United Arab Emirates"
"10216","Wakou Shokuhin","2813.T","61978826","24.8406","Japan"
"10217","STV Group plc","STVG.L","61889353","1.352","United Kingdom"
"10218","RAPCO Investment","RAPCO.AE","61848717","0.65","United Arab Emirates"
"10219","Mobilicom","MOB","61764736","4.8","Australia"
"10220","tinyBuild","8Z3.F","61736861","0.156979","United States"
"10221","Ekopak","EKOP.BR","61722169","3.52633","Belgium"
"10222","EML Payments","EML.AX","61483000","0.157861","Australia"
"10223","Talphera","TLPH","61248836","1.18","United States"
"10224","Hour Loop","HOUR","61247688","1.74","United States"
"10225","Aram Group","ARAM.AE","61225248","0.78","United Arab Emirates"
"10226","Gogoro","GGR","61224420","3.05","Taiwan"
"10227","Inseego","INSG","61200420","3.76","United States"
"10228","Gentian Diagnostics ASA","GENT.OL","60974802","3.94439","Norway"
"10229","Pelican Aqua Holding","PLCAN.OL","60917118","1.44628","Cyprus"
"10230","Talenom","TNOM.HE","60857921","1.33318","Finland"
"10231","Zepp Health","ZEPP","60713020","4.14","China"
"10232","TTEC","TTEC","60634008","1.23","United States"
"10233","Musandam Power","MSPW.OM","60532839","0.859964","Oman"
"10234","Boundless Bio","BOLD","60509640","2.66","United States"
"10235","LightInTheBox Holding","LITB","60461976","3.065","Singapore"
"10236","ARN Media","A1N.AX","60400516","0.192942","Australia"
"10237","Salama Cooperative Insurance Company","8050.SR","60340464","2.01135","Saudi Arabia"
"10238","BranchOut Food","BOF","60323508","3.71","United States"
"10239","3P Learning","3PL.AX","60314005","0.221006","Australia"
"10240","SYLA Technologies","SYT","60158036","2.26","Japan"
"10241","Battalion Oil","BATL","60146260","1.05","United States"
"10242","Apollo Minerals Limited","AON.AX","60111409","0.0477093","Australia"
"10243","Mercor","MCR.WA","60022987","3.9232","Poland"
"10244","Solitario Resources","XPL","60020480","0.6339","United States"
"10245","Sino-Entertainment Technology","6933.HK","60018270","0.140229","China"
"10246","N.B.I. Industrial Finance","NBIFIN.NS","59971235","20.2959","India"
"10247","Berentzen-Gruppe","BEZ.DE","59625520","6.3474","Germany"
"10248","Castellum","CTM","59598472","0.6288","United States"
"10249","MGI Digital Technology","ALMDG.PA","59585292","9.75998","France"
"10250","Al-Omran Industrial Trading Company","4141.SR","59493300","4.95777","Saudi Arabia"
"10251","Future Kid Entertainment and Real Estate Company","FUTUREKID.KW","59492804","500.65","Kuwait"
"10252","Ascot Resources","AOT.TO","59394492","0.0399384","Canada"
"10253","Identiv","INVE","59377592","2.45","United States"
"10254","System1 Group","SYS1.L","59371756","4.67897","United Kingdom"
"10255","Caspian Sunrise","CASP.L","59341779","0.0251842","United Kingdom"
"10256","iLearningEngines","AILE","59292656","0.42","United States"
"10257","Nordisk Bergteknik AB","NORB-B.ST","59177751","1.03389","Sweden"
"10258","Abundia Global Impact Group","AGIG","59161432","1.34","United States"
"10259","Metal and Recycling Company K.S.C.","MRC.KW","59160866","656.697","Kuwait"
"10260","Fermentalg","ALGAE.PA","59139377","0.493687","France"
"10261","Mereo BioPharma Group","MREO","59085660","0.37","United Kingdom"
"10262","Kandi Technologies Group","KNDI","59044236","0.588","China"
"10263","iHuman","IH","58779792","1.15","China"
"10264","VITA 34","V3V.DE","58694145","3.36708","Germany"
"10265","Trophy Games","TGAMES.CO","58636297","2.06921","Denmark"
"10266","Naseej International Trading Company","1213.SR","58347669","3.39665","Saudi Arabia"
"10267","Getty Images","GETY","58239508","0.1404","United States"
"10268","Marchex","MCHX","58082632","1.31","United States"
"10269","eXoZymes","EXOZ","57962084","6.245","United States"
"10270","PDS Biotechnology","PDSB","57769192","0.7971","United States"
"10271","Global Self Storage","SELF","57678172","5.05","United States"
"10272","audius SE","3ITN.DE","57653790","11.7165","Germany"
"10273","Erbud","ERB.WA","57651525","4.83255","Poland"
"10274","FUJI UNITED HOLDINGS CO LTD","416A.T","57587858","8.72606","Japan"
"10275","Solutions 30","S30.PA","57547909","0.537481","Luxembourg"
"10276","Agile Content","AGIL.MC","57369454","2.50256","Spain"
"10277","GEN Restaurant Group","GENK","57358436","1.74","United States"
"10278","Outset Medical","OM","57331348","3.05","United States"
"10279","Gabriel Holding A/S","GABR.CO","57290165","31.3425","Denmark"
"10280","Oman National Engineering and Investment Co. (SAOG)","ONES.OM","57287607","0.381917","Oman"
"10281","Nordwest Handel","NWX.F","57238652","17.8592","Germany"
"10282","Playstudios","MYPS","57213816","0.4763","United States"
"10283","MacroWell OMG Digital Entertainment","3687.TWO","57120239","1.89617","Taiwan"
"10284","Catana Group","ALCAT.PA","57085117","2.00205","France"
"10285","Travelzoo","TZOO","56929040","5.58","United States"
"10286","TELA Bio","TELA","56880692","1.26","United States"
"10287","MarketWise","MKTW","56803744","20.34","United States"
"10288","Naked Wines","WINE.L","56797263","0.858915","United Kingdom"
"10289","Rent the Runway","RENT","56662796","1.67","United States"
"10290","Coheris SA","COH.PA","56655259","9.96474","France"
"10291","FreeCast, Inc.","CAST","56621468","1.19","United States"
"10292","AEye","LIDR","56473324","1.21","United States"
"10293","hVIVO","HVO.L","56390413","0.0819151","United Kingdom"
"10294","INmune Bio","INMB","56340188","2.03","United States"
"10295","Leifras","LFS","55983728","2.14","Japan"
"10296","Linz Textil","LTH.VI","55966328","186.554","Austria"
"10297","Annovis Bio","ANVS","55909568","1.31","United States"
"10298","Heron Therapeutics","HRTX","55854548","0.2942","United States"
"10299","Saudi Enaya Cooperative Insurance Company","8311.SR","55819591","2.42694","Saudi Arabia"
"10300","Cyberoo","CYB.MI","55763056","1.36503","Italy"
"10301","The9","NCTY","55746904","3.65","China"
"10302","Watkin Jones Plc","WJG.L","55741646","0.216956","United Kingdom"
"10303","Rapid Micro Biosystems","RPID","55677108","1.11","United States"
"10304","Rekor Systems","REKR","55605148","0.404","United States"
"10305","NaaS Technology","NAAS","55600480","3.26","China"
"10306","Solidion Technology","STI","55503268","6.52","United States"
"10307","GreenMobility A/S","GREENM.CO","55329993","9.4636","Denmark"
"10308","Wittchen","WTN.WA","55291337","2.99306","Poland"
"10309","Nano Labs","NA","55249536","2.38","China"
"10310","Tuniu Corporation","TOUR","55187884","5.08","China"
"10311","Thimar Development Holding Company","4160.SR","55169566","8.48763","Saudi Arabia"
"10312","American Vanguard","AVD","55166180","1.87","United States"
"10313","Largo","LGO","55073552","0.534","Canada"
"10314","Cabka","7GW.F","55029392","2.21818","Germany"
"10315","Garo Aktiebolag","GARO.ST","55007044","1.10014","Sweden"
"10316","Saga Communications","SGA","54678700","8.6","United States"
"10317","Freightos","CRGO","54677156","1.05","Israel"
"10318","Ultimate Products","ULTP.L","54630045","0.65479","United Kingdom"
"10319","Aptech","APTECHT.NS","54546456","0.94041","India"
"10320","Accendra Health","ACH","54448532","0.708","United States"
"10321","Idaho Copper Corporation","COPR","54367464","3.07","United States"
"10322","Sequana Medical","SEQUA.BR","54331829","0.695029","Belgium"
"10323","Bever Holding","BEVER.AS","54329576","3.18508","Netherlands"
"10324","Allied Esports","AESE","54324936","1.3899","United States"
"10325","Skillsoft","SKIL","54147640","5.95","United States"
"10326","SAF Tehnika A/S","SAF1R.RG","54058558","18.2004","Latvia"
"10327","WASGAU Produktions &amp; Handels AG","MSH.F","54055282","8.19019","Germany"
"10328","Churchill China","CHH.L","53936678","4.9043","United Kingdom"
"10329","MDxHealth","MDXH","53929904","0.5652","Belgium"
"10330","Intchains Group","ICG","53909088","0.881","China"
"10331","Branicks Group","BRNK.DE","53802841","0.64384","Germany"
"10332","Where Food Comes From","WFCF","53740024","10.7919","United States"
"10333","ImageneBio","IMA","53685892","4.72","United States"
"10334","Muscat Finance","MFCI.OM","53465325","0.174071","Oman"
"10335","SunCar Technology Group","SDA","53452904","0.524","China"
"10336","Poulaillon","ALPOU.PA","53432539","10.4542","France"
"10337","BG Staffing","BGSF","53398824","5","United States"
"10338","374Water","SCWO","53331660","3.01","United States"
"10339","The Arena Group","AREN","53323932","1.12","United States"
"10340","TechPrecision","TPCS","53300956","5.26","United States"
"10341","cyan AG","CYR.DE","53264619","2.45706","Germany"
"10342","Fire Rock","1909.HK","53242559","0.219267","China"
"10343","CMON","1792.HK","53202862","0.214805","Singapore"
"10344","CombinedX","CX.ST","53182240","2.73028","Sweden"
"10345","Serina Therapeutics","SER","53086984","2.09","United States"
"10346","Unikai Foods","UNIKAI.AE","52982308","1.36408","United Arab Emirates"
"10347","HWA AG","H9W.DE","52949888","3.01445","Germany"
"10348","Hindustan Media Ventures","HMVL.NS","52926245","0.718408","India"
"10349","Gamesparcs","6542.TWO","52860747","1.28927","Taiwan"
"10350","W5 Solutions AB","W5.ST","52813229","2.70016","Sweden"
"10351","Allied Cooperative Insurance Group","8150.SR","52715987","1.81155","Saudi Arabia"
"10352","Xtant Medical","XTNT","52706188","0.3757","United States"
"10353","Brera Holdings","SLMT","52624428","4.78","Ireland"
"10354","Ferrum S.A. de Cerámica y Metalurgia","FERR.BA","52545611","0.0113808","Argentina"
"10355","Laser Photonics","LASE","52328164","0.8625","United States"
"10356","Bilendi SA","ALBLD.PA","52165632","11.2615","France"
"10357","Luna Innovations","LUNA","52045528","1.5","United States"
"10358","Aiming Inc","3911.T","52018361","1.11464","Japan"
"10359","Bahrain Ship Repairing and Engineering Company","BASREC.BH","52008492","0.416556","Bahrain"
"10360","Dr. Hönle AG","HNL.DE","51992241","8.57695","Germany"
"10361","The ONE Group Hospitality","STKS","51970000","1.64","United States"
"10362","3i Infotech","3IINFOLTD.NS","51859286","0.249922","India"
"10363","Verde Clean Fuels","VGAS","51677564","1.16","United States"
"10364","OT Logistics","OTS.WA","51661384","3.94398","Poland"
"10365","Pekabex","PBX.WA","51602300","2.07852","Poland"
"10366","Shengfeng Development","SFWL","51533444","9.37","China"
"10367","Greenidge Generation Holdings","GREE","51500392","2.84","United States"
"10368","G8 Education","GEM.AX","51426422","0.0666526","Australia"
"10369","Exasol AG","EXL.DE","51257526","1.92811","Germany"
"10370","Regal Hotels International","0078.HK","50987910","0.0567289","Hong Kong"
"10371","Odysight.ai","ODYS","50756848","3.02","Israel"
"10372","ORBIS AG","OBS.DE","50627827","5.34638","Germany"
"10373","Vroom","VRM","50563880","9.66","United States"
"10374","Itera ASA","ITERA.OL","50384342","0.620584","Norway"
"10375","Nano-X Imaging","NNOX","50312448","0.6402","Israel"
"10376","TransAct Technologies","TACT","50280172","4.87","United States"
"10377","Shimao Property","0813.HK","50260899","0.00484426","Hong Kong"
"10378","VEEM Ltd","VEE.AX","49935766","0.340279","Australia"
"10379","Ebusco Holding","EBUS.AS","49901521","0.216813","Netherlands"
"10380","Swiss Steel","STLN.SW","49532747","1.60943","Switzerland"
"10381","SunScout Holding","SNSC","49530000","1.3","New Zealand"
"10382","Bayan Investment Holding Company","BAYANINV.KW","49369959","227.568","Kuwait"
"10383","Kuwait Hotels Company K.S.C.P.","KHOT.KW","49241542","793.238","Kuwait"
"10384","Viscom SE","V6C.DE","49221066","5.53976","Germany"
"10385","G5 Entertainment","G5EN.ST","49148696","6.6149","Sweden"
"10386","Columbus Energy","CLC.WA","49138074","0.71449","Poland"
"10387","BBX Capital Corporation","BBXIA","49083156","3.55","United States"
"10388","MicroVision","MVIS","48942164","1.6","United States"
"10389","Schwälbchen Molkerei","SMB.F","48913660","48.9137","Germany"
"10390","Cato Fashion","CATO","48784272","2.45","United States"
"10391","SHW AG","SW10.HM","48687056","7.56455","Germany"
"10392","Instil Bio","TIL","48626776","7.17","United States"
"10393","Gulf Franchising Holding Company","GFC.KW","48611233","1215.86","Kuwait"
"10394","Intellicheck","IDN","48437520","2.39","United States"
"10395","Sensus Healthcare","SRTS","48398456","2.94","United States"
"10396","GBK Beteiligungen AG","GBQ.HM","48373335","7.16642","Germany"
"10397","DEMIRE Deutsche Mittelstand Real Estate","DMRE.DE","48249417","0.457286","Germany"
"10398","Poujoulat","ALPJT.PA","48225602","6.1654","France"
"10399","Cettire Limited","CTT.AX","48146271","0.126289","Australia"
"10400","Hinduja Ventures","NXTDIGITAL.NS","48138727","1.43","India"
"10401","Celebrus Technologies","CLBS.L","48109728","1.2882","United Kingdom"
"10402","CDON AB","CDON.ST","48108448","4.19579","Sweden"
"10403","Prairie Operating","PROP","48051952","0.426","United States"
"10404","The Children's Place","PLCE","48032068","2.16","United States"
"10405","Renalytix","RENX.L","47445898","0.0785748","United Kingdom"
"10406","Sylogist","SYZ.TO","47248330","2.02006","Canada"
"10407","BLG Logistics","BLH.F","47175519","12.2853","Germany"
"10408","Elauwit Connection","ELWT","47166048","7.125","United States"
"10409","Gold Road International p.l.c.","GOLDR.OL","47151549","0.822536","Malta"
"10410","Qatar Electronic Systems","TQES.QA","47008931","0.556319","Qatar"
"10411","Toro Energy","TOE.AX","46891846","0.38985","Australia"
"10412","RYTHM, Inc.","RYM","46765024","21.76","United States"
"10413","Werewolf Therapeutics","HOWL","46652568","0.9599","United States"
"10414","Dhofar Generating Company","DGEN.OM","46191738","0.207846","Oman"
"10415","Sportsman's Warehouse","SPWH","46186924","1.18","United States"
"10416","Heritage Global","HGBL","46070464","1.33","United States"
"10417","Hvidbjerg Bank","HVID.CO","46013650","27.3866","Denmark"
"10418","Hutter &amp; Schrantz Stahlbau AG","HST.VI","45931692","30.7132","Austria"
"10419","GenFlat Holdings","GFLT","45868320","3.5","United States"
"10420","Hopscotch Global PR Group","ALHOP.PA","45776161","15.0154","France"
"10421","Reading International","RDI","45551356","1.99","United States"
"10422","Culp, Inc.","CULP","45337752","3.56","United States"
"10423","Meds Apotek AB","MEDS.ST","45300901","2.43918","Sweden"
"10424","Hain Celestial","HAIN","45273632","0.4975","United States"
"10425","Grove Collaborative","GROV","45263108","1.06","United States"
"10426","SGT German Private Equity","GAI.DE","45152941","0.975188","Germany"
"10427","IZEA Worldwide","IZEA","45108180","2.59","United States"
"10428","Navigo Invest","NAVIGO-STAM.ST","45102070","0.305149","Sweden"
"10429","Planet13","PLTH.CN","44999786","0.1342","United States"
"10430","AS Ekspress Grupp","EEG1T.TL","44820226","1.44785","Estonia"
"10431","Doxa AB","DOXA.ST","44807017","0.0341285","Sweden"
"10432","AS Silvano Fashion Group","SFG1T.TL","44636559","1.2399","Estonia"
"10433","Grace Therapeutics","GRCE","44596168","2.12","United States"
"10434","Pestech Cambodia","PEPC.KH","44585781","0.59","Cambodia"
"10435","Manhattan Bridge Capital","LOAN","44559488","3.9","United States"
"10436","Cliq Digital AG","CLIQ.DE","44511877","7.59868","Germany"
"10437","Sharqiyah Desalination Company SAOG","SHRQ.OM","44467077","0.454664","Oman"
"10438","Touax SCA","TOUP.PA","44392265","6.36395","France"
"10439","SMJ International","SMJF","44328000","1.6","Singapore"
"10440","Shoe Zone","SHOE.L","44242916","0.963894","United Kingdom"
"10441","Devolver Digital","DEVO.L","43969405","0.0911272","United States"
"10442","Cimbeton","CMBTN.IS","43907952","24.8068","Turkey"
"10443","Palms Agro Production Company","PAPCO.KW","43879962","838.752","Kuwait"
"10444","Sachem Capital","SACH","43873692","0.9149","United States"
"10445","Granite Point Mortgage Trust","GPMT","43851248","0.9151","United States"
"10446","Bahrain Cinema Company","CINECO.BH","43843700","2.62669","Bahrain"
"10447","Mobile Factory","3912.T","43843466","6.75155","Japan"
"10448","Gurunavi, Inc.","2440.T","43806374","0.777065","Japan"
"10449","SCYNEXIS","SCYX","43678784","4.39","United States"
"10450","Orapi SA","ORAP.PA","43596174","6.69206","France"
"10451","Synthaverse","SVE.WA","43478878","0.754761","Poland"
"10452","Metagenomi","MGX","43443668","1.15","United States"
"10453","Teads","TEAD","43442864","0.443","United States"
"10454","Equipment Holding Company K.S.C.P.","EQUIPMENT.KW","43433031","542.913","Kuwait"
"10455","Dish TV","DISHTV.NS","43350757","0.0235441","India"
"10456","Veru","VERU","43307812","2.54","United States"
"10457","Vantiva","VANTI.PA","43279271","0.0882721","France"
"10458","Indonesia Energy","INDO","43237020","2.81","Indonesia"
"10459","Wethaq Takaful Insurance Company K.S.C.P.","WETHAQ.KW","43193577","393.368","Kuwait"
"10460","Nass Corporation B.S.C.","NASS.BH","43183023","0.541114","Bahrain"
"10461","Stem, Inc","STEM","43127812","4.48","United States"
"10462","iFOREX","IFRX.L","43071048","1.92196","Guernsey"
"10463","Oman Chromite Company","OCCI.OM","42911145","11.8213","Oman"
"10464","Nippon Ichi Software","3851.T","42898992","8.47765","Japan"
"10465","Bragg Gaming Group","BRAG","42867496","1.38","Canada"
"10466","Aurelion Inc.","AURE","42864000","1.14","Hong Kong"
"10467","AXIL Brands","AXIL","42778208","6.27","United States"
"10468","Sequans Communications","SQNS","42752200","2.85","France"
"10469","Nutun Limited","NTU.JO","42724700","0.0547295","South Africa"
"10470","Mister Spex","MRX.F","42534846","1.2399","Germany"
"10471","Pattern S.p.A.","PTR.MI","42427427","2.84382","Italy"
"10472","Mentice AB","MNTC.ST","42348001","1.50567","Sweden"
"10473","Fractal Gaming Group","FRACTL.ST","42339910","1.45146","Sweden"
"10474","Precipio","PRPO","42337944","23.65","United States"
"10475","Vilniaus Baldai AB","VBL1L.VS","42218008","10.8634","Lithuania"
"10476","Paref SA","PAR.PA","42058231","27.7557","France"
"10477","Ekso Bionics","EKSO","42047896","11.8","United States"
"10478","Insurance House","IH.AE","42004261","0.37","United Arab Emirates"
"10479","Gigas Hosting","GIGA.MC","41981130","3.3557","Spain"
"10480","Fujairah Cement Industries","FCI.AE","41954280","0.12","United Arab Emirates"
"10481","Pixelworks","PXLW","41922292","6.93","United States"
"10482","TH International (Tims China)","THCH","41807668","1.305","China"
"10483","Skycorp Solar Group","PN","41753888","2.83","China"
"10484","Comtech Telecommunications","CMTL","41646392","1.39","United States"
"10485","Qatari German Company for Medical Devices","QGMD.QA","41630768","0.36044","Qatar"
"10486","Vivid Seats","SEAT","41592424","3.7","United States"
"10487","AS Pro Kapital Grupp","PKG1T.TL","41592227","0.733705","Estonia"
"10488","Sýn hf.","SYN.IC","41580163","0.1679","Iceland"
"10489","Kayak Inc","3904.T","41514445","2.69425","Japan"
"10490","FORTEC Elektronik AG","FEV.DE","41411538","12.7403","Germany"
"10491","Mirza International","MIRZAINT.NS","41292121","0.298781","India"
"10492","Odyssey Marine Exploration","OMEX","41289388","0.7035","United States"
"10493","MS Industrie","MSAG.DE","41255569","1.38778","Germany"
"10494","edding AG","EDD3.F","40508362","37.7447","Germany"
"10495","Qatar Cinema and Film Distribution Company","QCFS.QA","40462816","0.644231","Qatar"
"10496","Phunware","PHUN","40311472","1.97","United States"
"10497","3U Holding","UUU.DE","40204044","1.09203","Germany"
"10498","Celularity","CELU","39945424","1.38","United States"
"10499","Kuwait Real Estate Holding Company","ALAQARIA.KW","39876331","211.964","Kuwait"
"10500","People Can Fly","PCF.WA","39873817","0.865182","Poland"
"10501","Tessellis","TSL.MI","39768157","0.0912297","Italy"
"10502","Balco Group","BALCO.ST","39746841","1.7265","Sweden"
"10503","Wolford","WOL.VI","39678675","2.68456","Austria"
"10504","Mr.Bricolage","ALMRB.PA","39631486","3.67421","France"
"10505","Takaful Oman Insurance SAOG","TAOI.OM","39620680","0.158483","Oman"
"10506","Aiforia Technologies Oyj","AIFORIA.HE","39580383","1.0579","Finland"
"10507","Youlife Group Inc.","YOUL","39576468","0.4885","China"
"10508","Acanthe Développement","ACAN.PA","39500083","0.238881","France"
"10509","Kestrel Group","KG","39433112","5.04","Bermuda"
"10510","Diginex","DGNX","39325676","1.35","Hong Kong"
"10511","SHL Telemedicine","SHLT","39255860","2.05","Israel"
"10512","Massimo Motor","MAMO","39042556","0.9376","United States"
"10513","İşbir Holding","ISBIR.IS","39013678","1.20461","Turkey"
"10514","Dierig Holding AG","DIE.DE","38972685","9.49835","Germany"
"10515","New Fortress Energy","NFE","38960568","6.82","United States"
"10516","geechs","7060.T","38890609","3.828","Japan"
"10517","Immutep","IMMP","38832556","0.2635","Australia"
"10518","DATRON AG","DAR.DE","38812571","9.83961","Germany"
"10519","freelancer.com","FLN.AX","38754699","0.0859468","Australia"
"10520","INMA Holding Company","IHGS.QA","38742627","0.684066","Qatar"
"10521","Müller - Die lila Logistik","MLL.DE","38733490","4.86862","Germany"
"10522","Laird Superfood","LSF","38615452","3.45","United States"
"10523","Westport Fuel Systems","WPRT","38561340","2.03","Canada"
"10524","CervoMed","CRVO","38402504","2.54","United States"
"10525","Clasquin SA","ALCLA.PA","38325650","0.671141","France"
"10526","The Energy House Holding Company","ENERGYH.KW","38317823","845.254","Kuwait"
"10527","Estoril Sol","ESON.LS","38272955","3.20783","Portugal"
"10528","The National Investor PRJSC","TNI.AE","38263404","0.16","United Arab Emirates"
"10529","LivePerson","LPSN","38245620","3.1","United States"
"10530","Al Maha Ceramics","AMCI.OM","38009872","0.691089","Oman"
"10531","Stock3 AG","BOG.DE","37966101","33.8983","Germany"
"10532","Senzime AB","SEZI.ST","37874167","0.240907","Sweden"
"10533","Koss","KOSS","37865752","4","United States"
"10534","Axel Mark","3624.T","37856434","0.579614","Japan"
"10535","PAVmed","PAVM","37845088","3.845","United States"
"10536","Neo-Concept International Group","NCI","37786480","14.65","Hong Kong"
"10537","Eco Wave Power Global","WAVE","37749968","6.05","Israel"
"10538","Canacol Energy","CNE.TO","37737619","1.10603","Canada"
"10539","Actinium Pharmaceuticals","ATNM","37729724","1.2","United States"
"10540","Qatar Oman Investment Company","QOIS.QA","37681318","0.209341","Qatar"
"10541","PAL Next AG","PAL.DE","37517781","1.09852","Germany"
"10542","Netgem","ALNTG.PA","37458461","1.11933","France"
"10543","Delticom AG","DEX.DE","37453784","2.52531","Germany"
"10544","Spruce Power","SPRU","37349240","1.94","United States"
"10545","Optomed","OPTOMED.HE","37324615","1.73814","Finland"
"10546","Nok Air","NOKPF","37291868","0.01","Thailand"
"10547","Xos, Inc.","XOS","37250772","2.62","United States"
"10548","Adval Tech","ADVN.SW","37225190","50.9934","Switzerland"
"10549","Milestone Scientific","MLSS","37213968","0.4107","United States"
"10550","Muscat City Desalination Company","MCDE.OM","37180142","0.239023","Oman"
"10551","ATA Creativity Global","AACG","37159096","0.86","China"
"10552","NanoViricides","NNVC","36759388","1.44","United States"
"10553","Karyopharm Therapeutics","KPTI","36743964","1.62","United States"
"10554","Orient Paper Mills","ORIENTPPR.NS","36716340","0.173039","India"
"10555","U.S. Global Investors","GROW","36648624","2.98","United States"
"10556","Pioneer Power Solutions","PPSI","36627576","3.3","United States"
"10557","FRIWO","CEA.DE","36588446","4.2771","Germany"
"10558","Enzo Biochem","ENZB","36587800","0.69887","United States"
"10559","Vivoryon Therapeutics","05Y.F","36550503","1.23422","Germany"
"10560","Franklin Street Properties","FSP","36404100","0.35","United States"
"10561","Elutia","ELUT","36308312","0.8198","United States"
"10562","Harvard Bioscience","HBIO","36236348","7.96","United States"
"10563","Arabia Falcon Insurance Company (AFIC)","AFIC.OM","36232071","0.35074","Oman"
"10564","Enapter AG","H2O.DE","36226574","1.11478","Germany"
"10565","5th Planet Games","5PG.OL","36200489","0.134635","Denmark"
"10566","Filana Therapeutics","FLNA","36139136","0.7481","United States"
"10567","United Cooperative Assurance Company","8190.SR","36017796","0.900445","Saudi Arabia"
"10568","Kartoon Studios","TOON","35985072","0.5785","United States"
"10569","PyroGenesis Canada","PYR.TO","35973830","0.158921","Canada"
"10570","Forsee Power","FORSE.PA","35917580","0.307137","France"
"10571","Hydrogène de France","HDF.PA","35884331","2.47981","France"
"10572","Southland Holdings","SLND","35883720","0.6592","United States"
"10573","Al Abraaj Restaurants Group","ABRAAJ.BH","35601439","0.530645","Bahrain"
"10574","Al Faleh Educational Holding","FALH.QA","35538458","0.148077","Qatar"
"10575","Seres Therapeutics","MCRB","35357628","3.52","United States"
"10576","Gala Incorporated","4777.T","35343277","1.26114","Japan"
"10577","DIRTT Environmental Solutions","DRTT","35057372","0.3343","Canada"
"10578","PlaySide Studios","PLY.AX","35025474","0.0771767","Australia"
"10579","Silicon Studio","3907.T","34985133","12.7451","Japan"
"10580","Majan University College","BACS.OM","34980514","0.353339","Oman"
"10581","Lavoro","LVRO","34951524","0.304","Brazil"
"10582","Botanix Pharmaceuticals","BOT.AX","34875347","0.0126289","Australia"
"10583","Zeo Energy","ZEO","34713400","0.3812","United States"
"10584","VIDA Global Inc.","VIDA","34616148","1.73","United States"
"10585","ABO Energy","AB9.DE","34508806","3.74246","Germany"
"10586","LianBio","LIAN","34472096","0.319","United States"
"10587","KLX Energy Services","KLXE","34432180","1.61","United States"
"10588","Scilex Holding","SCLX","34399864","4.89","United States"
"10589","Harte Hanks","HHS","34289504","4.6","United States"
"10590","Cryo-Cell International","CCEL","34185636","4.24","United States"
"10591","RATH Aktiengesellschaft","RAT.VI","34125810","22.7505","Austria"
"10592","DocGo","DCGO","34080824","0.3445","United States"
"10593","Dalqan Real Estate Company","DALQAN.KW","33875237","561.178","Kuwait"
"10594","Ekttitab Holding Company K.S.C","EKTTITAB.KW","33871955","106.307","Kuwait"
"10595","Varengold Bank AG","VG8.DE","33822668","3.36779","Germany"
"10596","Rockwell Medical","RMTI","33734992","8.37","United States"
"10597","Asphere Innovations","AS.BK","33590283","0.0672819","Thailand"
"10598","The Beachbody Company","BODI","33218396","4.56","United States"
"10599","PetMed Express","PETS","33168738","1.53","United States"
"10600","Lulu's Fashion Lounge","LVLU","33137986","11.54","United States"
"10601","Gaia","GAIA","33053528","1.3","United States"
"10602","Genenta Science","GNTA","33043012","0.6853","Italy"
"10603","Mauna Kea Technologies","ALMKT.PA","32942570","0.165851","France"
"10604","Lilium","LILM","32897334","0.052","Germany"
"10605","genOway","ALGEN.PA","32842866","2.66181","France"
"10606","InspireMD","NSPR","32787272","0.7","Israel"
"10607","Ourgame International","6899.HK","32563469","0.0302129","China"
"10608","Rave Restaurant Group","RAVE","32544488","2.29","United States"
"10609","Raydan Food","6012.SR","32459873","4.43829","Saudi Arabia"
"10610","Elbstein AG","EBS.HM","32419519","1.08065","Germany"
"10611","Plutus Financial Group","PLUT","32388498","2.11","United States"
"10612","VirTra","VTSI","32374124","2.86","United States"
"10613","Shankara Building","SHANKARA.NS","32169072","1.3266","India"
"10614","LiveOne","LVO","32085586","2.34","United States"
"10615","GenSight Biologics","SIGHT.PA","32006428","0.136503","France"
"10616","BeyondSpring","BYSI","31958324","0.7772","United States"
"10617","Context Therapeutics","CNTX","31762630","0.3457","United States"
"10618","Amoéba S.A.","ALMIB.PA","31720522","0.407803","France"
"10619","Salem Media Group","SALM","31670764","1","United States"
"10620","111, Inc.","YI","31669070","3.6","China"
"10621","Aeria","3758.T","31605711","1.56687","Japan"
"10622","Barka Desalination Company","BRDE.OM","31590132","0.41829","Oman"
"10623","The National Detergent Company SAOG","NDTI.OM","31436737","1.57184","Oman"
"10624","Oman Chlorine","OCHL.OM","31397750","0.439075","Oman"
"10625","Workhorse Group","WKHS","31365038","2.87","United States"
"10626","Enviva","EVA","31273630","0.4198","United States"
"10627","Tose Software","4728.T","31186516","4.11462","Japan"
"10628","MariMed","MRMD","31088020","0.077","United States"
"10629","SW Umwelttechnik Stoiser &amp; Wolschner AG","SWUT.VI","31051713","42.771","Austria"
"10630","Century Casinos","CNTY","30951462","1.1","United States"
"10631","INTERSHOP Communications","ISHA.DE","30944442","1.63235","Germany"
"10632","Verimatrix","VMX.PA","30772457","0.352633","France"
"10633","Sangamo Therapeutics","SGMO","30657374","0.074","United States"
"10634","LeonaBio","LONA","30620404","3.25","United States"
"10635","Sphere 3D","ANY","30544110","2.89","Canada"
"10636","Dhofar Tourism","DTCS.OM","30424318","2.14861","Oman"
"10637","Halloren Schokoladenfabrik","H2RB.HM","30247866","5.11887","Germany"
"10638","Barinthus Biotherapeutics","BRNS","30232266","0.7401","United Kingdom"
"10639","Genius Group","GNS","30193342","0.1573","Singapore"
"10640","Steel &amp; Tube Holdings","STU.NZ","30137685","0.16412","New Zealand"
"10641","Innovatec","INC.MI","30116161","0.312251","Italy"
"10642","Postmedia Network Canada","PNC-A.TO","30080927","0.303715","Canada"
"10643","HiPay Group","ALHYP.PA","29946479","4.76624","France"
"10644","aTyr Pharma","ATYR","29916666","0.305","United States"
"10645","Hoftex Group AG","NBH.MU","29853185","5.48288","Germany"
"10646","Borealis Foods","BRLS","29833998","1.39","Canada"
"10647","MoneyHero","MNY","29680908","0.6733","Singapore"
"10648","BioLargo","BLGO","29585824","0.09","United States"
"10649","Gulf General Cooperative Insurance Company","8260.SR","29570823","0.985694","Saudi Arabia"
"10650","Softing AG","SYT.DE","29559728","2.70731","Germany"
"10651","Cel-Sci","CVM","29373610","1.67","United States"
"10652","Appirits","4174.T","29347179","7.21014","Japan"
"10653","Scienjoy Holding Corporation","SJ","29299310","0.69","China"
"10654","IGC Pharma","IGC","29195646","0.2824","United States"
"10655","CAVE Interactive","3760.T","29164207","4.72608","Japan"
"10656","Delignit AG","DLX.DE","29127445","2.84382","Germany"
"10657","FingerTango","6860.HK","29097765","0.0151702","China"
"10658","Jaguar Uranium","JAGU","29079038","1.44","Canada"
"10659","STS Group","SF3.DE","29054714","4.50461","Germany"
"10660","Auga Group AB","AUG1L.VS","28989382","0.12399","Lithuania"
"10661","Greenland Technologies","GTEC","28933202","1.09","United States"
"10662","Growens S.p.A.","GROW.MI","28910367","2.0703","Italy"
"10663","Quest Resource Holding","QRHC","28897212","1.37","United States"
"10664","Pulsar Group","PULS.L","28756370","0.212078","United Kingdom"
"10665","Ascent Solar Technologies","ASTI","28663980","2.92","United States"
"10666","Warimpex Finanz- und Beteiligungs AG","WXF.VI","28485048","0.54715","Austria"
"10667","Tubos Reunidos","TRG.MC","28433206","0.163576","Spain"
"10668","Findi Limited","FND.AX","28406295","0.284151","Australia"
"10669","Katapult Holdings","KPLT","28342708","5.7","United States"
"10670","Beasley Broadcast Group","BBGI","28328562","15.29","United States"
"10671","Latch","LTCH","28327212","0.171","United States"
"10672","Old Market Capital Corporation","OMCC","28292780","4.15","United States"
"10673","Zoomd Technologies","ZOMD.V","28221119","0.278994","Canada"
"10674","Al Jazeira Services Co. SAOG","AJSS.OM","28161280","0.657314","Oman"
"10675","Kyntra Bio","KYNB","28100920","6.94","United States"
"10676","Farmer Brothers","FARM","28089448","1.28","United States"
"10677","Ikegami Tsushinki","6771.T","28004306","4.17832","Japan"
"10678","Destination XL","DXLG","27682412","0.4992","United States"
"10679","Optimi Health Corp.","OPTH","27598680","4.82","Canada"
"10680","SBF AG","CY1K.DE","27492899","2.83244","Germany"
"10681","Allbirds","BIRD","27397326","2.32","United States"
"10682","NOMADAR","NOMA","27386632","1.54","United States"
"10683","Lument Finance Trust","LFT","27280748","5.19","United States"
"10684","ecotel communication","E4C.DE","27204090","7.67831","Germany"
"10685","Wedia SA","ALWED.PA","27123623","31.7526","France"
"10686","Graines Voltz","GRVO.PA","27109848","18.3142","France"
"10687","Beam Global","BEEM","26933648","1.19","United States"
"10688","Crown Crafts","CRWS","26900718","2.5","United States"
"10689","Edia","3935.T","26886061","4.74519","Japan"
"10690","Perpetuals.com","PDC","26614372","3.28","Japan"
"10691","Zoom Telephonics","MINM","26534076","3.61","United States"
"10692","United Gulf Investment Corporation","UGIC.BH","26532238","0.326347","Bahrain"
"10693","National Gas Company SAOG","NGCI.OM","26500389","0.311769","Oman"
"10694","Artmarket.com","PRC.PA","26481972","3.98134","France"
"10695","Methaq Takaful Insurance Compnay","METHAQ.AE","26348039","0.18","United Arab Emirates"
"10696","CROOZ","2138.T","26143475","2.73247","Japan"
"10697","AB INVL Baltic Farmland","INL1L.VS","26074871","8.07644","Lithuania"
"10698","Hoth Therapeutics","HOTH","26013596","1.36","United States"
"10699","Sporting Clube de Braga","SCB.LS","25935615","21.613","Portugal"
"10700","Duxton Farms","DBF.AX","25931178","0.242054","Australia"
"10701","GEE Group","JOB","25841586","0.2352","United States"
"10702","LakeShore Biopharma","LSB","25840356","0.627","China"
"10703","Conduril - Engenharia","CDU.LS","25798985","14.3328","Portugal"
"10704","Spencer's Retail","SPENCERS.NS","25737247","0.285551","India"
"10705","Accuray","ARAY","25691394","0.2151","United States"
"10706","Reliance Communications","RCOM.NS","25631262","0.0092718","India"
"10707","Local Bounti","LOCL","25485854","1.09","United States"
"10708","Nebelhornbahn-Aktiengesellschaft","NHB0.MU","25375952","18.7692","Germany"
"10709","Pineapple Financial","PAPL","25271196","1","Canada"
"10710","illumin","ILLM.TO","25206383","0.480294","Canada"
"10711","BeLive Holdings","BLIV","25152018","2.315","Singapore"
"10712","bet-at-home.com","ACX.DE","25146968","3.58321","Germany"
"10713","Hydrogen-Refueling-Solutions","ALHRS.PA","25076323","1.26038","France"
"10714","Aytu BioScience","AYTU","24776094","2.28","United States"
"10715","Zenvia","ZENV","24648802","0.4689","Brazil"
"10716","Schlatter Industries AG","STRN.SW","24579092","22.2495","Switzerland"
"10717","System1","SST","24559160","2.82","United States"
"10718","Baird Medical Investment Holdings","BDMD","24529816","0.7665","China"
"10719","PermRock Royalty Trust","PRT","24453122","2.01","United States"
"10720","IT Link SA","ALITL.PA","24330469","14.3328","France"
"10721","Al Sharqiya Investment Holdings Company","SIHC.OM","24318004","0.2702","Oman"
"10722","SPI Energy","SPI","24207974","0.766","United States"
"10723","Live Ventures","LIVE","24112500","7.85","United States"
"10724","Orion Digital Corp.","ORIO","24062302","1.02","Canada"
"10725","Bahrain Flour Mills Company","BFM.BH","24048457","0.132661","Bahrain"
"10726","eHealth","EHTH","23983512","0.7556","United States"
"10727","Bioceres Crop Solutions","BIOX","23886288","0.3743","Argentina"
"10728","TherapeuticsMD","TXMD","23727442","2.05","United States"
"10729","COSOL Limited","COS.AX","23621643","0.129797","Australia"
"10730","MAG Interactive","MAGI.ST","23550889","0.88734","Sweden"
"10731","Primech Holdings","PMEC","23531018","0.6125","Singapore"
"10732","YanGuFang International Group","YGF","23462400","0.7332","China"
"10733","q.beyond","QBY.DE","23433715","0.940513","Germany"
"10734","Muehlhan AG","M4N.HM","23404738","1.68354","Germany"
"10735","Proximar Seafood","PROXI.OL","23176139","0.0442823","Norway"
"10736","Murano Global Investments","MRNO","23126434","0.2901","United Kingdom"
"10737","Söktas Tekstil","SKTAS.IS","23071301","0.0461426","Turkey"
"10738","TScan Therapeutics","TCRX","23044948","0.34","United States"
"10739","Dye &amp; Durham","DND.TO","22776898","0.339031","Canada"
"10740","U10 Corp","ALU10.PA","22724809","1.33091","France"
"10741","HeartSciences Inc.","HSCS","22704814","4.73","United States"
"10742","Zee Learn","ZEELEARN.NS","22704587","0.069278","India"
"10743","Milkfood Limited","MLKFOOD.BO","22556315","0.881238","India"
"10744","Cocrystal Pharma","COCP","22537944","1.17","United States"
"10745","Hunyvers","ALHUN.PA","22393540","5.80139","France"
"10746","Snail Inc","SNAL","22389528","2.5","China"
"10747","DAVIDsTEA","DTEAF","22366432","0.73","Canada"
"10748","Loop Industries","LOOP","22303352","0.461","Canada"
"10749","Performance Shipping","PSHG","22004920","1.77","Greece"
"10750","Maternus-Kliniken","MAK.DE","21945626","1.04652","Germany"
"10751","Radio City","RADIOCITY.NS","21924695","0.0624023","India"
"10752","Wolftank-Adisa Holding","WOLF.VI","21749045","4.11785","Austria"
"10753","Nectar Lifesciences","NECLIFE.NS","21694736","0.111678","India"
"10754","180 Life Sciences","ATNF","21620372","3.58","United States"
"10755","TENDA","4198.T","21602738","3.25476","Japan"
"10756","Knightscope","KSCP","21487980","0.9098","United States"
"10757","Mercer International","MERC","21452472","0.3201","Canada"
"10758","Techstep ASA","TECH.OL","21196993","0.607962","Norway"
"10759","DF Deutsche Forfait AG","DFTK.DE","21162454","1.78023","Germany"
"10760","Witbe S.A.","ALWIT.PA","21124590","5.14162","France"
"10761","pferdewetten.de AG","EMH.F","21107951","2.27505","Germany"
"10762","Fun Yours Technology","6482.TWO","21024959","0.734254","Taiwan"
"10763","Retractable Technologies","RVP","20950026","0.6998","United States"
"10764","Arco Vara AS","ARC1T.TL","20942406","1.20578","Estonia"
"10765","Pyramid AG","M3B.DE","20868640","0.904662","Germany"
"10766","Femasys","FEMY","20770068","2.48","United States"
"10767","PopReach","INIK.V","20734841","0.0353157","Canada"
"10768","SIMPPLE","SPPL","20453126","2.09","Singapore"
"10769","Hepsor AS","HPR1T.TL","20428251","5.22125","Estonia"
"10770","Yuke's","4334.T","20375906","2.42037","Japan"
"10771","HeartBeam","BEAT","20274432","0.3598","United States"
"10772","Jasper Therapeutics","JSPR","20267534","0.6091","United States"
"10773","Bahrain Family Leisure Company","FAMILY.BH","20215039","0.968427","Bahrain"
"10774","SM Wirtschaftsberatungs AG","SMWN.DE","20187976","5.18712","Germany"
"10775","Almaden Minerals","AAU","20102876","0.1465","Canada"
"10776","Passat SA","PSAT.PA","19993730","5.08455","France"
"10777","Prodways Group","ALPWG.PA","19973789","0.61654","France"
"10778","iomart Group","IOM.L","19949114","0.175627","United Kingdom"
"10779","Nordecon AS","NCN1T.TL","19802420","0.64384","Estonia"
"10780","Neuphoria Therapeutics","NEUP","19751370","3.65","United States"
"10781","Motorsport Gaming","MSGM","19640074","4.28","United States"
"10782","A.S. Création Tapeten","ACWN.DE","19596398","7.10954","Germany"
"10783","SPAR Group","SGRP","19595006","0.69","United States"
"10784","Beamr Imaging","BMR","19567618","1.26","Israel"
"10785","Bionano Genomics","BNGO","19549820","1.66","United States"
"10786","Avant Technologies Inc.","AVAI","19547404","0.127","United States"
"10787","Urban One","UONE","19521298","4.23","United States"
"10788","Cardlytics","CDLX","19432762","3.3","United States"
"10789","BoomBit","BBT.WA","19361525","1.403","Poland"
"10790","Real Good Food plc","RGF","19309624","1.25","United Kingdom"
"10791","Omani Packaging Company","OPCI.OM","19213759","0.592362","Oman"
"10792","Biosynex","ALBIO.PA","19163653","1.0397","France"
"10793","Atossa Therapeutics","ATOS","18960666","1.9","United States"
"10794","Evolva Holding SA","EVE.SW","18734010","2.59778","Switzerland"
"10795","Teac Corporation","6803.T","18528183","0.643308","Japan"
"10796","Arizona Metals","AMC.TO","18486929","0.1342","Canada"
"10797","Exyn Technologies","EXYN","18373640","2.31","United States"
"10798","Nymox Pharmaceutical","NYMX","18253022","0.2","Bahamas"
"10799","J-Long Group","JL","18244250","4.85","Hong Kong"
"10800","NJ Holdings","9421.T","18238075","3.44584","Japan"
"10801","Oman &amp; Emirates Investment Holding Co.","OEIHC.AE","18222515","0.14","Oman"
"10802","UBAR Hotels & Resorts SAOG","UBAR.OM","18010405","0.327358","Oman"
"10803","Palatin Technologies","PTN","17961782","10.095","United States"
"10804","Perrot Duval","PEDU.SW","17792514","132.294","Switzerland"
"10805","Starbreeze","STAR-B.ST","17610219","0.0108408","Sweden"
"10806","Biofrontera","BFRI","17525782","1.18","United States"
"10807","VIA optronics AG","VIAO","17465854","0.2231","Germany"
"10808","Ultimate Games","ULG.WA","17393021","3.32563","Poland"
"10809","Energy Focus","EFOI","17324284","2.72","United States"
"10810","Lipocine","LPCN","17312930","2.1","United States"
"10811","Pensonic Holdings Berhad","9997.KL","17277905","0.116336","Malaysia"
"10812","AltPlus","3672.T","17167917","0.191082","Japan"
"10813","T Stamp Inc. (TrustStamp)","IDAI","17142882","3.0399","United States"
"10814","Masonglory","MSGY","17105374","8.07","Hong Kong"
"10815","YOC AG","YOC.DE","17004732","4.89137","Germany"
"10816","ParaZero Technologies","PRZO","16957980","0.5815","Israel"
"10817","Burgundy Diamond Mines","BDM.AX","16957087","0.0119273","Australia"
"10818","Know Labs","KNW","16795408","2.24","United States"
"10819","Camber Energy","CEI","16771320","0.0954","United States"
"10820","Ashford Hospitality Trust","AHT","16671910","2.49","United States"
"10821","Inspira Technologies","IINN","16560119","0.38","Israel"
"10822","Netel Holding","NETEL.ST","16312878","0.336266","Sweden"
"10823","Games Operators","GOP.WA","16288176","2.96189","Poland"
"10824","Offerpad","OPAD","16238036","3.36","United States"
"10825","Forever Entertainment","8FE.SG","16187156","0.584689","Poland"
"10826","Imugene","IMU.AX","16030344","0.0287659","Australia"
"10827","Citius Pharmaceuticals","CTXR","15884057","0.5786","United States"
"10828","GigaMedia","GIGM","15806906","1.4302","Taiwan"
"10829","Atlas Critical Minerals","ATCX","15758341","3.1","Brazil"
"10830","Psychemedics","PMD","15738209","2.67","United States"
"10831","Cyclerion Therapeutics","CYCN","15729330","23.52","United States"
"10832","SUNation Energy Inc.","SUNE","15631460","2.4","United States"
"10833","Lantern Pharma","LTRN","15596658","1.22","United States"
"10834","Modern Dairies Limited","MODAIRY.BO","15542602","0.486926","India"
"10835","SODITECH","ALSEC.PA","15528847","6.82516","France"
"10836","Mobcast","3664.T","15525501","0.152865","Japan"
"10837","FORIS AG","FRS.DE","15487399","3.38983","Germany"
"10838","Passage Bio","PASG","15445489","4.8","United States"
"10839","Trigon Metals","TM.V","15430727","0.28169","Canada"
"10840","Neonode","NEON","15373159","0.916","Sweden"
"10841","National Biscuit Industries","NBII.OM","15331255","15.3313","Oman"
"10842","Mobix Labs","MOBX","15257442","0.8499","United States"
"10843","Dare Bioscience","DARE","15253375","0.7755","United States"
"10844","Smith Micro Software","SMSI","15148575","2.71","United States"
"10845","Barfresh Food Group","BRFH","15075274","0.9244","United States"
"10846","SeaStar Medical","ICU","15071397","3.42","United States"
"10847","Lead Real Estate","LRE","15006091","1.1","Japan"
"10848","Office Properties Income Trust","OPI","14795239","0.2","United States"
"10849","FGI Industries","FGI","14793536","7.66","United States"
"10850","Semilux International","SELX","14740593","0.34","Taiwan"
"10851","Austin Gold","AUST","14726823","1.0755","United States"
"10852","Mynet","3928.T","14588484","1.52865","Japan"
"10853","Adaptimmune Therapeutics","ADAP","14551333","0.0549","United Kingdom"
"10854","WiMi Hologram Cloud","WIMI","14524193","0.79","China"
"10855","The Cannabist Company","CBSTF","14475953","0.0291","United States"
"10856","Geratherm Medical","GME.DE","14467151","2.67319","Germany"
"10857","NextNRG","NXXT","14465300","0.8509","United States"
"10858","iCandy Interactive","ICI.AX","14449613","0.0112852","Australia"
"10859","Astrotech","ASTC","14374753","7.155","United States"
"10860","The Glimpse Group","VRAR","14332026","0.68","United States"
"10861","Le Slip Français","ALLSF.PA","14315763","13.3773","France"
"10862","Muscat Insurance","MCTI.OM","14293317","1.29644","Oman"
"10863","HOOKIPA Pharma","HOOK","14232977","1.15","United States"
"10864","Dolphin Entertainment","DLPN","14141707","1.085","United States"
"10865","Regentis Biomaterials","RGNT","13907364","1.98","Israel"
"10866","All in! Games","ALG.WA","13753515","0.18187","Poland"
"10867","Synlogic","SYBX","13718824","1.12","United States"
"10868","Tempest Therapeutics","TPST","13711467","0.829","United States"
"10869","Dragonfly Energy","DFLI","13683137","0.9135","United States"
"10870","uCloudlink Group","UCL","13675117","0.359","Hong Kong"
"10871","EMB Mission Bound AB (publ)","EMB.ST","13654937","0.045973","Sweden"
"10872","WeTrade Group","WETG","13256907","5.05","China"
"10873","AEON Biopharma","AEON","13149104","0.2636","United States"
"10874","WonderPlanet","4199.T","13137437","5.15283","Japan"
"10875","Alarum Technologies","ALAR","13080910","1.78","Israel"
"10876","Halo Minerals PLC","HALO.L","13027671","0.117637","United Kingdom"
"10877","Thunderful Group","THUNDR.ST","12968314","0.0317955","Sweden"
"10878","Quoin Pharmaceuticals","QNRX","12914127","6.43","United States"
"10879","Future Retail","FRETAIL.NS","12880589","0.0237525","India"
"10880","Forgame","0484.HK","12876825","0.0764884","China"
"10881","Maxeon Solar Technologies","MAXN","12857045","0.7593","Singapore"
"10882","Srei Infrastructure Finance","SREINFRA.NS","12675992","0.03","India"
"10883","Air Industries Group","AIRI","12611710","2.6","United States"
"10884","BioLineRx","BLRX","12607376","2.6","Israel"
"10885","Zwahlen &amp; Mayr SA","ZWM.SW","12605746","179.569","Switzerland"
"10886","SINTX Technologies","SINT","12529324","1.88","United States"
"10887","Turbo Energy","TURB","12497825","1.04","Spain"
"10888","Financial Services Company SAOG","FSCI.OM","12418810","0.620941","Oman"
"10889","Intensity Therapeutics","INTS","12406540","3.8","United States"
"10890","Adial Pharmaceuticals","ADIL","12380230","4.22","United States"
"10891","Asmallworld AG","ASWN.SW","12348624","0.853899","Switzerland"
"10892","Bullfrog AI","BFRG","12341324","0.6656","United States"
"10893","Construction Materials Industries","CMII.OM","12178488","0.194856","Oman"
"10894","KPS AG","KSC.DE","12171377","0.295757","Germany"
"10895","VistaGen Therapeutics","VTGN","12114897","0.273","United States"
"10896","Bertelsmann SE & Co. KGaA","BTG.F","11990120","143.149","Germany"
"10897","Aterian","ATER","11930028","0.664","United States"
"10898","Clean Energy Technologies","CETY","11922784","0.98","United States"
"10899","Nordic Mining ASA","NOM.OL","11906345","0.0951912","Norway"
"10900","Urgent.ly Inc.","ULY","11787284","5.38","United States"
"10901","Phio Pharmaceuticals","PHIO","11733423","1.01","United States"
"10902","Jump Networks","JUMPNET.NS","11669324","0.12","India"
"10903","Gaming Corps","GCOR.ST","11591689","0.0797","Sweden"
"10904","Maris Tech","MTEK","11562434","1.095","Israel"
"10905","FingerMotion","FNGR","11531031","0.1514","United States"
"10906","Scienture Holdings","SCNX","11391193","0.2774","United States"
"10907","Cambium Networks","CMBM","11325767","0.401","United States"
"10908","CytoMed Therapeutics","GDTC","11300357","0.955","Singapore"
"10909","DDC Enterprise","DDC","11231833","0.1976","Hong Kong"
"10910","Muscat Thread Mill","MTMI.OM","11201946","0.605352","Oman"
"10911","AS Amber Latvijas balzams","BAL1R.RG","11171583","1.49016","Latvia"
"10912","Mixed Martial Arts Group Limited (MMA)","MMA","11112494","0.4196","Australia"
"10913","Sláturfélags Suðurlands","SFS-B.IC","11016720","0.020649","Iceland"
"10914","Natuzzi","NTZ","11014609","1","Italy"
"10915","SolarMax Technology","SMXT","11001938","2.32","United States"
"10916","CISO Global","CISO","10976236","0.2411","United States"
"10917","Digital Hollywood Interactive","2022.HK","10913234","0.00586411","China"
"10918","Netmarble Joybomb","6468.TWO","10795915","0.94","Taiwan"
"10919","Purple Innovation","PRPL","10769469","2.47","United States"
"10920","CBL International","BANL","10768119","5.1","Malaysia"
"10921","BrainStorm Cell Therapeutics","BCLI","10703732","0.97","United States"
"10922","Reborn Coffee","REBN","10688951","1.24","United States"
"10923","Netcapital","NCPL","10673143","1.36","United States"
"10924","Biomerica","BMRA","10646405","2.32","United States"
"10925","Game Your Game","GYGY","10644323","0.7396","United States"
"10926","Cyngn","CYN","10588779","0.6899","United States"
"10927","Phoenix Motor","PEV","10575262","0.23","United States"
"10928","Mainz Biomed","MYNZ","10564195","0.8441","Germany"
"10929","Arrive AI","ARAI","10437493","0.2012","United States"
"10930","Guardforce AI","GFAI","10366079","0.3302","Singapore"
"10931","Scandinavian Enviro Systems","SES.ST","10358076","0.00926487","Sweden"
"10932","Renegade Gold","RAGE.V","10330039","0.257805","Canada"
"10933","Senti Biosciences","SNTI","10256177","0.3293","United States"
"10934","Azitra","AZTR","10169308","0.1678","United States"
"10935","Muscat Gas Company","MGMC.OM","10132502","0.33775","Oman"
"10936","Carver Bancorp","CARV","10028548","1.72","United States"
"10937","Flux Power","FLUX","10004334","0.4627","United States"
"10938","Ryvyl Inc.","RVYL","9994965","7.81","United States"
"10939","Upland Software","UPLD","9965733","3.37","United States"
"10940","DataMEDS AI","MEDS","9944638","3.11","United States"
"10941","Sohar Power Company SAOG","SHPS.OM","9872694","0.493635","Oman"
"10942","AppTech Payments","APCX","9870925","0.235","United States"
"10943","Voltage","3639.T","9745843","1.49681","Japan"
"10944","FibroBiologics","FBLG","9669814","1.39","United States"
"10945","Aprea Therapeutics","APRE","9579336","0.7608","United States"
"10946","Superior Industries International","SUP","9576233","0.3249","United States"
"10947","CR Energy","CRZK.DE","9467084","0.402685","Germany"
"10948","Inuvo","INUV","9461287","0.574","United States"
"10949","Dhofar Beverages and Foodstuff Company","DBCI.OM","9457002","0.47285","Oman"
"10950","enish","3667.T","9359116","0.171973","Japan"
"10951","Linekong Interactive","8267.HK","9326432","0.0252412","China"
"10952","Perfect Moment","PMNT","9310442","0.175","United Kingdom"
"10953","Infinities Tech (Jiu Zun Digital)","1961.HK","9267307","0.0126206","China"
"10954","KALA BIO","KALA","9198002","0.4756","United States"
"10955","Trio Petroleum","TPET","9103881","1.71","United States"
"10956","Yunji","YJ","8964483","1.82","China"
"10957","Longeveron","LGVN","8958836","2.81","United States"
"10958","Al Madina Investment Holding Co. SAOG","AMII.OM","8958171","0.207846","Oman"
"10959","GoHealth","GOCO","8937260","0.305","United States"
"10960","Cielo Waste Solutions","CMC.V","8933744","0.0423789","Canada"
"10961","InterServ International","6169.TWO","8901592","0.380491","Taiwan"
"10962","Vivid Games","VVD.WA","8859405","0.159526","Poland"
"10963","Wellgistics Health","WGRX","8847256","3.52","United States"
"10964","America's Car-Mart","CRMT","8838786","1.06","United States"
"10965","Global Mofy AI","GMM","8754069","1.965","China"
"10966","Lunai Bioworks","LNAI","8750407","1.93","United States"
"10967","Vislink Technologies","VISL","8678201","3.5","United States"
"10968","La Rosa Holdings","LRHC","8626368","2.6","United States"
"10969","Northann Corp","NCL","8543560","0.159","United States"
"10970","Global Interactive Technologies","GITS","8521793","2.0275","South Korea"
"10971","ESS Tech","GWH","8457572","0.21","United States"
"10972","SeaChange International","SEAC","8398952","3.25","United States"
"10973","Soligenix","SNGX","8364474","0.3843","United States"
"10974","Trinseo","TSE","8278525","0.23","United States"
"10975","Rail Vision","RVSN","8235597","3.61","Israel"
"10976","KAP AG","IUR.F","8199633","1.05563","Germany"
"10977","Innovative Eyewear","LUCY","8177875","0.9499","United States"
"10978","Alligator Bioscience AB","ATORX.ST","8166020","0.00228861","Sweden"
"10979","reAlpha Tech","AIRE","8045598","1.34","United States"
"10980","Rocky Mountain Chocolate Factory","RMCF","8023649","0.85","United States"
"10981","Ensysce Biosciences","ENSC","8022036","0.4123","United States"
"10982","Imunon","IMNN","7912078","1.41","United States"
"10983","Polar Resources AS","POLAR.OL","7885622","0.553266","Norway"
"10984","U Power","UCAR","7880720","4.44","China"
"10985","Hepion Pharmaceuticals","HEPA","7849080","0.087","United States"
"10986","Gaxos.ai","GXAI","7831928","0.5695","United States"
"10987","authID","AUID","7756565","0.4639","United States"
"10988","SurgePays","SURG","7745793","0.1464","United States"
"10989","Natural Health Trends","NHTC","7726926","0.9008","United States"
"10990","Reed's, Inc.","REED","7718963","0.651","United States"
"10991","HomeBiogas","HMGS.TA","7671218","0.270719","Israel"
"10992","Solo Brands","SBDS","7639829","2.975","United States"
"10993","Nacon","NACON.PA","7634525","0.0688204","France"
"10994","Co-Diagnostics","CODX","7609638","1.09","United States"
"10995","AlphaTON Capital Corp","ATON","7499068","0.32","British Virgin Islands"
"10996","Groupe Airwell","ALAIR.PA","7468116","1.18303","France"
"10997","Oncodesign Precision Medicine","ALOPM.PA","7461244","0.391309","France"
"10998","AIM ImmunoTech","AIM","7447900","0.1901","United States"
"10999","AMASS Brands Inc.","AMSS","7427251","0.64","United States"
"11000","Signing Day Sports","SGN","7408163","0.5401","United States"
"11001","Skye Bioscience","SKYE","7394218","1.67","United States"
"11002","AS Latvijas Juras medicinas centrs","LJM1R.RG","7335998","9.17","Latvia"
"11003","Novaturas AB","NTU1L.VS","7265187","0.937322","Lithuania"
"11004","VolitionRx","VNRX","7226961","0.259","United States"
"11005","Sonendo","SONX","7147467","1.5","United States"
"11006","Groupe OKwind","ALOKW.PA","7142179","0.259356","France"
"11007","Mangoceuticals","MGRX","7136790","0.466","United States"
"11008","DSS, Inc. (Document Security Systems)","DSS","7106085","0.7076","United States"
"11009","HydrogenPro ASA","HYPRO.OL","7082838","0.0513296","Norway"
"11010","Astro Corporation","3064.TWO","7037445","0.540863","Taiwan"
"11011","Aurora Energy Metals","1AE.AX","7035410","0.03929","Australia"
"11012","Maisons du Monde","MDM.PA","7006286","0.18163","France"
"11013","CCSC Technology International Holdings","CCTG","6993795","0.515","Hong Kong"
"11014","SOS Limited","SOS","6946708","0.3589","China"
"11015","Super League Enterprise","SLE","6831334","4.03","United States"
"11016","AHT Syngas Technology","3SQ1.DE","6713155","2.52531","Germany"
"11017","Versus Systems","VS","6647531","1.07","Canada"
"11018","CaliberCos","CWD","6482100","0.6242","United States"
"11019","Al Khazna Insurance","AKIC.AE","6481481","0.06","United Arab Emirates"
"11020","Eduform'action","ALEFA.PA","6464642","0.329883","France"
"11021","Gaming Factory","GIF.WA","6442624","1.06004","Poland"
"11022","TPI Composites","TPIC","6193621","0.1271","United States"
"11023","Sonoma Pharmaceuticals","SNOA","6081299","1.27","United States"
"11024","Bakhu Holdings","BKUH","6026059","0.02","United States"
"11025","enVVeno Medical Corporation","NVNO","6024141","8.67","United States"
"11026","Orangekloud Technology","ORKT","5898167","1.01","Singapore"
"11027","Pulmatrix","PULM","5880179","1.61","United States"
"11028","Gelteq Limited","GELS","5848238","0.546","Australia"
"11029","GreenPower Motor Company","GP","5840478","0.5909","Canada"
"11030","Sonim Technologies","SONM","5827340","3.915","United States"
"11031","Locafy","LCFY","5791627","2.58","Australia"
"11032","Magic Empire Global (Giraffe Capital)","MEGL","5671736","1.12","Hong Kong"
"11033","American Uranium Limited","AMU.AX","5666620","0.0434996","Australia"
"11034","Polar Power","POLA","5645207","1.31","United States"
"11035","Don't Nod Entertainment","ALDNE.PA","5617488","0.433398","France"
"11036","Xenetic Biosciences","XBIO","5600203","2.39","United States"
"11037","Superior Resources","SPQ.AX","5558137","0.00210482","Australia"
"11038","Trinity Biotech","TRIB","5496772","6.76","Ireland"
"11039","SaverOne 2014","SVRE","5374645","2.15","Israel"
"11040","NuCana","NCNA","5327323","1.28","United Kingdom"
"11041","Phaos Technology Holdings","POAS","5304096","0.168","Singapore"
"11042","cbdMD","YCBD","5243961","0.468","United States"
"11043","Origin Materials","ORGN","5228483","0.9501","United States"
"11044","Nordic Fibreboard AS","SKN1T.TL","5220672","0.614265","Estonia"
"11045","Omani Euro Food Industries","OEFI.OM","5196155","2.59808","Oman"
"11046","zSpace","ZSPC","5189506","0.14","United States"
"11047","Top Ships","TOPS","5177933","0.6801","Greece"
"11048","Talis Biomedical","TLIS","5176808","2.84","United States"
"11049","East Side Games","EAGR.TO","5134212","0.049442","Canada"
"11050","hGears AG","HGEA.DE","5110681","0.491412","Germany"
"11051","Farmmi","FAMI","4986735","0.1332","China"
"11052","Galmed Pharmaceuticals","GLMD","4945923","4.63","Israel"
"11053","DigiAsia Corp","FAAS","4897831","0.0807","Indonesia"
"11054","AquaBounty Technologies","AQB","4889843","0.95","United States"
"11055","OLB Group","OLB","4885731","0.2034","United States"
"11056","Vertex Energy","VTNR","4872095","0.0521","United States"
"11057","Brüder Mannesmann AG","BMM.F","4862928","1.08065","Germany"
"11058","EZGO Technologies","EZGO","4828368","0.91","China"
"11059","Nitro Games","NITRO.ST","4816067","0.193227","Finland"
"11060","bioAffinity Technologies","BIAF","4763836","7.93","United States"
"11061","Reitar Logtech Holdings","RITR","4751969","0.0761","Hong Kong"
"11062","Foresight Autonomous Holdings","FRSX","4745483","1.15","Israel"
"11063","Gameone","8282.HK","4723157","0.0828624","Hong Kong"
"11064","Hydrofarm","HYFM","4690165","0.9732","United States"
"11065","Kidpik","PIK","4644903","2.38","United States"
"11066","Can Fite Biopharma","CANF","4632186","2.162","Israel"
"11067","Addex Therapeutics","ADXN","4620330","3.65","Switzerland"
"11068","Qiiwi Games","QIIWI.ST","4595797","0.49687","Sweden"
"11069","Predilife","ALPRE.PA","4594487","1.16597","France"
"11070","ManyDev Studio","MAN.WA","4577308","0.160046","Poland"
"11071","Webuy Global","WBUY","4560826","0.8321","Singapore"
"11072","Fragbite Group","FRAG.ST","4540234","0.562116","Sweden"
"11073","Golden Minerals","AUMN","4534331","0.24","United States"
"11074","Mallinckrodt Pharmaceuticals","MNK","4520986","0.3402","United Kingdom"
"11075","Aethlon Medical","AEMD","4465934","6.28","United States"
"11076","Expion360","XPON","4441870","4.66","United States"
"11077","Bark, Inc.","BARK","4377870","0.5066","United States"
"11078","Big Cheese Studio","BCS.WA","4275845","1.03406","Poland"
"11079","CASI Pharmaceuticals","CASI","4263766","0.2075","United States"
"11080","QVC Group","QVCGA","4255453","0.34","United States"
"11081","Addentax Group","ATXG","4240706","3.6","China"
"11082","Treasure Global","TGL","4163792","2.13","Malaysia"
"11083","Cadrenal Therapeutics","CVKD","4102730","1.15","United States"
"11084","BioNexus Gene Lab","BGLC","4077484","1.39","Malaysia"
"11085","Moolec Science","MLEC","4066188","5.5999","Luxembourg"
"11086","Boxlight","BOXL","4062256","4.81","United States"
"11087","Tivic Health Systems","TIVC","4029097","1.4","United States"
"11088","Eterna Therapeutics","ERNA","4018017","3.445","United States"
"11089","Jaguar Health","JAGX","4004677","7.7","United States"
"11090","Socket Mobile","SCKT","3999907","0.4824","United States"
"11091","Ohmyhome","OMH","3968416","2.35","Singapore"
"11092","Lakewood-Amedex Biotherapeutics","LABT","3957378","1.67","United States"
"11093","PunkPirates","PUN.WA","3942991","0.13","Poland"
"11094","Futura Medical","FUM.L","3929610","0.00265097","United Kingdom"
"11095","Utenos Trikotazas AB","UTR1L.VS","3891571","0.40951","Lithuania"
"11096","Mynaric","M0YN.DE","3874750","0.613256","Germany"
"11097","Lucas GC","LGCL","3867813","2.97","China"
"11098","Sabre Resources","SBR.AX","3849556","0.00420964","Australia"
"11099","VERSES AI","VERS.NE","3844638","0.2684","Canada"
"11100","Veganz Group","VEZ.DE","3827190","1.64941","Germany"
"11101","Cyabra, Inc.","CYAB","3822084","0.2172","United States"
"11102","Gulf International Chemicals","GICI.OM","3819174","0.181865","Oman"
"11103","Titan Medical","TMD.TO","3724444","0.0326591","Canada"
"11104","Avalon GloboCare","ALBT","3707637","0.282","United States"
"11105","PMGC Holdings","ELAB","3699776","4.57","United States"
"11106","AiRWA Inc.","YYAI","3635751","0.7935","United States"
"11107","Cemtrex","CETX","3493916","2.03","United States"
"11108","IO Biotech","IOBT","3453544","0.048","Denmark"
"11109","Unity Biotechnology","UBX","3444161","0.2001","United States"
"11110","PainReform","PRFX","3417614","0.9767","Israel"
"11111","HUB Cyber Security","HUBC","3412059","1.9","Israel"
"11112","Auric Minerals","AUMC.CN","3349590","0.0565052","Canada"
"11113","Eagle Pharmaceuticals","EGRX","3289388","0.25","United States"
"11114","Wolverine Energy and Infrastructure","WEII.V","3274071","0.03","Canada"
"11115","ShiftPixy","PIXY","3265294","6.53","United States"
"11116","Focus Universal","FCUV","3176407","4.52","United States"
"11117","iSpecimen","ISPC","3173423","1.26","United States"
"11118","Forza X1","FRZA","3150960","0.2","United States"
"11119","Cloudastructure","CSAI","3062176","3.53","United States"
"11120","Redhill Biopharma","RDHL","3040460","0.5","Israel"
"11121","KMC Properties","KMCP.OL","3028471","2.49568","Norway"
"11122","Advent Technologies","ADN","3023365","0.9185","United States"
"11123","VivoSim Labs","VIVS","2999536","0.224","United States"
"11124","ATI Physical Therapy","ATIP","2977762","0.675","United States"
"11125","Affimed","AFMD","2975202","0.1815","Germany"
"11126","Wheeler Real Estate Investment Trust","WHLR","2954697","5.2","United States"
"11127","Atlantic Sapphire","ASA.OL","2890756","0.0806257","Norway"
"11128","Nauticus Robotics","KITT","2889156","2.32","United States"
"11129","Sleep Number","SNBR","2881125","0.125","United States"
"11130","Marin Software","MRIN","2863609","0.8981","United States"
"11131","Beyond Air","XAIR","2805559","2.85","United States"
"11132","Inotiv","NOTV","2787563","0.0799","United States"
"11133","Alaunos Therapeutics","TCRT","2769123","1.09","United States"
"11134","VS Media","VSME","2765070","1","Hong Kong"
"11135","Leslie's","LESL","2737528","0.2923","United States"
"11136","AS Trigon Property Development","TPD1T.TL","2712435","0.602889","Estonia"
"11137","Genprex","GNPX","2696842","3.29","United States"
"11138","PREIT (Pennsylvania Real Estate Investment Trust)","PRET","2690436","0.4974","United States"
"11139","Xilio Therapeutics","XLO","2676465","0.5101","United States"
"11140","The Payments Group Holding","PGH.DE","2658401","0.233193","Germany"
"11141","Staffing 360 Solutions","STAF","2654640","1.615","United States"
"11142","Globavend","GVH","2608709","1.08","Australia"
"11143","Vaccinex","VCNX","2596338","0.97","United States"
"11144","BIO-key International","BKYI","2571055","1.79","United States"
"11145","AS Siguldas Ciltslietu Un Maksligas Apseklosanas Stacija","SCM1R.RG","2546846","6.02889","Latvia"
"11146","Cherry SE","C3RY.DE","2468939","0.40641","Germany"
"11147","BioAtla","BCAB","2465828","1.48","United States"
"11148","Nuwellis","NUWE","2463269","0.7758","United States"
"11149","LM Funding America","LMFA","2430118","2.6","United States"
"11150","Edible Garden","EDBL","2419871","1.24","United States"
"11151","AS PRFoods","PRF1T.TL","2383309","0.0632465","Estonia"
"11152","BioXcel Therapeutics","BTAI","2313476","0.0739","United States"
"11153","Fly-E Group","FLYE","2301664","1.41","United States"
"11154","Golden Sun Education Group","GSUN","2296611","0.229","China"
"11155","Videndum Plc","VID.L","2271782","4.38517","United Kingdom"
"11156","MindMaze Therapeutics","V6M.F","2264630","0.176317","Switzerland"
"11157","Agape ATP","ATPC","2241402","2.24","Malaysia"
"11158","REE Automotive","REE","2239673","0.0769","Israel"
"11159","Onfolio Holdings","ONFO","2231968","0.91","United States"
"11160","National Aluminium Products Company SAOG","NAPI.OM","2226929","0.259808","Oman"
"11161","Jet.AI","JTAI","2217884","1.56","United States"
"11162","Sow Good","SOWG","2203871","0.1099","United States"
"11163","Oragenics","OGEN","2200932","0.4878","United States"
"11164","Trinity Place Holdings","TPHS","2179559","0.033","United States"
"11165","Réalités","ALREA.PA","2160276","0.455011","France"
"11166","Clearside Biomedical","CLSD","2145948","0.41","United States"
"11167","Greenlane Holdings, Inc.","GNLN","2132250","3.07","United States"
"11168","CS Diagnostics","CSDX","2124933","0.0085","Germany"
"11169","Blue Hat Interactive Entertainment Technology","BHAT","2091312","0.675","China"
"11170","Erayak Power Solution","RAYA","2025043","1.92","China"
"11171","Curis","CRIS","2012572","0.8299","United States"
"11172","Jeffs' Brands","JFBR","2011480","3.08","Israel"
"11173","BigBen Interactive","BIG.PA","2005421","0.108065","France"
"11174","Incannex Healthcare","IXHL","1994700","0.167","Australia"
"11175","Playgon Games","DEAL.V","1990567","0.00353157","Canada"
"11176","KMD Brands","KMD.NZ","1965548","0.0414161","New Zealand"
"11177","Cutera","CUTR","1956013","0.0969","United States"
"11178","Virax Biolabs","VRAX","1908786","2.395","United Kingdom"
"11179","Airesis SA","AIRE.SW","1849868","0.0298641","Switzerland"
"11180","Cue Biopharma","CUE","1804119","0.5542","United States"
"11181","G Medical Innovations","GMVD","1776616","0.181","Israel"
"11182","Integrated Media Technology Limited","IMTE","1723217","0.5","Australia"
"11183","IM Cannabis","IMCC","1715135","2.84","Israel"
"11184","Sonder Holdings","SOND","1680861","0.1263","United States"
"11185","VIP Gloves","VIP.AX","1676975","0.00213144","Malaysia"
"11186","Akanda","AKAN","1649565","3.05","United Kingdom"
"11187","Traeger","COOK","1642351","0.5983","United States"
"11188","CorEnergy Infrastructure Trust","CORR","1627350","0.0198","United States"
"11189","Mobile-health Network Solutions","MNDR","1624571","1.36","Singapore"
"11190","Iterum Therapeutics","ITRM","1598747","0.03","Ireland"
"11191","Lazydays Holdings","GORV","1573084","0.4211","United States"
"11192","Benson Hill","BHIL","1522391","0.249","United States"
"11193","NEXT Biometrics Group ASA","NEXT.OL","1519141","0.0245078","Norway"
"11194","Vivakor","VIVK","1464915","0.5351","United States"
"11195","iPower","IPW","1456558","1.25","United States"
"11196","Propanc Biopharma","PPCB","1436057","0.6303","Australia"
"11197","Maison Solutions","MSS","1410273","1.62","United States"
"11198","Maximum Entertainment","8R7.F","1406967","0.0275282","Sweden"
"11199","Davis Commodities","DTCK","1368533","1","Singapore"
"11200","Synergy CHC","SNYR","1348439","0.0905","United States"
"11201","MEP Infrastructure","MEP.NS","1280434","0.00697989","India"
"11202","Argo Blockchain","ARBK","1265863","3.79","United Kingdom"
"11203","Direct Digital Holdings","DRCT","1260281","1.57","United States"
"11204","Actelis Networks","ASNS","1240016","0.043","United States"
"11205","Starbox Group","STBX","1135952","2.11","Malaysia"
"11206","Altamira Therapeutics","CYTO","1133556","0.3","Bermuda"
"11207","Allurion Technologies","ALUR","1110462","1.11","United States"
"11208","Cytosorbents","CTSO","1100062","0.3501","United States"
"11209","Jianzhi Education Technology Group","JZ","1093855","0.4542","China"
"11210","Haoxi Health Technology","HAO","1061765","2.9","China"
"11211","Evofem Biosciences","EVFM","1060240","0.008","United States"
"11212","Danimer Scientific","DNMR","1056961","0.35","United States"
"11213","VCI Global","VCIG","1052289","1.7","Malaysia"
"11214","LMP Automotive Holdings","LMPX","1036332","0.095","United States"
"11215","22nd Century Group","XXII","949612","1.33","United States"
"11216","Lucy Scientific Discovery","LSDI","906910","0.5139","Canada"
"11217","Quince Therapeutics","QNCX","900311","0.9206","United States"
"11218","Aker Horizons","AKH.OL","898279","0.0013012","Norway"
"11219","Playground Ventures","PLAY.CN","894638","0.0105947","Canada"
"11220","BNB Plus Corp.","BNBX","867611","0.14","United States"
"11221","Greene Concepts","INKW","860929","0.0135","United States"
"11222","Solid Clouds","SOLID.IC","834396","0.00116366","Iceland"
"11223","Arcadia Biosciences","RKDA","741073","0.3076","United States"
"11224","Vicarious Surgical","RBOT","713135","0.1","United States"
"11225","Kuuhubb","KUU.V","712506","0.01","Canada"
"11226","Alkaline Water Company","WTER","712202","0.02","United States"
"11227","Yellow Corporation","YELLQ","693890","0.0102","United States"
"11228","EUDA Health","EUDA","692066","0.3661","Singapore"
"11229","Tapinator","TAPM","673183","0.247","United States"
"11230","Tevogen Bio","TVGN","627896","0.1551","United States"
"11231","Sunrise New Energy","EPOW","619170","0.2661","China"
"11232","Sozap","SOZAP.ST","602380","0.0270876","Sweden"
"11233","OceanPal","SVRN","600425","0.3501","Greece"
"11234","Lifeward","LFWD","583724","0.3829","Israel"
"11235","Aptorum Group","APM","570062","0.7","Hong Kong"
"11236","T-Bull","TBL.WA","548120","0.461262","Poland"
"11237","Ocean Power Technologies","OPTT","546280","1.82","United States"
"11238","SOBR Safe","SOBR","538721","0.1","United States"
"11239","Baosheng Media Group","BAOS","469706","0.3061","China"
"11240","Kaival Brands Innovations","KAVL","468849","0.024","United States"
"11241","Ayr Wellness","AYRWF","432062","0.0037","United States"
"11242","Ontrak","OTRK","425780","0.0601","United States"
"11243","Global Bioenergies","ALGBE.PA","396471","0.0218702","France"
"11244","Gauzy","GAUZ","395961","0.3445","United States"
"11245","FBR Limited","FBR.AX","389553","0.00279642","Australia"
"11246","Viracta Therapeutics","VIRX","388698","0.00978","United States"
"11247","Impac Mortgage Holdings","IMPM","365688","0.01","United States"
"11248","Lyra Therapeutics","LYRA","354976","0.2","United States"
"11249","VYNE Therapeutics","VYNE","339859","0.509","United States"
"11250","ATARI","ALATA.PA","336738","0.120426","France"
"11251","NantHealth","NHIQ","329655","0.012","United States"
"11252","GAME HOURS","6626.TWO","285836","0.0972769","Taiwan"
"11253","Leafly Holdings","LFLY","232138","37","United States"
"11254","Xiao-I","AIXI","226202","1.72","China"
"11255","Aker Carbon Capture","ACC.OL","212397","0.00035151","Norway"
"11256","Trulite","TRUL","212013","0.0001","United States"
"11257","Ampio Pharmaceuticals","AMPE","207884","0.1831","United States"
"11258","Freight Technologies, Inc.","FRGT","200243","0.35","United States"
"11259","Fintech Scion (FintechCashier)","FINR","198743","0.001","United Kingdom"
"11260","CXApp","CXAI","194174","0.089","United States"
"11261","Meyer Burger Technology","MBTN.SW","192618","0.00608813","Switzerland"
"11262","BloomZ","BLMZ","187531","0.128","United States"
"11263","Ocean Biomedical","OCEA","185892","0.0008","United States"
"11264","Wearable Health Solutions","WHSI","182670","0.0001","United States"
"11265","Faraday Future","FFAI","174605","0.0717","United States"
"11266","Petros Pharmaceuticals","PTPI","169489","0.004","United States"
"11267","Esports Entertainment","GMBL","166167","0.145","Malta"
"11268","Matinas BioPharma","MTNB","156723","0.16","United States"
"11269","ProPhase Labs","PRPH","155925","0.01","United States"
"11270","Hallmark Financial Services","HALL","145478","0.08","United States"
"11271","Cenntro Inc.","CENN","113554","0.0775","United States"
"11272","Solar Integrated Roofing","SIRC","109754","1.0E-5","United States"
"11273","Loop Media","LPTV","103383","0.0007","United States"
"11274","Novo Integrated Sciences","NVOS","76947","0.0039","United States"
"11275","Vincerx Pharma","VINC","68045","0.013","United States"
"11276","PaxMedica","PXMD","63132","0.0005","United States"
"11277","Exela Technologies","XELA","55502","0.002","United States"
"11278","Epiminder","EPI.AX","52809","0.243728","Australia"
"11279","ToughBuilt Industries","TBLT","47699","0.011","United States"
"11280","Cheetah Net Supply Chain Service","CTNT","42001","0.0315","United States"
"11281","Presto Automation","PRST","41851","0.0001","United States"
"11282","Compleo Charging Solutions","C0M.F","37485","0.00739393","Germany"
"11283","Adler Group","ADJ.DE","34993","0.000230787","Luxembourg"
"11284","Carisma Therapeutics","CARM","33476","0.0008","United States"
"11285","Vinco Ventures","BBIG","32500","0.0025","United States"
"11286","Gaming Technologies (Gametech)","GMGT","27420","0.0006","United States"
"11287","Movella","MVLA","20362","0.0004","United States"
"11288","Remark Holdings","MARK","18570","0.0003","United States"
"11289","T2 Biosystems","TTOO","14022","0.0005","United States"
"11290","iEntertainment Network","IENT","13087","0.0001","United States"
"11291","Gamer Pakistan","GPAK","12789","0.0005","United States"
"11292","Vaxxinity","VAXX","12678","0.0001","United States"
"11293","Syros Pharmaceuticals","SYRS","10732","0.0004","United States"
"11294","Trevena","TRVN","9674","0.0112","United States"
"11295","4Front Ventures","FFNTF","9152","1.0E-5","United States"
"11296","Triterras","TRIRF","7652","0.0001","Singapore"
"11297","Adamas One","JEWL","7609","0.0002","United States"
"11298","Mobile Global Esports (Mogo)","MGAM","7545","0.0001","United States"
"11299","Freeze Tag","FRZT","7505","0.0001","United States"
"11300","USD Partners","USDP","6754","0.0002","United States"
"11301","Stryve Foods","SNAX","4792","0.0011","United States"
"11302","Virtual Interactive Technologies","VRVR","2475","0.0003","Bermuda"
"11303","Lipella Pharmaceuticals","LIPO","2310","0.0005","United States"
"11304","Viveve Medical","VIVE","2144","0.0002","United States"
"11305","Calithera Biosciences","CALA","1461","0.0003","United States"
"11306","Hempacco","HPCO","1184","0.0002","United States"
"11307","eFFECTOR Therapeutics","EFTR","940","0.0002","United States"
"11308","Grom Social Enterprises","GROM","902","0.0001","United States"
"11309","Minerva Surgical","UTRS","887","0.0001","United States"
"11310","Lightning eMotors","ZEVY","659","0.0001","United States"
"11311","Telesis Bio","TBIO","177","0.0001","United States"
"11312","Hogy Medical","3593.T","123","41.0184","Japan"
"11313","Star Micronics","7718.T","70","14.0138","Japan"
"11314","Qiwi","QIWI.ME","0","2.56","Cyprus"
"11315","Rosseti","RSTI.ME","0","0","Russia"
"11316","X5 Retail Group","FIVE.ME","0","32.42","Netherlands"
"11317","Pollux Properti Indonesia","POLL.JK","0","0.00690974","Indonesia"
"11318","Tunas Ridean","TURI.JK","0","0.1","Indonesia"
"11319","Agility Global","AGILITY.AE","0","0","United Arab Emirates"
"11320","Amlak Finance","AMLAK.AE","0","0","United Arab Emirates"
"11321","Drake and Scull International","DSI.AE","0","0","United Arab Emirates"
"11322","Dubai Islamic Insurance &amp; Reinsurance","AMAN.AE","0","0","United Arab Emirates"
"11323","Air Arabia","AIRARABIA.AE","0","0","United Arab Emirates"
"11324","Aramex","ARMX.AE","0","0","United Arab Emirates"
"11325","Dubai Taxi Company","DTC.AE","0","0","United Arab Emirates"
"11326","Emirates Central Cooling Systems","EMPOWER.AE","0","0","United Arab Emirates"
"11327","Ajman Bank","AJMANBANK.AE","0","0","United Arab Emirates"
"11328","Al Ansari Financial Services","ALANSARI.AE","0","0","United Arab Emirates"
"11329","Watania International","WATANIA.AE","0","0","United Arab Emirates"
"11330","Carasent ASA","CARA.OL","0","1.57626","Norway"
"11331","Sultan Center Food Products Company","SULTAN.KW","0","0","Kuwait"
"11332","Lassila &amp; Tikanoja Oyj","LAT1V.HE","0","9.3635","Finland"
"11333","Greenthesis S.p.A.","GTH.MI","0","2.48305","Italy"
"11334","Eckoh plc","ECK.L","0","56.8248","United Kingdom"
"11335","Anexo Group Plc","ANX.L","0","80.3296","United Kingdom"
"11336","Yaoko Co.,Ltd.","8279.T","0","65.9184","Japan"
"11337","Bank of Japan","8301.T","0","194.493","Japan"
"11338","Saluda Medical","SLD.AX","0","0","United States"
"11339","Pershing Square USA","PSUS","0","0","United States"
"11340","Giunti Psychometrics","GPSYDD.MI","0","0","Italy"
"11341","Advasa Holdings","ADBT","0","0","Japan"
"11342","ADARx Pharmaceuticals","ADRX","0","0","United States"
